result_id,search_id,airline,loyalty_program,cabin,miles_required,taxes_inr,cash_ticket_price_inr,availability
R0000001,S000002,Etihad Airways,Etihad Guest,Business,146450,11428,373818,Available
R0000002,S000002,Lufthansa,Miles & More,Business,131742,14979,274256,Available
R0000003,S000003,Etihad Airways,Etihad Guest,Business,69225,12553,148463,Available
R0000004,S000004,Singapore Airlines,KrisFlyer,Economy,41867,7412,133836,Available
R0000005,S000004,Qatar Airways,Privilege Club,Economy,49829,15686,172918,Available
R0000006,S000004,Air India,Flying Returns,Economy,55408,13395,185877,Available
R0000007,S000005,Emirates,Skywards,Business,61908,7146,122218,Available
R0000008,S000005,Singapore Airlines,KrisFlyer,Business,144297,15086,402568,Available
R0000009,S000006,Lufthansa,Miles & More,Economy,43270,5716,139294,Available
R0000010,S000006,United Airlines,MileagePlus,Economy,49290,14255,127268,Available
R0000011,S000007,Emirates,Skywards,First,117171,10991,287983,Available
R0000012,S000009,United Airlines,MileagePlus,First,184541,9410,418042,Available
R0000013,S000012,United Airlines,MileagePlus,Business,102932,17752,290120,Available
R0000014,S000012,Air India,Flying Returns,Business,104328,8042,191359,Available
R0000015,S000013,United Airlines,MileagePlus,Economy,39358,8973,123871,Available
R0000016,S000014,United Airlines,MileagePlus,Economy,44532,11021,151539,Available
R0000017,S000014,Air Canada,Aeroplan,Economy,36349,3500,117267,Available
R0000018,S000014,Lufthansa,Miles & More,Economy,32611,6128,94852,Available
R0000019,S000016,Air India,Flying Returns,Economy,51196,9189,116837,Available
R0000020,S000017,Qatar Airways,Privilege Club,First,160338,15825,492149,Available
R0000021,S000018,Singapore Airlines,KrisFlyer,Business,139382,9569,280830,Available
R0000022,S000018,Etihad Airways,Etihad Guest,Business,87554,3854,191124,Available
R0000023,S000019,Singapore Airlines,KrisFlyer,Economy,28544,7277,67424,Available
R0000024,S000019,Lufthansa,Miles & More,Economy,43376,4532,87530,Available
R0000025,S000021,Etihad Airways,Etihad Guest,Economy,42568,14153,88251,Available
R0000026,S000022,Emirates,Skywards,Business,81963,8070,261393,Available
R0000027,S000023,Lufthansa,Miles & More,Business,138349,3533,363804,Available
R0000028,S000025,Qatar Airways,Privilege Club,Economy,31022,6127,77716,Available
R0000029,S000025,Air India,Flying Returns,Economy,28643,9691,89074,Available
R0000030,S000026,Air Canada,Aeroplan,Economy,31143,15249,110435,Available
R0000031,S000027,Etihad Airways,Etihad Guest,First,147432,8559,301097,Available
R0000032,S000027,Air Canada,Aeroplan,First,214775,9613,483567,Available
R0000033,S000028,Etihad Airways,Etihad Guest,Economy,50575,10642,117113,Available
R0000034,S000029,Singapore Airlines,KrisFlyer,Economy,61499,16313,156937,Available
R0000035,S000029,Air India,Flying Returns,Economy,42921,11592,109627,Available
R0000036,S000031,Emirates,Skywards,Business,118862,14361,295311,Available
R0000037,S000031,Lufthansa,Miles & More,Business,79494,12934,162804,Available
R0000038,S000032,Air Canada,Aeroplan,Business,75202,16601,208908,Available
R0000039,S000035,Etihad Airways,Etihad Guest,Business,131152,6271,228351,Available
R0000040,S000035,United Airlines,MileagePlus,Business,91027,16091,297562,Available
R0000041,S000036,Air Canada,Aeroplan,Economy,31217,6549,105025,Available
R0000042,S000036,United Airlines,MileagePlus,Economy,32868,7389,87992,Available
R0000043,S000037,Singapore Airlines,KrisFlyer,Business,145376,13994,305471,Available
R0000044,S000037,Air Canada,Aeroplan,Business,112201,8143,250010,Available
R0000045,S000038,Air India,Flying Returns,Economy,37549,8745,103189,Available
R0000046,S000038,Qatar Airways,Privilege Club,Economy,62208,11110,182813,Available
R0000047,S000038,Lufthansa,Miles & More,Economy,59760,17368,139426,Available
R0000048,S000039,Emirates,Skywards,Economy,54230,13117,146261,Available
R0000049,S000040,Singapore Airlines,KrisFlyer,First,200896,7373,411819,Available
R0000050,S000040,Etihad Airways,Etihad Guest,First,194321,8409,409511,Available
R0000051,S000041,Air India,Flying Returns,Economy,32400,4637,100258,Available
R0000052,S000042,Air India,Flying Returns,First,169376,4724,324881,Available
R0000053,S000042,Qatar Airways,Privilege Club,First,192016,7858,561344,Available
R0000054,S000043,Singapore Airlines,KrisFlyer,Economy,33933,8931,92688,Available
R0000055,S000043,Emirates,Skywards,Economy,35114,14389,85643,Available
R0000056,S000044,Singapore Airlines,KrisFlyer,Economy,47077,4917,134849,Available
R0000057,S000044,Qatar Airways,Privilege Club,Economy,32011,10209,93433,Available
R0000058,S000046,Air India,Flying Returns,Business,83836,14768,278105,Available
R0000059,S000047,Singapore Airlines,KrisFlyer,Economy,50644,15395,140641,Available
R0000060,S000047,United Airlines,MileagePlus,Economy,59341,8472,178755,Available
R0000061,S000049,United Airlines,MileagePlus,Economy,29226,12388,86884,Available
R0000062,S000050,Singapore Airlines,KrisFlyer,First,211036,5497,525575,Available
R0000063,S000050,Air Canada,Aeroplan,First,166827,15428,375504,Available
R0000064,S000051,Qatar Airways,Privilege Club,Economy,63513,8316,139949,Available
R0000065,S000051,Etihad Airways,Etihad Guest,Economy,31572,4558,103771,Available
R0000066,S000052,United Airlines,MileagePlus,Business,128569,9534,285488,Available
R0000067,S000052,Emirates,Skywards,Business,92232,4701,298152,Available
R0000068,S000053,Qatar Airways,Privilege Club,Economy,39563,4140,89444,Available
R0000069,S000053,Etihad Airways,Etihad Guest,Economy,28747,6219,73162,Available
R0000070,S000055,Qatar Airways,Privilege Club,Business,102297,15384,296450,Available
R0000071,S000056,Emirates,Skywards,Economy,37569,11632,106840,Available
R0000072,S000058,Air India,Flying Returns,Economy,46450,12621,120098,Available
R0000073,S000060,Air India,Flying Returns,Business,129146,10971,276612,Available
R0000074,S000062,Etihad Airways,Etihad Guest,Economy,53037,7635,148549,Available
R0000075,S000062,Air Canada,Aeroplan,Economy,50156,17987,129441,Available
R0000076,S000063,Singapore Airlines,KrisFlyer,Economy,47307,15157,101385,Available
R0000077,S000064,Air Canada,Aeroplan,Business,90617,6328,195627,Available
R0000078,S000064,Singapore Airlines,KrisFlyer,Business,70250,3568,140675,Available
R0000079,S000064,Emirates,Skywards,Business,66251,6625,132639,Available
R0000080,S000065,Lufthansa,Miles & More,Economy,54893,10532,169959,Available
R0000081,S000066,Singapore Airlines,KrisFlyer,Business,75783,7071,164262,Available
R0000082,S000066,Qatar Airways,Privilege Club,Business,63759,15761,205635,Available
R0000083,S000067,Singapore Airlines,KrisFlyer,Business,123467,16704,347722,Available
R0000084,S000067,Qatar Airways,Privilege Club,Business,99361,12086,183418,Available
R0000085,S000069,Lufthansa,Miles & More,First,139838,17832,302723,Available
R0000086,S000070,Air India,Flying Returns,Business,116941,7403,354423,Available
R0000087,S000071,Air Canada,Aeroplan,Business,65685,10147,190473,Available
R0000088,S000073,Lufthansa,Miles & More,Economy,30925,6818,72599,Available
R0000089,S000074,Air India,Flying Returns,Business,62728,5091,119188,Available
R0000090,S000076,Singapore Airlines,KrisFlyer,Business,140775,10790,354201,Available
R0000091,S000076,Etihad Airways,Etihad Guest,Business,86085,8818,268577,Available
R0000092,S000076,Emirates,Skywards,Business,123493,7534,369039,Available
R0000093,S000077,Qatar Airways,Privilege Club,Economy,59556,5452,192172,Available
R0000094,S000077,Air India,Flying Returns,Economy,37915,6920,124475,Available
R0000095,S000078,Air India,Flying Returns,Economy,60540,16599,190553,Available
R0000096,S000079,Singapore Airlines,KrisFlyer,Business,68770,4636,130262,Available
R0000097,S000079,Emirates,Skywards,Business,70466,13913,165034,Available
R0000098,S000080,Etihad Airways,Etihad Guest,Business,90166,5823,232704,Available
R0000099,S000080,Emirates,Skywards,Business,100684,3531,290928,Available
R0000100,S000083,Lufthansa,Miles & More,Economy,47362,17816,115255,Available
R0000101,S000083,Air Canada,Aeroplan,Economy,42854,17174,90855,Available
R0000102,S000084,United Airlines,MileagePlus,First,168650,14834,370529,Available
R0000103,S000085,Singapore Airlines,KrisFlyer,Business,140997,17877,308368,Available
R0000104,S000085,Air Canada,Aeroplan,Business,61383,17583,163973,Available
R0000105,S000087,United Airlines,MileagePlus,Economy,27367,8365,91894,Available
R0000106,S000088,Emirates,Skywards,First,111915,10712,336708,Available
R0000107,S000088,United Airlines,MileagePlus,First,114819,11379,230951,Available
R0000108,S000092,Air Canada,Aeroplan,Economy,33911,17912,103334,Available
R0000109,S000092,Singapore Airlines,KrisFlyer,Economy,31825,5346,85144,Available
R0000110,S000094,Qatar Airways,Privilege Club,Business,85117,10222,273725,Available
R0000111,S000094,Air India,Flying Returns,Business,101770,8007,208663,Available
R0000112,S000099,United Airlines,MileagePlus,Economy,59535,5574,148911,Available
R0000113,S000099,Lufthansa,Miles & More,Economy,58845,8099,107286,Available
R0000114,S000100,Air Canada,Aeroplan,Economy,52177,6923,120249,Available
R0000115,S000101,Lufthansa,Miles & More,Economy,63617,14194,121113,Available
R0000116,S000101,United Airlines,MileagePlus,Economy,41179,5759,127574,Available
R0000117,S000101,Air Canada,Aeroplan,Economy,31276,13224,110491,Available
R0000118,S000103,Air India,Flying Returns,Business,111703,15591,326215,Available
R0000119,S000104,Air Canada,Aeroplan,Business,60743,10856,160688,Available
R0000120,S000104,Emirates,Skywards,Business,139102,4568,448685,Available
R0000121,S000105,Emirates,Skywards,Business,77889,14452,239654,Available
R0000122,S000106,Lufthansa,Miles & More,Business,73429,11047,204598,Available
R0000123,S000107,Lufthansa,Miles & More,Business,98565,4102,193715,Available
R0000124,S000107,Etihad Airways,Etihad Guest,Business,101264,10446,294383,Available
R0000125,S000110,Lufthansa,Miles & More,First,211510,16784,626851,Available
R0000126,S000111,Lufthansa,Miles & More,Economy,42523,8990,90086,Available
R0000127,S000111,Qatar Airways,Privilege Club,Economy,60263,6785,168610,Available
R0000128,S000112,Lufthansa,Miles & More,Economy,28849,9930,75917,Available
R0000129,S000112,Etihad Airways,Etihad Guest,Economy,29616,11680,91827,Available
R0000130,S000114,Etihad Airways,Etihad Guest,First,177949,7887,510767,Available
R0000131,S000114,Air Canada,Aeroplan,First,125748,3656,245403,Available
R0000132,S000115,Singapore Airlines,KrisFlyer,First,182519,8610,444864,Available
R0000133,S000115,Air India,Flying Returns,First,112397,13886,286219,Available
R0000134,S000115,Air Canada,Aeroplan,First,191721,15317,354475,Available
R0000135,S000116,Emirates,Skywards,Business,122926,8486,346992,Available
R0000136,S000120,Air Canada,Aeroplan,Business,105066,17450,238328,Available
R0000137,S000121,Qatar Airways,Privilege Club,First,197004,12994,628212,Available
R0000138,S000121,Lufthansa,Miles & More,First,146382,16639,376123,Available
R0000139,S000126,Air India,Flying Returns,First,129311,4357,354787,Available
R0000140,S000127,Lufthansa,Miles & More,Economy,60757,7330,108929,Available
R0000141,S000127,United Airlines,MileagePlus,Economy,51082,10350,98348,Available
R0000142,S000128,Air India,Flying Returns,First,145523,17923,457591,Available
R0000143,S000128,Etihad Airways,Etihad Guest,First,122287,16338,400462,Available
R0000144,S000128,Singapore Airlines,KrisFlyer,First,212916,9607,451862,Available
R0000145,S000129,Air India,Flying Returns,Economy,30025,11264,102261,Available
R0000146,S000129,United Airlines,MileagePlus,Economy,54526,9487,125283,Available
R0000147,S000130,Qatar Airways,Privilege Club,Business,149086,13731,411816,Available
R0000148,S000130,Singapore Airlines,KrisFlyer,Business,94078,16323,226672,Available
R0000149,S000130,Air Canada,Aeroplan,Business,144063,17308,394421,Available
R0000150,S000131,Qatar Airways,Privilege Club,Economy,40317,16297,116379,Available
R0000151,S000132,Lufthansa,Miles & More,Business,75400,16328,183314,Available
R0000152,S000132,Air India,Flying Returns,Business,94111,4069,305195,Available
R0000153,S000133,Lufthansa,Miles & More,Economy,28392,6117,75261,Available
R0000154,S000133,Emirates,Skywards,Economy,62123,5513,177331,Available
R0000155,S000134,Lufthansa,Miles & More,First,196628,17229,525867,Available
R0000156,S000134,Air India,Flying Returns,First,133407,8152,361836,Available
R0000157,S000135,Air India,Flying Returns,Business,64123,6730,123159,Available
R0000158,S000136,United Airlines,MileagePlus,Economy,47430,12129,136952,Available
R0000159,S000137,Etihad Airways,Etihad Guest,Business,128384,14609,245681,Available
R0000160,S000137,Air India,Flying Returns,Business,118192,6054,285205,Available
R0000161,S000138,Etihad Airways,Etihad Guest,Economy,59005,4980,123955,Available
R0000162,S000138,United Airlines,MileagePlus,Economy,43394,10397,129027,Available
R0000163,S000140,Air Canada,Aeroplan,Economy,36688,4318,91108,Available
R0000164,S000141,Air India,Flying Returns,Business,128438,16869,290901,Available
R0000165,S000142,United Airlines,MileagePlus,Economy,50838,11247,168236,Available
R0000166,S000144,Air Canada,Aeroplan,First,201659,15590,607136,Available
R0000167,S000145,Emirates,Skywards,Business,116533,14069,262612,Available
R0000168,S000145,Air Canada,Aeroplan,Business,61198,13159,191348,Available
R0000169,S000145,Air India,Flying Returns,Business,138566,11686,354955,Available
R0000170,S000148,Air India,Flying Returns,Business,89671,8230,244650,Available
R0000171,S000150,Air India,Flying Returns,Business,125311,13960,396598,Available
R0000172,S000150,Etihad Airways,Etihad Guest,Business,90842,14446,261146,Available
R0000173,S000152,Air Canada,Aeroplan,Business,120363,17711,304930,Available
R0000174,S000152,Emirates,Skywards,Business,137781,13866,437831,Available
R0000175,S000155,Air India,Flying Returns,Economy,44752,15385,157262,Available
R0000176,S000155,United Airlines,MileagePlus,Economy,54140,8755,174811,Available
R0000177,S000156,Air Canada,Aeroplan,Business,89590,4403,187929,Available
R0000178,S000156,Singapore Airlines,KrisFlyer,Business,68685,9705,188220,Available
R0000179,S000156,United Airlines,MileagePlus,Business,79067,7675,257171,Available
R0000180,S000157,Emirates,Skywards,Economy,38499,9662,119535,Available
R0000181,S000158,Air Canada,Aeroplan,Economy,29748,15570,88016,Available
R0000182,S000159,United Airlines,MileagePlus,Economy,27879,5688,76045,Available
R0000183,S000160,Etihad Airways,Etihad Guest,Business,127855,17583,260286,Available
R0000184,S000161,Lufthansa,Miles & More,Economy,31063,13890,70675,Available
R0000185,S000162,Air India,Flying Returns,Economy,29123,14792,99459,Available
R0000186,S000162,Air Canada,Aeroplan,Economy,53883,8283,163600,Available
R0000187,S000164,Singapore Airlines,KrisFlyer,Business,66381,10244,207888,Available
R0000188,S000164,Qatar Airways,Privilege Club,Business,66834,15655,216187,Available
R0000189,S000167,Singapore Airlines,KrisFlyer,Economy,62993,13152,142479,Available
R0000190,S000168,Emirates,Skywards,Economy,50547,14082,155613,Available
R0000191,S000170,United Airlines,MileagePlus,First,134242,15043,230481,Available
R0000192,S000172,Air India,Flying Returns,Economy,53980,17460,183346,Available
R0000193,S000172,Singapore Airlines,KrisFlyer,Economy,61512,7121,201807,Available
R0000194,S000172,Emirates,Skywards,Economy,28907,7228,76903,Available
R0000195,S000174,United Airlines,MileagePlus,Business,144580,5190,438684,Available
R0000196,S000174,Qatar Airways,Privilege Club,Business,94644,12653,227966,Available
R0000197,S000175,Qatar Airways,Privilege Club,Economy,42791,3707,126432,Available
R0000198,S000175,Air Canada,Aeroplan,Economy,34944,12187,77285,Available
R0000199,S000176,Air India,Flying Returns,Business,146585,5694,426552,Available
R0000200,S000178,Air India,Flying Returns,Economy,42103,5487,120460,Available
R0000201,S000178,United Airlines,MileagePlus,Economy,60646,12325,148847,Available
R0000202,S000179,Air Canada,Aeroplan,Economy,52740,10272,170355,Available
R0000203,S000180,Air India,Flying Returns,Business,145511,15268,278778,Available
R0000204,S000180,Air Canada,Aeroplan,Business,107872,5914,252793,Available
R0000205,S000181,Air Canada,Aeroplan,Business,84988,13229,178662,Available
R0000206,S000182,United Airlines,MileagePlus,Economy,50847,9731,166010,Available
R0000207,S000185,Singapore Airlines,KrisFlyer,Business,140423,10447,360860,Available
R0000208,S000185,Air Canada,Aeroplan,Business,123168,8317,288484,Available
R0000209,S000188,United Airlines,MileagePlus,Business,69838,11391,174613,Available
R0000210,S000188,Singapore Airlines,KrisFlyer,Business,73449,14529,140487,Available
R0000211,S000191,Etihad Airways,Etihad Guest,Business,60360,17823,187168,Available
R0000212,S000191,Singapore Airlines,KrisFlyer,Business,63464,5726,156856,Available
R0000213,S000193,Singapore Airlines,KrisFlyer,Business,83480,11333,155853,Available
R0000214,S000193,Air India,Flying Returns,Business,147875,8219,320346,Available
R0000215,S000193,Lufthansa,Miles & More,Business,64958,9765,144296,Available
R0000216,S000194,Etihad Airways,Etihad Guest,Economy,58857,12174,136995,Available
R0000217,S000195,Air Canada,Aeroplan,Business,146210,10601,369716,Available
R0000218,S000195,United Airlines,MileagePlus,Business,133978,12785,394418,Available
R0000219,S000198,Lufthansa,Miles & More,Economy,45084,9135,112842,Available
R0000220,S000198,United Airlines,MileagePlus,Economy,50381,16695,111089,Available
R0000221,S000200,Emirates,Skywards,Economy,56298,10663,135727,Available
R0000222,S000201,Air Canada,Aeroplan,Economy,40984,16350,90445,Available
R0000223,S000202,Etihad Airways,Etihad Guest,Business,115076,12309,265100,Available
R0000224,S000203,Qatar Airways,Privilege Club,Economy,52476,6321,101516,Available
R0000225,S000203,United Airlines,MileagePlus,Economy,36506,10425,82546,Available
R0000226,S000205,Lufthansa,Miles & More,Business,76875,17394,161930,Available
R0000227,S000208,United Airlines,MileagePlus,Business,128107,3732,379469,Available
R0000228,S000209,Emirates,Skywards,Business,104906,15630,244625,Available
R0000229,S000210,Etihad Airways,Etihad Guest,Economy,62621,13123,116986,Available
R0000230,S000210,Qatar Airways,Privilege Club,Economy,53535,6248,162572,Available
R0000231,S000211,Air Canada,Aeroplan,Business,99876,11938,244845,Available
R0000232,S000212,Lufthansa,Miles & More,First,124584,4444,241576,Available
R0000233,S000212,Emirates,Skywards,First,132632,5789,367088,Available
R0000234,S000213,Air India,Flying Returns,Economy,35390,15379,122978,Available
R0000235,S000214,Air Canada,Aeroplan,Business,76582,13747,253974,Available
R0000236,S000214,Qatar Airways,Privilege Club,Business,146820,17762,318794,Available
R0000237,S000215,Singapore Airlines,KrisFlyer,Economy,48474,8852,104531,Available
R0000238,S000216,Singapore Airlines,KrisFlyer,Business,99833,15417,245462,Available
R0000239,S000216,Air India,Flying Returns,Business,92611,14510,251248,Available
R0000240,S000218,Air Canada,Aeroplan,Business,81640,7205,145697,Available
R0000241,S000218,United Airlines,MileagePlus,Business,133824,4494,266816,Available
R0000242,S000218,Emirates,Skywards,Business,107150,13227,210372,Available
R0000243,S000219,Singapore Airlines,KrisFlyer,Business,93565,11768,310566,Available
R0000244,S000220,United Airlines,MileagePlus,First,213340,12003,389139,Available
R0000245,S000220,Qatar Airways,Privilege Club,First,194651,12324,395165,Available
R0000246,S000224,Air India,Flying Returns,Economy,40234,11821,101974,Available
R0000247,S000225,Singapore Airlines,KrisFlyer,Economy,56702,8209,168954,Available
R0000248,S000225,Air India,Flying Returns,Economy,33897,9372,113065,Available
R0000249,S000226,Emirates,Skywards,Economy,32498,8539,103115,Available
R0000250,S000227,Lufthansa,Miles & More,Economy,29342,14665,70389,Available
R0000251,S000229,Qatar Airways,Privilege Club,Business,117593,15890,313076,Available
R0000252,S000229,Air India,Flying Returns,Business,93299,12250,188669,Available
R0000253,S000229,Emirates,Skywards,Business,145044,8380,281585,Available
R0000254,S000230,Etihad Airways,Etihad Guest,Business,107561,9996,329963,Available
R0000255,S000231,Air India,Flying Returns,Economy,53922,9458,121227,Available
R0000256,S000234,Singapore Airlines,KrisFlyer,Economy,26716,16391,66073,Available
R0000257,S000234,Qatar Airways,Privilege Club,Economy,29697,14960,94499,Available
R0000258,S000234,Air India,Flying Returns,Economy,25609,5853,49148,Available
R0000259,S000235,Air India,Flying Returns,Economy,62997,6495,207216,Available
R0000260,S000235,Singapore Airlines,KrisFlyer,Economy,48354,5714,129349,Available
R0000261,S000235,United Airlines,MileagePlus,Economy,41659,9653,82776,Available
R0000262,S000236,Lufthansa,Miles & More,Economy,33775,10299,97830,Available
R0000263,S000237,Singapore Airlines,KrisFlyer,Economy,30891,10388,88073,Available
R0000264,S000239,Air India,Flying Returns,Economy,26339,5746,78737,Available
R0000265,S000239,Lufthansa,Miles & More,Economy,41881,14640,138911,Available
R0000266,S000241,Air India,Flying Returns,Business,76161,7766,238640,Available
R0000267,S000241,United Airlines,MileagePlus,Business,90908,17301,267913,Available
R0000268,S000243,Singapore Airlines,KrisFlyer,Economy,47856,4943,152542,Available
R0000269,S000244,Singapore Airlines,KrisFlyer,Business,143082,6939,282832,Available
R0000270,S000244,Air India,Flying Returns,Business,98380,13051,280237,Available
R0000271,S000245,Etihad Airways,Etihad Guest,Business,83453,11393,182676,Available
R0000272,S000245,Singapore Airlines,KrisFlyer,Business,75705,6018,243344,Available
R0000273,S000246,United Airlines,MileagePlus,Economy,47368,5971,128916,Available
R0000274,S000246,Air India,Flying Returns,Economy,29335,7022,80046,Available
R0000275,S000246,Emirates,Skywards,Economy,46671,13502,93579,Available
R0000276,S000247,United Airlines,MileagePlus,First,156954,8968,309991,Available
R0000277,S000247,Singapore Airlines,KrisFlyer,First,209977,4842,546029,Available
R0000278,S000250,Air Canada,Aeroplan,First,193857,16328,629397,Available
R0000279,S000250,Air India,Flying Returns,First,124058,6073,387964,Available
R0000280,S000250,Qatar Airways,Privilege Club,First,110418,12852,299403,Available
R0000281,S000251,Singapore Airlines,KrisFlyer,Business,86926,12467,197207,Available
R0000282,S000251,United Airlines,MileagePlus,Business,91046,8171,283947,Available
R0000283,S000253,Lufthansa,Miles & More,Business,116745,4567,348557,Available
R0000284,S000253,United Airlines,MileagePlus,Business,67612,12933,123798,Available
R0000285,S000254,Qatar Airways,Privilege Club,Business,109739,6997,321971,Available
R0000286,S000257,United Airlines,MileagePlus,Economy,46014,4930,91419,Available
R0000287,S000257,Singapore Airlines,KrisFlyer,Economy,41176,8491,110967,Available
R0000288,S000259,Qatar Airways,Privilege Club,Economy,31462,13522,82892,Available
R0000289,S000259,Lufthansa,Miles & More,Economy,25082,13003,93132,Available
R0000290,S000261,Lufthansa,Miles & More,Economy,60166,14696,147058,Available
R0000291,S000262,Air India,Flying Returns,Economy,59884,14013,150507,Available
R0000292,S000265,Air Canada,Aeroplan,Economy,59359,7907,163110,Available
R0000293,S000265,Lufthansa,Miles & More,Economy,61492,11055,110110,Available
R0000294,S000265,United Airlines,MileagePlus,Economy,37369,17407,113561,Available
R0000295,S000266,Qatar Airways,Privilege Club,Economy,46827,17071,155084,Available
R0000296,S000267,Air Canada,Aeroplan,Business,69056,17627,146345,Available
R0000297,S000268,Etihad Airways,Etihad Guest,Economy,34006,14658,108781,Available
R0000298,S000269,Emirates,Skywards,Economy,46720,7588,135969,Available
R0000299,S000270,Air Canada,Aeroplan,Business,138758,8183,347300,Available
R0000300,S000270,Singapore Airlines,KrisFlyer,Business,127915,9605,283253,Available
R0000301,S000270,Lufthansa,Miles & More,Business,108071,15894,266757,Available
R0000302,S000271,Lufthansa,Miles & More,Business,98197,3971,298420,Available
R0000303,S000271,Singapore Airlines,KrisFlyer,Business,96533,15861,295641,Available
R0000304,S000272,Air India,Flying Returns,Economy,50057,11773,98015,Available
R0000305,S000272,Singapore Airlines,KrisFlyer,Economy,44177,12799,137356,Available
R0000306,S000273,Emirates,Skywards,Business,116160,6922,264845,Available
R0000307,S000273,Lufthansa,Miles & More,Business,117819,13696,203835,Available
R0000308,S000273,Air India,Flying Returns,Business,74860,3656,179967,Available
R0000309,S000276,United Airlines,MileagePlus,Business,71441,5655,169201,Available
R0000310,S000278,Etihad Airways,Etihad Guest,Economy,26310,11467,62564,Available
R0000311,S000278,Singapore Airlines,KrisFlyer,Economy,31246,3658,57249,Available
R0000312,S000279,United Airlines,MileagePlus,Economy,33113,14696,97926,Available
R0000313,S000280,Qatar Airways,Privilege Club,Economy,60252,6255,102937,Available
R0000314,S000280,Lufthansa,Miles & More,Economy,36294,13559,126950,Available
R0000315,S000281,Etihad Airways,Etihad Guest,Business,82537,11678,230788,Available
R0000316,S000281,Qatar Airways,Privilege Club,Business,72473,13968,217772,Available
R0000317,S000282,Singapore Airlines,KrisFlyer,Economy,40349,4563,85564,Available
R0000318,S000282,Lufthansa,Miles & More,Economy,60334,8422,124487,Available
R0000319,S000283,Qatar Airways,Privilege Club,Business,87400,5592,254766,Available
R0000320,S000284,Etihad Airways,Etihad Guest,Economy,52170,12475,108528,Available
R0000321,S000286,Qatar Airways,Privilege Club,Economy,51359,8877,99822,Available
R0000322,S000286,Air Canada,Aeroplan,Economy,30727,16907,74900,Available
R0000323,S000287,Etihad Airways,Etihad Guest,Business,108070,7036,208281,Available
R0000324,S000287,Emirates,Skywards,Business,62116,14047,146574,Available
R0000325,S000287,Qatar Airways,Privilege Club,Business,98807,10900,275938,Available
R0000326,S000288,Lufthansa,Miles & More,Business,88544,11238,246399,Available
R0000327,S000288,Etihad Airways,Etihad Guest,Business,86670,14013,180117,Available
R0000328,S000290,Air India,Flying Returns,Economy,49535,13712,159302,Available
R0000329,S000290,United Airlines,MileagePlus,Economy,45114,12440,122683,Available
R0000330,S000291,Singapore Airlines,KrisFlyer,Business,78202,6994,211023,Available
R0000331,S000292,Singapore Airlines,KrisFlyer,Economy,64084,16574,162433,Available
R0000332,S000292,Lufthansa,Miles & More,Economy,48070,14976,143808,Available
R0000333,S000294,United Airlines,MileagePlus,First,191628,6386,502916,Available
R0000334,S000294,Etihad Airways,Etihad Guest,First,122669,10374,377804,Available
R0000335,S000294,Air India,Flying Returns,First,133989,6319,223393,Available
R0000336,S000295,Air Canada,Aeroplan,Economy,47747,8967,95823,Available
R0000337,S000296,Air India,Flying Returns,Economy,59888,14837,176943,Available
R0000338,S000296,Lufthansa,Miles & More,Economy,45880,6650,85428,Available
R0000339,S000296,Singapore Airlines,KrisFlyer,Economy,30306,15416,95899,Available
R0000340,S000299,Singapore Airlines,KrisFlyer,Economy,35628,14525,99386,Available
R0000341,S000301,Air India,Flying Returns,Business,123634,13127,278735,Available
R0000342,S000301,Lufthansa,Miles & More,Business,136145,13445,325903,Available
R0000343,S000302,Emirates,Skywards,Economy,31119,5894,60149,Available
R0000344,S000302,Air Canada,Aeroplan,Economy,32843,13921,86967,Available
R0000345,S000305,United Airlines,MileagePlus,Economy,37268,12906,117540,Available
R0000346,S000305,Etihad Airways,Etihad Guest,Economy,46925,11158,128498,Available
R0000347,S000306,Qatar Airways,Privilege Club,Economy,49879,15671,109703,Available
R0000348,S000306,Lufthansa,Miles & More,Economy,59283,4083,118880,Available
R0000349,S000308,Emirates,Skywards,Business,111081,5443,290454,Available
R0000350,S000308,Singapore Airlines,KrisFlyer,Business,114428,14370,280484,Available
R0000351,S000312,Air Canada,Aeroplan,First,118387,9703,226049,Available
R0000352,S000313,Emirates,Skywards,Economy,52817,9860,160193,Available
R0000353,S000315,Emirates,Skywards,First,207562,14362,557460,Available
R0000354,S000316,Lufthansa,Miles & More,Business,99426,12966,215830,Available
R0000355,S000316,Emirates,Skywards,Business,64827,14649,138609,Available
R0000356,S000319,Singapore Airlines,KrisFlyer,Business,70687,10296,129267,Available
R0000357,S000319,Emirates,Skywards,Business,99801,13420,249473,Available
R0000358,S000322,Air Canada,Aeroplan,First,124141,7470,297339,Available
R0000359,S000323,Qatar Airways,Privilege Club,Economy,63374,15785,142847,Available
R0000360,S000324,Qatar Airways,Privilege Club,Economy,28160,15297,62656,Available
R0000361,S000324,United Airlines,MileagePlus,Economy,61119,3960,155867,Available
R0000362,S000325,Etihad Airways,Etihad Guest,Economy,27798,12869,91588,Available
R0000363,S000326,Emirates,Skywards,Business,72917,12309,214711,Available
R0000364,S000326,Lufthansa,Miles & More,Business,144357,11031,472229,Available
R0000365,S000326,Air India,Flying Returns,Business,134706,17785,277140,Available
R0000366,S000329,Air India,Flying Returns,Economy,37534,5116,111402,Available
R0000367,S000330,Lufthansa,Miles & More,Economy,44558,11474,132585,Available
R0000368,S000331,United Airlines,MileagePlus,Economy,53133,16242,128781,Available
R0000369,S000331,Etihad Airways,Etihad Guest,Economy,38720,12578,129092,Available
R0000370,S000333,Etihad Airways,Etihad Guest,Business,71660,13993,219223,Available
R0000371,S000333,Emirates,Skywards,Business,98924,17885,267423,Available
R0000372,S000334,Emirates,Skywards,First,175865,15870,345935,Available
R0000373,S000334,Singapore Airlines,KrisFlyer,First,161825,8122,406246,Available
R0000374,S000336,Singapore Airlines,KrisFlyer,Economy,42509,13656,89319,Available
R0000375,S000336,Qatar Airways,Privilege Club,Economy,29188,6349,75422,Available
R0000376,S000338,United Airlines,MileagePlus,First,184907,8425,587852,Available
R0000377,S000339,Lufthansa,Miles & More,Business,86314,12141,221676,Available
R0000378,S000342,Emirates,Skywards,Economy,56081,4369,95728,Available
R0000379,S000342,Qatar Airways,Privilege Club,Economy,39125,6691,116604,Available
R0000380,S000343,Etihad Airways,Etihad Guest,Economy,51125,7920,102471,Available
R0000381,S000345,United Airlines,MileagePlus,Business,98832,7314,169679,Available
R0000382,S000345,Etihad Airways,Etihad Guest,Business,133157,14956,237825,Available
R0000383,S000346,Air Canada,Aeroplan,Economy,57749,14588,120769,Available
R0000384,S000346,Lufthansa,Miles & More,Economy,47244,5526,108813,Available
R0000385,S000348,Etihad Airways,Etihad Guest,Economy,56478,8887,182370,Available
R0000386,S000350,Emirates,Skywards,Economy,58270,7069,145280,Available
R0000387,S000351,Singapore Airlines,KrisFlyer,Economy,41315,11714,79518,Available
R0000388,S000353,Singapore Airlines,KrisFlyer,First,157993,8771,461688,Available
R0000389,S000353,Etihad Airways,Etihad Guest,First,214371,4338,583437,Available
R0000390,S000355,Etihad Airways,Etihad Guest,Economy,51035,15023,161086,Available
R0000391,S000356,Air India,Flying Returns,Economy,63173,10204,188033,Available
R0000392,S000356,Qatar Airways,Privilege Club,Economy,59708,14145,110433,Available
R0000393,S000358,Qatar Airways,Privilege Club,Business,127149,12514,239923,Available
R0000394,S000358,Singapore Airlines,KrisFlyer,Business,70158,5381,122471,Available
R0000395,S000358,Air Canada,Aeroplan,Business,73045,8501,128500,Available
R0000396,S000359,United Airlines,MileagePlus,Economy,53493,8053,145676,Available
R0000397,S000360,Air India,Flying Returns,Business,143034,4199,259820,Available
R0000398,S000360,Qatar Airways,Privilege Club,Business,67109,12287,124571,Available
R0000399,S000364,Air India,Flying Returns,Economy,38470,16579,101923,Available
R0000400,S000365,Air India,Flying Returns,Business,114730,8764,289627,Available
R0000401,S000365,Emirates,Skywards,Business,75712,8479,181211,Available
R0000402,S000365,Singapore Airlines,KrisFlyer,Business,121332,12193,378713,Available
R0000403,S000367,Air Canada,Aeroplan,Business,60887,15146,205464,Available
R0000404,S000367,United Airlines,MileagePlus,Business,149156,6936,402171,Available
R0000405,S000368,Air India,Flying Returns,Economy,57137,17620,168271,Available
R0000406,S000369,Air Canada,Aeroplan,Economy,47680,14264,158388,Available
R0000407,S000369,Emirates,Skywards,Economy,46246,17233,134408,Available
R0000408,S000370,Air India,Flying Returns,Business,144568,9234,440977,Available
R0000409,S000370,Lufthansa,Miles & More,Business,143499,11115,430773,Available
R0000410,S000371,Singapore Airlines,KrisFlyer,Business,104917,4732,311651,Available
R0000411,S000371,Air Canada,Aeroplan,Business,119024,13601,381175,Available
R0000412,S000372,Emirates,Skywards,Economy,39747,15096,88565,Available
R0000413,S000373,Air Canada,Aeroplan,Economy,53305,5892,95971,Available
R0000414,S000373,Lufthansa,Miles & More,Economy,64539,11059,180213,Available
R0000415,S000374,Air India,Flying Returns,Economy,41135,4918,124148,Available
R0000416,S000374,Singapore Airlines,KrisFlyer,Economy,41742,5062,133919,Available
R0000417,S000375,Air Canada,Aeroplan,Business,86012,5505,171693,Available
R0000418,S000377,Singapore Airlines,KrisFlyer,Business,132111,17772,364256,Available
R0000419,S000377,United Airlines,MileagePlus,Business,148080,10157,265454,Available
R0000420,S000377,Air Canada,Aeroplan,Business,65499,6055,139110,Available
R0000421,S000378,Air India,Flying Returns,Business,118357,12654,254513,Available
R0000422,S000378,Qatar Airways,Privilege Club,Business,148601,16408,384165,Available
R0000423,S000380,Etihad Airways,Etihad Guest,Business,147785,9718,364061,Available
R0000424,S000380,Lufthansa,Miles & More,Business,138996,15754,342408,Available
R0000425,S000381,Etihad Airways,Etihad Guest,First,212262,9036,427504,Available
R0000426,S000382,Etihad Airways,Etihad Guest,Business,109902,6311,287649,Available
R0000427,S000382,Air Canada,Aeroplan,Business,145474,5918,366831,Available
R0000428,S000383,Singapore Airlines,KrisFlyer,Business,114113,14779,297063,Available
R0000429,S000384,United Airlines,MileagePlus,Economy,63558,14278,200744,Available
R0000430,S000385,Emirates,Skywards,Business,81871,8679,256288,Available
R0000431,S000385,Lufthansa,Miles & More,Business,83165,9560,146349,Available
R0000432,S000386,Etihad Airways,Etihad Guest,Business,115006,9414,225540,Available
R0000433,S000386,United Airlines,MileagePlus,Business,97411,12080,314405,Available
R0000434,S000388,Qatar Airways,Privilege Club,Economy,37041,16642,114722,Available
R0000435,S000389,Air India,Flying Returns,First,112940,17605,364464,Available
R0000436,S000389,United Airlines,MileagePlus,First,204580,17208,614307,Available
R0000437,S000390,Emirates,Skywards,Economy,28658,10477,77899,Available
R0000438,S000391,Etihad Airways,Etihad Guest,Economy,45523,7702,98528,Available
R0000439,S000391,Air Canada,Aeroplan,Economy,32773,4787,57316,Available
R0000440,S000392,Etihad Airways,Etihad Guest,Economy,42127,5910,90930,Available
R0000441,S000392,Air Canada,Aeroplan,Economy,29993,12134,61546,Available
R0000442,S000392,Emirates,Skywards,Economy,40319,7104,133189,Available
R0000443,S000393,Singapore Airlines,KrisFlyer,Business,119015,17849,350444,Available
R0000444,S000394,Etihad Airways,Etihad Guest,Economy,53301,10405,148257,Available
R0000445,S000395,Lufthansa,Miles & More,Economy,57137,11105,185179,Available
R0000446,S000396,Air India,Flying Returns,Business,113696,9928,290718,Available
R0000447,S000396,Lufthansa,Miles & More,Business,64140,5052,206529,Available
R0000448,S000397,Emirates,Skywards,Business,116048,12018,336169,Available
R0000449,S000397,Lufthansa,Miles & More,Business,141478,11478,305960,Available
R0000450,S000398,Emirates,Skywards,Business,144828,17365,326440,Available
R0000451,S000399,Lufthansa,Miles & More,Economy,62674,7134,164818,Available
R0000452,S000399,United Airlines,MileagePlus,Economy,34290,4622,60416,Available
R0000453,S000400,Qatar Airways,Privilege Club,Business,115463,13384,204507,Available
R0000454,S000400,Air Canada,Aeroplan,Business,83892,4918,177754,Available
R0000455,S000400,Etihad Airways,Etihad Guest,Business,134295,9138,275247,Available
R0000456,S000401,Lufthansa,Miles & More,Economy,29732,4145,98759,Available
R0000457,S000402,Singapore Airlines,KrisFlyer,Economy,28204,15562,86457,Available
R0000458,S000403,Etihad Airways,Etihad Guest,Economy,52586,15594,118030,Available
R0000459,S000403,Air Canada,Aeroplan,Economy,53897,17144,112101,Available
R0000460,S000405,Qatar Airways,Privilege Club,Economy,54384,14131,126987,Available
R0000461,S000405,Singapore Airlines,KrisFlyer,Economy,39350,9948,99953,Available
R0000462,S000406,Qatar Airways,Privilege Club,Economy,36768,3503,84885,Available
R0000463,S000406,Lufthansa,Miles & More,Economy,28290,15351,80220,Available
R0000464,S000407,United Airlines,MileagePlus,Economy,51065,10087,149907,Available
R0000465,S000407,Emirates,Skywards,Economy,56498,9877,147163,Available
R0000466,S000408,Air India,Flying Returns,Economy,42924,11397,80232,Available
R0000467,S000408,Qatar Airways,Privilege Club,Economy,57066,9163,188153,Available
R0000468,S000408,Singapore Airlines,KrisFlyer,Economy,39700,16273,110856,Available
R0000469,S000409,Air India,Flying Returns,First,194560,16596,560092,Available
R0000470,S000410,Etihad Airways,Etihad Guest,First,186887,7483,332352,Available
R0000471,S000410,Air India,Flying Returns,First,190117,10885,433230,Available
R0000472,S000413,Etihad Airways,Etihad Guest,Economy,45866,17394,109878,Available
R0000473,S000413,Air India,Flying Returns,Economy,57868,4593,185680,Available
R0000474,S000414,Qatar Airways,Privilege Club,Business,102822,15424,317492,Available
R0000475,S000414,Lufthansa,Miles & More,Business,114400,3943,245514,Available
R0000476,S000415,Singapore Airlines,KrisFlyer,Economy,54000,5059,128995,Available
R0000477,S000416,Air Canada,Aeroplan,Economy,62212,5574,105638,Available
R0000478,S000418,United Airlines,MileagePlus,Economy,27366,14694,81151,Available
R0000479,S000418,Air Canada,Aeroplan,Economy,26565,12484,62758,Available
R0000480,S000419,United Airlines,MileagePlus,Economy,51326,6090,111665,Available
R0000481,S000419,Air Canada,Aeroplan,Economy,39788,13287,125636,Available
R0000482,S000419,Air India,Flying Returns,Economy,31646,5732,91547,Available
R0000483,S000420,Etihad Airways,Etihad Guest,Economy,30823,13141,104428,Available
R0000484,S000421,United Airlines,MileagePlus,Economy,51834,7694,94011,Available
R0000485,S000422,Singapore Airlines,KrisFlyer,Economy,39265,12108,79513,Available
R0000486,S000423,Etihad Airways,Etihad Guest,First,123965,7503,376578,Available
R0000487,S000423,Qatar Airways,Privilege Club,First,113728,12541,259603,Available
R0000488,S000424,Singapore Airlines,KrisFlyer,Economy,63920,6434,192703,Available
R0000489,S000424,Lufthansa,Miles & More,Economy,56000,6005,118129,Available
R0000490,S000425,Singapore Airlines,KrisFlyer,Economy,38059,6989,70522,Available
R0000491,S000426,Singapore Airlines,KrisFlyer,First,136154,12166,283383,Available
R0000492,S000426,United Airlines,MileagePlus,First,131515,7066,242434,Available
R0000493,S000428,Lufthansa,Miles & More,Economy,57351,14311,174436,Available
R0000494,S000428,Air Canada,Aeroplan,Economy,50120,8574,140156,Available
R0000495,S000429,Etihad Airways,Etihad Guest,Business,62659,4133,119709,Available
R0000496,S000429,United Airlines,MileagePlus,Business,77632,4482,241817,Available
R0000497,S000431,Etihad Airways,Etihad Guest,Business,142097,17076,403641,Available
R0000498,S000431,Air Canada,Aeroplan,Business,83419,16196,155015,Available
R0000499,S000434,Air Canada,Aeroplan,Economy,63413,7619,180136,Available
R0000500,S000434,Emirates,Skywards,Economy,28048,7944,89430,Available
R0000501,S000435,Singapore Airlines,KrisFlyer,Economy,37459,9681,104431,Available
R0000502,S000436,Air Canada,Aeroplan,Business,90978,8575,271684,Available
R0000503,S000436,Qatar Airways,Privilege Club,Business,86901,16741,238338,Available
R0000504,S000437,United Airlines,MileagePlus,Business,60613,14739,187724,Available
R0000505,S000438,Air India,Flying Returns,Business,87341,6902,205146,Available
R0000506,S000438,Lufthansa,Miles & More,Business,114007,16289,275560,Available
R0000507,S000439,Emirates,Skywards,Economy,27613,10641,85241,Available
R0000508,S000439,Air India,Flying Returns,Economy,44219,12357,106131,Available
R0000509,S000439,Air Canada,Aeroplan,Economy,29171,8482,98504,Available
R0000510,S000441,United Airlines,MileagePlus,Business,124074,7368,296245,Available
R0000511,S000444,Air India,Flying Returns,Economy,60145,5689,166896,Available
R0000512,S000444,Emirates,Skywards,Economy,47667,4855,106298,Available
R0000513,S000446,Etihad Airways,Etihad Guest,Business,60217,7446,128452,Available
R0000514,S000446,Lufthansa,Miles & More,Business,104305,4967,242507,Available
R0000515,S000448,Air India,Flying Returns,Economy,37210,7794,73130,Available
R0000516,S000449,Air India,Flying Returns,Business,126360,5227,209734,Available
R0000517,S000449,Lufthansa,Miles & More,Business,78616,9180,144844,Available
R0000518,S000450,Lufthansa,Miles & More,Business,69733,16031,189110,Available
R0000519,S000451,Emirates,Skywards,Economy,56037,5115,131691,Available
R0000520,S000451,Air India,Flying Returns,Economy,61576,3726,147691,Available
R0000521,S000452,United Airlines,MileagePlus,Economy,39337,17938,86612,Available
R0000522,S000452,Qatar Airways,Privilege Club,Economy,32218,12858,73581,Available
R0000523,S000455,Qatar Airways,Privilege Club,Economy,47425,9851,111193,Available
R0000524,S000455,Air India,Flying Returns,Economy,58125,10811,164596,Available
R0000525,S000455,Lufthansa,Miles & More,Economy,58756,3517,99613,Available
R0000526,S000456,United Airlines,MileagePlus,Economy,28163,8871,56120,Available
R0000527,S000456,Emirates,Skywards,Economy,50638,12127,105126,Available
R0000528,S000458,Air Canada,Aeroplan,Business,111893,4297,214368,Available
R0000529,S000459,Lufthansa,Miles & More,Economy,42151,9101,96743,Available
R0000530,S000460,Air India,Flying Returns,Economy,64414,15976,207661,Available
R0000531,S000463,Emirates,Skywards,Economy,35100,16219,73899,Available
R0000532,S000464,Air Canada,Aeroplan,Economy,25815,4619,78596,Available
R0000533,S000464,Air India,Flying Returns,Economy,62933,4709,187435,Available
R0000534,S000464,Etihad Airways,Etihad Guest,Economy,47812,4606,140808,Available
R0000535,S000466,Air Canada,Aeroplan,Business,78863,9139,154569,Available
R0000536,S000467,Etihad Airways,Etihad Guest,Business,115620,11515,272998,Available
R0000537,S000467,Emirates,Skywards,Business,147983,11912,478312,Available
R0000538,S000468,Singapore Airlines,KrisFlyer,Economy,47423,7066,128087,Available
R0000539,S000468,Qatar Airways,Privilege Club,Economy,52470,17962,156061,Available
R0000540,S000470,Singapore Airlines,KrisFlyer,Economy,32289,13660,114615,Available
R0000541,S000470,United Airlines,MileagePlus,Economy,32190,13936,112424,Available
R0000542,S000473,Lufthansa,Miles & More,Business,94195,6095,283958,Available
R0000543,S000473,Singapore Airlines,KrisFlyer,Business,117587,5612,254894,Available
R0000544,S000474,Lufthansa,Miles & More,Business,108378,15930,285668,Available
R0000545,S000474,United Airlines,MileagePlus,Business,84636,17903,271512,Available
R0000546,S000474,Air India,Flying Returns,Business,79990,10169,259161,Available
R0000547,S000475,Air India,Flying Returns,Business,103532,11365,303976,Available
R0000548,S000476,Singapore Airlines,KrisFlyer,First,186978,14606,412359,Available
R0000549,S000476,Air India,Flying Returns,First,173871,16883,458841,Available
R0000550,S000477,Air Canada,Aeroplan,Business,92947,6186,271116,Available
R0000551,S000478,Air Canada,Aeroplan,Business,78711,13194,157478,Available
R0000552,S000478,Emirates,Skywards,Business,149504,14861,409274,Available
R0000553,S000480,Qatar Airways,Privilege Club,Economy,44127,8076,129265,Available
R0000554,S000480,Etihad Airways,Etihad Guest,Economy,35814,13468,108337,Available
R0000555,S000482,Air Canada,Aeroplan,Business,134076,10953,306360,Available
R0000556,S000483,Air India,Flying Returns,Economy,33973,6579,76193,Available
R0000557,S000483,Singapore Airlines,KrisFlyer,Economy,37167,5686,100294,Available
R0000558,S000484,Emirates,Skywards,Economy,47111,12186,123913,Available
R0000559,S000484,Qatar Airways,Privilege Club,Economy,32540,6649,68763,Available
R0000560,S000484,United Airlines,MileagePlus,Economy,28949,16993,89957,Available
R0000561,S000485,Etihad Airways,Etihad Guest,Economy,30257,5079,87988,Available
R0000562,S000486,Etihad Airways,Etihad Guest,Economy,56656,11227,135305,Available
R0000563,S000487,Qatar Airways,Privilege Club,First,211429,10066,424264,Available
R0000564,S000487,Lufthansa,Miles & More,First,139675,5781,285516,Available
R0000565,S000488,Lufthansa,Miles & More,Business,78689,4768,192807,Available
R0000566,S000490,United Airlines,MileagePlus,First,180466,8177,558581,Available
R0000567,S000490,Air India,Flying Returns,First,199761,17228,462865,Available
R0000568,S000490,Air Canada,Aeroplan,First,156649,15983,470997,Available
R0000569,S000491,Qatar Airways,Privilege Club,Business,62665,14684,185126,Available
R0000570,S000492,Etihad Airways,Etihad Guest,Economy,48289,11488,89831,Available
R0000571,S000495,Lufthansa,Miles & More,Economy,62273,10381,182408,Available
R0000572,S000495,Etihad Airways,Etihad Guest,Economy,38395,16277,104516,Available
R0000573,S000496,Lufthansa,Miles & More,Economy,57953,12169,128619,Available
R0000574,S000496,United Airlines,MileagePlus,Economy,52473,14707,152499,Available
R0000575,S000496,Singapore Airlines,KrisFlyer,Economy,34877,12683,73044,Available
R0000576,S000499,Emirates,Skywards,Business,129754,9229,254805,Available
R0000577,S000500,Lufthansa,Miles & More,Business,120765,12815,369126,Available
R0000578,S000501,Lufthansa,Miles & More,Economy,43131,5663,111957,Available
R0000579,S000502,Lufthansa,Miles & More,Economy,54904,5653,115004,Available
R0000580,S000502,Air India,Flying Returns,Economy,25566,5542,83076,Available
R0000581,S000503,Qatar Airways,Privilege Club,Business,140656,13646,351237,Available
R0000582,S000503,Etihad Airways,Etihad Guest,Business,106798,9114,191339,Available
R0000583,S000504,United Airlines,MileagePlus,Economy,39307,8096,85827,Available
R0000584,S000506,Lufthansa,Miles & More,Business,69044,7682,178070,Available
R0000585,S000506,Qatar Airways,Privilege Club,Business,82717,16611,152708,Available
R0000586,S000506,Etihad Airways,Etihad Guest,Business,130010,12147,421799,Available
R0000587,S000508,Singapore Airlines,KrisFlyer,Economy,42143,13482,114696,Available
R0000588,S000508,Air India,Flying Returns,Economy,49900,4376,93432,Available
R0000589,S000509,Singapore Airlines,KrisFlyer,Business,101731,4427,306410,Available
R0000590,S000511,United Airlines,MileagePlus,First,175949,16502,554929,Available
R0000591,S000511,Lufthansa,Miles & More,First,193934,13179,365914,Available
R0000592,S000513,Air India,Flying Returns,Business,63577,9709,186002,Available
R0000593,S000514,Qatar Airways,Privilege Club,Economy,58180,15304,146408,Available
R0000594,S000515,Air India,Flying Returns,Business,116247,17351,214276,Available
R0000595,S000515,United Airlines,MileagePlus,Business,88906,6189,217155,Available
R0000596,S000515,Singapore Airlines,KrisFlyer,Business,125768,10385,401647,Available
R0000597,S000518,Air Canada,Aeroplan,Economy,54027,8430,131473,Available
R0000598,S000519,Emirates,Skywards,Economy,28144,15212,102218,Available
R0000599,S000520,Etihad Airways,Etihad Guest,Business,116668,10336,362963,Available
R0000600,S000521,United Airlines,MileagePlus,Economy,31275,15942,94068,Available
R0000601,S000523,Qatar Airways,Privilege Club,Business,77852,7533,242595,Available
R0000602,S000523,Air Canada,Aeroplan,Business,121663,10100,371272,Available
R0000603,S000528,Etihad Airways,Etihad Guest,Economy,59221,5301,144833,Available
R0000604,S000532,Air Canada,Aeroplan,Business,77397,10779,179359,Available
R0000605,S000532,Air India,Flying Returns,Business,128885,9576,379818,Available
R0000606,S000534,Air Canada,Aeroplan,Business,85194,13268,186830,Available
R0000607,S000534,Etihad Airways,Etihad Guest,Business,71117,9006,180004,Available
R0000608,S000535,Etihad Airways,Etihad Guest,Business,65332,13379,132296,Available
R0000609,S000536,Qatar Airways,Privilege Club,Economy,53006,14363,129784,Available
R0000610,S000536,Etihad Airways,Etihad Guest,Economy,40698,9567,77449,Available
R0000611,S000538,Etihad Airways,Etihad Guest,Business,102837,16152,302519,Available
R0000612,S000539,Air India,Flying Returns,Business,118561,3771,358393,Available
R0000613,S000541,Qatar Airways,Privilege Club,Business,67184,11372,214467,Available
R0000614,S000542,Air Canada,Aeroplan,Business,64693,12306,133241,Available
R0000615,S000543,Qatar Airways,Privilege Club,First,156201,14600,462607,Available
R0000616,S000543,Etihad Airways,Etihad Guest,First,144385,9580,285003,Available
R0000617,S000547,United Airlines,MileagePlus,Business,88099,16571,292227,Available
R0000618,S000547,Air Canada,Aeroplan,Business,109101,3900,325483,Available
R0000619,S000547,Singapore Airlines,KrisFlyer,Business,145251,14557,322947,Available
R0000620,S000548,Lufthansa,Miles & More,Business,101073,9661,285005,Available
R0000621,S000548,Emirates,Skywards,Business,98229,13177,300880,Available
R0000622,S000548,Qatar Airways,Privilege Club,Business,91374,17624,226463,Available
R0000623,S000551,Lufthansa,Miles & More,Economy,60637,16447,186084,Available
R0000624,S000552,Air India,Flying Returns,Business,86576,17135,164393,Available
R0000625,S000553,United Airlines,MileagePlus,Economy,32063,6837,85682,Available
R0000626,S000554,Emirates,Skywards,Business,73365,5885,151983,Available
R0000627,S000555,Air India,Flying Returns,Economy,54780,5919,151916,Available
R0000628,S000556,Air Canada,Aeroplan,Business,126461,9721,288603,Available
R0000629,S000556,Emirates,Skywards,Business,140925,14113,256093,Available
R0000630,S000557,Air Canada,Aeroplan,Business,103995,6096,199375,Available
R0000631,S000559,Air Canada,Aeroplan,Economy,40300,16348,95926,Available
R0000632,S000560,Air India,Flying Returns,Business,92403,5726,281463,Available
R0000633,S000561,Emirates,Skywards,Economy,33527,12495,114880,Available
R0000634,S000562,Qatar Airways,Privilege Club,Business,108880,17318,192280,Available
R0000635,S000562,Air India,Flying Returns,Business,84381,17668,212021,Available
R0000636,S000563,Qatar Airways,Privilege Club,Business,124660,17383,409348,Available
R0000637,S000563,United Airlines,MileagePlus,Business,107505,10245,280258,Available
R0000638,S000563,Air India,Flying Returns,Business,138755,16128,432370,Available
R0000639,S000564,Singapore Airlines,KrisFlyer,Business,108201,12053,212883,Available
R0000640,S000567,Air India,Flying Returns,Business,126214,9863,242503,Available
R0000641,S000569,Singapore Airlines,KrisFlyer,First,165835,16352,296945,Available
R0000642,S000569,Emirates,Skywards,First,167752,11108,363110,Available
R0000643,S000570,Singapore Airlines,KrisFlyer,Business,71036,5658,220322,Available
R0000644,S000572,Emirates,Skywards,First,115518,4698,260776,Available
R0000645,S000572,Qatar Airways,Privilege Club,First,185877,5932,336438,Available
R0000646,S000572,Lufthansa,Miles & More,First,110959,6448,191672,Available
R0000647,S000573,Emirates,Skywards,Economy,59054,13150,164525,Available
R0000648,S000575,Lufthansa,Miles & More,Economy,33412,3833,90921,Available
R0000649,S000579,Emirates,Skywards,Economy,41062,12464,143212,Available
R0000650,S000579,Qatar Airways,Privilege Club,Economy,54704,9936,100434,Available
R0000651,S000580,Qatar Airways,Privilege Club,Economy,57068,17021,131645,Available
R0000652,S000580,Singapore Airlines,KrisFlyer,Economy,32629,3789,58545,Available
R0000653,S000580,Lufthansa,Miles & More,Economy,47776,12424,111622,Available
R0000654,S000582,United Airlines,MileagePlus,Economy,56881,5656,150107,Available
R0000655,S000584,Singapore Airlines,KrisFlyer,Business,124388,8227,220362,Available
R0000656,S000584,Qatar Airways,Privilege Club,Business,131017,13149,389268,Available
R0000657,S000584,Air Canada,Aeroplan,Business,149194,17603,322995,Available
R0000658,S000585,Singapore Airlines,KrisFlyer,Economy,51937,15286,164768,Available
R0000659,S000589,Air Canada,Aeroplan,Business,136258,6815,343770,Available
R0000660,S000590,Air Canada,Aeroplan,Economy,37850,8364,83815,Available
R0000661,S000590,Emirates,Skywards,Economy,33481,17029,72753,Available
R0000662,S000593,Air India,Flying Returns,Economy,51776,16088,165963,Available
R0000663,S000594,Lufthansa,Miles & More,First,207558,4210,380086,Available
R0000664,S000594,Qatar Airways,Privilege Club,First,114892,6999,357982,Available
R0000665,S000595,Emirates,Skywards,Business,98025,3729,208806,Available
R0000666,S000595,Qatar Airways,Privilege Club,Business,101500,6374,197952,Available
R0000667,S000596,Emirates,Skywards,Economy,37711,10266,81894,Available
R0000668,S000596,Etihad Airways,Etihad Guest,Economy,57771,16256,160092,Available
R0000669,S000597,Singapore Airlines,KrisFlyer,Economy,26357,9728,65222,Available
R0000670,S000598,Air India,Flying Returns,Economy,42736,7234,114161,Available
R0000671,S000598,Qatar Airways,Privilege Club,Economy,43491,14676,148469,Available
R0000672,S000598,Lufthansa,Miles & More,Economy,29291,16856,94912,Available
R0000673,S000599,United Airlines,MileagePlus,Economy,52814,11021,128546,Available
R0000674,S000600,Qatar Airways,Privilege Club,Business,127356,17261,282171,Available
R0000675,S000600,Air India,Flying Returns,Business,107388,11795,292175,Available
R0000676,S000601,Air Canada,Aeroplan,Business,64055,11083,158133,Available
R0000677,S000602,Qatar Airways,Privilege Club,Economy,43274,16277,110005,Available
R0000678,S000603,Singapore Airlines,KrisFlyer,Economy,37984,17234,92104,Available
R0000679,S000603,Emirates,Skywards,Economy,41087,13719,132289,Available
R0000680,S000604,Air India,Flying Returns,Economy,41964,16209,131970,Available
R0000681,S000605,United Airlines,MileagePlus,Economy,33800,7425,72893,Available
R0000682,S000605,Air Canada,Aeroplan,Economy,27119,12069,71095,Available
R0000683,S000606,Lufthansa,Miles & More,Business,100355,17720,250789,Available
R0000684,S000608,Emirates,Skywards,Economy,45618,12880,97808,Available
R0000685,S000609,Singapore Airlines,KrisFlyer,Economy,41195,5513,80195,Available
R0000686,S000609,United Airlines,MileagePlus,Economy,61309,17540,168179,Available
R0000687,S000609,Emirates,Skywards,Economy,28505,14792,93748,Available
R0000688,S000610,Singapore Airlines,KrisFlyer,Business,71383,12801,178691,Available
R0000689,S000610,Air India,Flying Returns,Business,62653,16903,205069,Available
R0000690,S000610,Qatar Airways,Privilege Club,Business,84916,12112,269342,Available
R0000691,S000611,Qatar Airways,Privilege Club,Economy,59855,11317,199875,Available
R0000692,S000611,United Airlines,MileagePlus,Economy,45253,9216,93692,Available
R0000693,S000614,Emirates,Skywards,Business,71563,15673,158832,Available
R0000694,S000614,Air India,Flying Returns,Business,89994,10198,224438,Available
R0000695,S000614,Lufthansa,Miles & More,Business,78030,16258,222700,Available
R0000696,S000615,Qatar Airways,Privilege Club,Business,105963,12424,323949,Available
R0000697,S000616,Etihad Airways,Etihad Guest,Economy,42863,14020,85602,Available
R0000698,S000616,Emirates,Skywards,Economy,43872,3840,134638,Available
R0000699,S000618,United Airlines,MileagePlus,Business,95176,14745,297461,Available
R0000700,S000619,Emirates,Skywards,Economy,49017,12770,125482,Available
R0000701,S000620,Air Canada,Aeroplan,Economy,58526,6594,149618,Available
R0000702,S000620,Singapore Airlines,KrisFlyer,Economy,41496,5920,126139,Available
R0000703,S000623,Emirates,Skywards,Business,87487,13022,232221,Available
R0000704,S000624,Singapore Airlines,KrisFlyer,Business,137837,8633,410256,Available
R0000705,S000624,Lufthansa,Miles & More,Business,123697,12755,258933,Available
R0000706,S000626,Emirates,Skywards,Business,62455,7292,138446,Available
R0000707,S000628,Emirates,Skywards,Economy,37697,6713,67164,Available
R0000708,S000628,Air Canada,Aeroplan,Economy,59992,6358,122567,Available
R0000709,S000629,Air India,Flying Returns,Business,128901,12355,424064,Available
R0000710,S000629,Singapore Airlines,KrisFlyer,Business,94852,14627,267385,Available
R0000711,S000629,Etihad Airways,Etihad Guest,Business,130509,16460,412488,Available
R0000712,S000630,United Airlines,MileagePlus,Economy,60415,8866,162984,Available
R0000713,S000630,Etihad Airways,Etihad Guest,Economy,28159,3833,54988,Available
R0000714,S000632,Air Canada,Aeroplan,Business,123957,3505,260390,Available
R0000715,S000632,Lufthansa,Miles & More,Business,90208,10219,195219,Available
R0000716,S000633,Qatar Airways,Privilege Club,Economy,37837,15533,93812,Available
R0000717,S000635,Air India,Flying Returns,Economy,42276,12319,93643,Available
R0000718,S000636,Singapore Airlines,KrisFlyer,Business,135813,4175,350171,Available
R0000719,S000636,Air Canada,Aeroplan,Business,69785,7897,208330,Available
R0000720,S000637,Singapore Airlines,KrisFlyer,First,114980,11314,222653,Available
R0000721,S000640,Qatar Airways,Privilege Club,Economy,61941,12751,152385,Available
R0000722,S000641,Singapore Airlines,KrisFlyer,Economy,63708,6039,159453,Available
R0000723,S000642,Emirates,Skywards,Economy,47692,14485,123708,Available
R0000724,S000642,Air Canada,Aeroplan,Economy,39782,8626,99637,Available
R0000725,S000644,Air India,Flying Returns,Economy,57068,12681,135551,Available
R0000726,S000644,Air Canada,Aeroplan,Economy,29462,7221,70970,Available
R0000727,S000646,Lufthansa,Miles & More,Economy,28649,10244,69614,Available
R0000728,S000646,Air India,Flying Returns,Economy,25493,14997,60665,Available
R0000729,S000647,Lufthansa,Miles & More,Business,112592,3709,294602,Available
R0000730,S000648,Etihad Airways,Etihad Guest,Business,130306,7700,379946,Available
R0000731,S000648,Singapore Airlines,KrisFlyer,Business,134875,15473,445454,Available
R0000732,S000650,Emirates,Skywards,Business,97064,11548,235294,Available
R0000733,S000650,Singapore Airlines,KrisFlyer,Business,120245,13179,236530,Available
R0000734,S000650,Air India,Flying Returns,Business,78736,7909,223549,Available
R0000735,S000651,United Airlines,MileagePlus,Economy,48573,5498,157973,Available
R0000736,S000651,Air India,Flying Returns,Economy,44750,13264,115569,Available
R0000737,S000651,Air Canada,Aeroplan,Economy,30340,11026,65862,Available
R0000738,S000652,Air Canada,Aeroplan,Business,119700,15935,240248,Available
R0000739,S000652,Air India,Flying Returns,Business,114326,6474,198789,Available
R0000740,S000653,Emirates,Skywards,Economy,39033,17921,94468,Available
R0000741,S000654,United Airlines,MileagePlus,Business,100039,17684,324060,Available
R0000742,S000654,Singapore Airlines,KrisFlyer,Business,136080,15524,293976,Available
R0000743,S000657,Qatar Airways,Privilege Club,First,141664,14004,404648,Available
R0000744,S000657,United Airlines,MileagePlus,First,186878,9249,586868,Available
R0000745,S000658,Lufthansa,Miles & More,Business,67405,10547,222534,Available
R0000746,S000659,Air Canada,Aeroplan,Business,118093,17378,293057,Available
R0000747,S000659,Air India,Flying Returns,Business,130126,6974,244488,Available
R0000748,S000660,Lufthansa,Miles & More,Economy,47703,6802,141563,Available
R0000749,S000662,Emirates,Skywards,Economy,53444,7151,115172,Available
R0000750,S000662,Air India,Flying Returns,Economy,63154,11397,177130,Available
R0000751,S000663,Lufthansa,Miles & More,Business,136347,12741,412291,Available
R0000752,S000663,Air Canada,Aeroplan,Business,65889,13573,133001,Available
R0000753,S000664,Singapore Airlines,KrisFlyer,Economy,40402,11483,98004,Available
R0000754,S000664,Etihad Airways,Etihad Guest,Economy,43006,16529,134094,Available
R0000755,S000664,Lufthansa,Miles & More,Economy,28275,13703,89908,Available
R0000756,S000665,Etihad Airways,Etihad Guest,Economy,64972,15031,157272,Available
R0000757,S000665,Lufthansa,Miles & More,Economy,36344,10348,93991,Available
R0000758,S000666,Lufthansa,Miles & More,Business,83457,15636,185814,Available
R0000759,S000666,United Airlines,MileagePlus,Business,74467,13426,192012,Available
R0000760,S000668,Emirates,Skywards,Business,145362,7658,303375,Available
R0000761,S000668,Singapore Airlines,KrisFlyer,Business,124980,7621,327733,Available
R0000762,S000670,Singapore Airlines,KrisFlyer,Business,129474,11432,276413,Available
R0000763,S000670,Qatar Airways,Privilege Club,Business,76334,15057,153769,Available
R0000764,S000671,Air India,Flying Returns,Business,88363,17800,170939,Available
R0000765,S000671,Emirates,Skywards,Business,65613,15971,221835,Available
R0000766,S000671,Qatar Airways,Privilege Club,Business,61274,7762,112187,Available
R0000767,S000673,Air India,Flying Returns,Economy,44782,9755,81767,Available
R0000768,S000673,Etihad Airways,Etihad Guest,Economy,25332,12718,87527,Available
R0000769,S000674,Qatar Airways,Privilege Club,Economy,47826,15045,143369,Available
R0000770,S000674,United Airlines,MileagePlus,Economy,31553,15155,85775,Available
R0000771,S000674,Lufthansa,Miles & More,Economy,35183,10749,113679,Available
R0000772,S000675,Qatar Airways,Privilege Club,Business,115015,8804,289110,Available
R0000773,S000676,Air India,Flying Returns,Economy,47424,14908,123022,Available
R0000774,S000676,Qatar Airways,Privilege Club,Economy,64204,15342,139518,Available
R0000775,S000678,United Airlines,MileagePlus,Business,107764,13807,338933,Available
R0000776,S000678,Qatar Airways,Privilege Club,Business,131889,6251,330411,Available
R0000777,S000678,Singapore Airlines,KrisFlyer,Business,79227,11983,239811,Available
R0000778,S000679,Singapore Airlines,KrisFlyer,Economy,57034,4003,161209,Available
R0000779,S000680,Qatar Airways,Privilege Club,Economy,30423,14229,107750,Available
R0000780,S000680,Singapore Airlines,KrisFlyer,Economy,51833,17807,109633,Available
R0000781,S000680,Emirates,Skywards,Economy,49107,13687,119186,Available
R0000782,S000681,Air Canada,Aeroplan,Economy,48580,10493,93359,Available
R0000783,S000681,Singapore Airlines,KrisFlyer,Economy,48902,13233,129928,Available
R0000784,S000682,Singapore Airlines,KrisFlyer,Economy,36300,6776,89181,Available
R0000785,S000685,Air Canada,Aeroplan,First,143076,10730,298119,Available
R0000786,S000685,Lufthansa,Miles & More,First,210136,9683,541021,Available
R0000787,S000687,United Airlines,MileagePlus,Economy,50657,14835,124962,Available
R0000788,S000687,Air Canada,Aeroplan,Economy,28751,17352,76590,Available
R0000789,S000689,Qatar Airways,Privilege Club,Economy,53259,14942,181780,Available
R0000790,S000690,Qatar Airways,Privilege Club,Business,75433,3953,127332,Available
R0000791,S000690,United Airlines,MileagePlus,Business,99113,10704,207018,Available
R0000792,S000693,Lufthansa,Miles & More,Business,99241,8766,312628,Available
R0000793,S000694,Singapore Airlines,KrisFlyer,Economy,62112,13066,194427,Available
R0000794,S000695,United Airlines,MileagePlus,Economy,58672,8542,177533,Available
R0000795,S000696,Singapore Airlines,KrisFlyer,Economy,45012,12546,90582,Available
R0000796,S000696,Air Canada,Aeroplan,Economy,51943,11930,98391,Available
R0000797,S000700,Air India,Flying Returns,Business,87485,7094,150067,Available
R0000798,S000700,Qatar Airways,Privilege Club,Business,124770,15960,311655,Available
R0000799,S000702,Air Canada,Aeroplan,Economy,31993,15211,67048,Available
R0000800,S000703,Air India,Flying Returns,Business,83823,5834,270027,Available
R0000801,S000703,Qatar Airways,Privilege Club,Business,108200,4102,281631,Available
R0000802,S000704,United Airlines,MileagePlus,Business,82937,5976,161497,Available
R0000803,S000705,Emirates,Skywards,Economy,52990,8329,155662,Available
R0000804,S000706,Air Canada,Aeroplan,Business,74129,17730,176188,Available
R0000805,S000706,Singapore Airlines,KrisFlyer,Business,131560,12392,380970,Available
R0000806,S000707,Etihad Airways,Etihad Guest,Economy,63191,4915,121024,Available
R0000807,S000707,Lufthansa,Miles & More,Economy,62030,5188,190254,Available
R0000808,S000708,Etihad Airways,Etihad Guest,Business,101746,12667,212271,Available
R0000809,S000709,Air Canada,Aeroplan,Business,149644,12028,442806,Available
R0000810,S000710,Air Canada,Aeroplan,Business,135489,6395,427391,Available
R0000811,S000711,Etihad Airways,Etihad Guest,Business,66644,10894,171913,Available
R0000812,S000711,Emirates,Skywards,Business,91488,7850,175838,Available
R0000813,S000711,Qatar Airways,Privilege Club,Business,85153,10669,225613,Available
R0000814,S000714,Lufthansa,Miles & More,Business,142139,12416,279734,Available
R0000815,S000714,Emirates,Skywards,Business,66917,5549,189391,Available
R0000816,S000715,Qatar Airways,Privilege Club,Economy,56682,17142,132318,Available
R0000817,S000716,Etihad Airways,Etihad Guest,Business,77448,9511,192432,Available
R0000818,S000718,Qatar Airways,Privilege Club,Economy,59587,3627,183390,Available
R0000819,S000718,Singapore Airlines,KrisFlyer,Economy,56363,16312,135091,Available
R0000820,S000718,Lufthansa,Miles & More,Economy,54428,11437,138545,Available
R0000821,S000719,Air Canada,Aeroplan,Economy,27179,11868,92631,Available
R0000822,S000722,Air India,Flying Returns,Business,118794,5363,240969,Available
R0000823,S000722,Emirates,Skywards,Business,125013,10742,384169,Available
R0000824,S000724,Air India,Flying Returns,Business,85572,7671,172443,Available
R0000825,S000725,Singapore Airlines,KrisFlyer,Economy,43288,15358,102816,Available
R0000826,S000728,Singapore Airlines,KrisFlyer,Economy,42879,13879,130199,Available
R0000827,S000728,Air India,Flying Returns,Economy,45907,6870,91039,Available
R0000828,S000728,United Airlines,MileagePlus,Economy,60798,8195,152632,Available
R0000829,S000730,Etihad Airways,Etihad Guest,Business,107530,4453,304707,Available
R0000830,S000730,Air India,Flying Returns,Business,62030,4093,128376,Available
R0000831,S000730,Singapore Airlines,KrisFlyer,Business,74362,13368,191368,Available
R0000832,S000732,United Airlines,MileagePlus,Economy,30078,6311,88457,Available
R0000833,S000732,Air India,Flying Returns,Economy,39006,12979,75783,Available
R0000834,S000733,Qatar Airways,Privilege Club,Business,101500,6386,211676,Available
R0000835,S000733,Etihad Airways,Etihad Guest,Business,107328,3955,331529,Available
R0000836,S000734,Qatar Airways,Privilege Club,Economy,36254,12772,114436,Available
R0000837,S000734,Emirates,Skywards,Economy,44029,10616,115871,Available
R0000838,S000735,Lufthansa,Miles & More,Economy,64665,8994,194881,Available
R0000839,S000736,Air Canada,Aeroplan,Business,122584,9884,228101,Available
R0000840,S000736,Emirates,Skywards,Business,97917,6013,317932,Available
R0000841,S000739,Etihad Airways,Etihad Guest,Business,85010,6158,198373,Available
R0000842,S000739,Qatar Airways,Privilege Club,Business,95663,5031,194967,Available
R0000843,S000740,Emirates,Skywards,Economy,47902,9286,126630,Available
R0000844,S000740,Lufthansa,Miles & More,Economy,31093,17330,77560,Available
R0000845,S000740,Air Canada,Aeroplan,Economy,48118,8516,136898,Available
R0000846,S000742,Singapore Airlines,KrisFlyer,Business,92054,13536,217652,Available
R0000847,S000742,Air India,Flying Returns,Business,103628,8248,225375,Available
R0000848,S000743,Singapore Airlines,KrisFlyer,Economy,64697,9920,208946,Available
R0000849,S000743,Emirates,Skywards,Economy,64128,5347,108799,Available
R0000850,S000744,Air India,Flying Returns,First,120110,16106,257510,Available
R0000851,S000747,United Airlines,MileagePlus,Business,69539,17362,218491,Available
R0000852,S000748,Lufthansa,Miles & More,Economy,38371,3631,68787,Available
R0000853,S000748,United Airlines,MileagePlus,Economy,54252,9657,132122,Available
R0000854,S000750,Emirates,Skywards,Business,62676,4715,109511,Available
R0000855,S000751,Etihad Airways,Etihad Guest,Business,77165,15500,231027,Available
R0000856,S000751,Air Canada,Aeroplan,Business,97106,12708,239131,Available
R0000857,S000752,Emirates,Skywards,Business,137005,17560,310785,Available
R0000858,S000753,Singapore Airlines,KrisFlyer,Economy,44021,5465,123067,Available
R0000859,S000753,Lufthansa,Miles & More,Economy,34939,14203,70544,Available
R0000860,S000754,Qatar Airways,Privilege Club,Business,104055,8001,260929,Available
R0000861,S000755,Etihad Airways,Etihad Guest,Economy,55897,9081,145005,Available
R0000862,S000756,United Airlines,MileagePlus,Business,84556,16556,187197,Available
R0000863,S000758,Emirates,Skywards,Business,113741,17334,248588,Available
R0000864,S000758,Lufthansa,Miles & More,Business,93049,8426,221428,Available
R0000865,S000762,Emirates,Skywards,First,197855,12574,366373,Available
R0000866,S000762,Singapore Airlines,KrisFlyer,First,212170,9688,424403,Available
R0000867,S000764,Emirates,Skywards,First,168656,4808,502510,Available
R0000868,S000764,Lufthansa,Miles & More,First,142967,16291,383233,Available
R0000869,S000764,United Airlines,MileagePlus,First,158625,8574,490319,Available
R0000870,S000768,Etihad Airways,Etihad Guest,Economy,28249,7401,78487,Available
R0000871,S000768,Emirates,Skywards,Economy,55356,8657,123124,Available
R0000872,S000768,Air India,Flying Returns,Economy,44423,7910,122742,Available
R0000873,S000769,Air India,Flying Returns,Business,115324,7117,205045,Available
R0000874,S000769,Lufthansa,Miles & More,Business,124289,15888,298559,Available
R0000875,S000770,Emirates,Skywards,Economy,64288,5975,113341,Available
R0000876,S000772,Air India,Flying Returns,Economy,31163,5323,92180,Available
R0000877,S000774,Singapore Airlines,KrisFlyer,Business,124106,14724,404641,Available
R0000878,S000775,Etihad Airways,Etihad Guest,Business,108321,10573,190689,Available
R0000879,S000776,Lufthansa,Miles & More,Economy,31384,17657,90326,Available
R0000880,S000776,Qatar Airways,Privilege Club,Economy,47334,8848,114269,Available
R0000881,S000776,Air Canada,Aeroplan,Economy,35694,16773,119582,Available
R0000882,S000777,Qatar Airways,Privilege Club,Business,81677,14960,166305,Available
R0000883,S000777,Etihad Airways,Etihad Guest,Business,117511,14845,384174,Available
R0000884,S000779,Emirates,Skywards,Economy,55182,16016,145648,Available
R0000885,S000781,Lufthansa,Miles & More,Economy,60657,9459,182507,Available
R0000886,S000781,Air India,Flying Returns,Economy,64907,5258,191322,Available
R0000887,S000782,Lufthansa,Miles & More,Economy,41482,7149,101090,Available
R0000888,S000782,Qatar Airways,Privilege Club,Economy,27157,8079,58608,Available
R0000889,S000783,Emirates,Skywards,Economy,40719,13703,80832,Available
R0000890,S000783,Air Canada,Aeroplan,Economy,26969,8471,79873,Available
R0000891,S000784,Etihad Airways,Etihad Guest,Economy,58375,9921,152408,Available
R0000892,S000786,United Airlines,MileagePlus,Business,116087,13612,236195,Available
R0000893,S000786,Air India,Flying Returns,Business,74416,6244,209590,Available
R0000894,S000787,Air India,Flying Returns,Business,73164,14321,139713,Available
R0000895,S000788,Air Canada,Aeroplan,Business,65934,14651,196844,Available
R0000896,S000789,Air India,Flying Returns,Economy,59218,8605,146023,Available
R0000897,S000789,Air Canada,Aeroplan,Economy,64820,13564,214974,Available
R0000898,S000790,Singapore Airlines,KrisFlyer,Business,121470,6511,278975,Available
R0000899,S000795,Etihad Airways,Etihad Guest,Business,64833,7146,150012,Available
R0000900,S000796,Air India,Flying Returns,Business,130643,16236,263087,Available
R0000901,S000796,Emirates,Skywards,Business,97551,6395,308146,Available
R0000902,S000797,Air India,Flying Returns,Economy,58182,15786,136620,Available
R0000903,S000797,Qatar Airways,Privilege Club,Economy,31337,11646,83993,Available
R0000904,S000798,Emirates,Skywards,Economy,47954,4550,87938,Available
R0000905,S000799,Etihad Airways,Etihad Guest,Economy,28356,8688,99007,Available
R0000906,S000801,Singapore Airlines,KrisFlyer,Economy,63065,7157,138081,Available
R0000907,S000801,United Airlines,MileagePlus,Economy,41656,6395,75615,Available
R0000908,S000802,Lufthansa,Miles & More,Business,143649,8854,289238,Available
R0000909,S000803,Singapore Airlines,KrisFlyer,Economy,56928,8362,143668,Available
R0000910,S000803,Air Canada,Aeroplan,Economy,43323,16265,100948,Available
R0000911,S000803,Lufthansa,Miles & More,Economy,52189,8070,140881,Available
R0000912,S000804,Etihad Airways,Etihad Guest,First,126712,7867,392244,Available
R0000913,S000805,Air Canada,Aeroplan,Business,100876,15133,218597,Available
R0000914,S000805,United Airlines,MileagePlus,Business,66747,5699,126044,Available
R0000915,S000806,Etihad Airways,Etihad Guest,Economy,60591,4992,154174,Available
R0000916,S000807,Lufthansa,Miles & More,Economy,64162,11672,198143,Available
R0000917,S000807,Air Canada,Aeroplan,Economy,47168,10723,121964,Available
R0000918,S000808,Air Canada,Aeroplan,Economy,64886,11684,185951,Available
R0000919,S000809,Qatar Airways,Privilege Club,First,175234,13904,383342,Available
R0000920,S000810,Air India,Flying Returns,Business,147601,17504,272212,Available
R0000921,S000810,United Airlines,MileagePlus,Business,78267,15790,195259,Available
R0000922,S000811,Lufthansa,Miles & More,Economy,60866,6255,128448,Available
R0000923,S000811,Etihad Airways,Etihad Guest,Economy,45432,17575,101565,Available
R0000924,S000813,Air India,Flying Returns,Business,144305,11657,448495,Available
R0000925,S000813,Emirates,Skywards,Business,60918,8247,125620,Available
R0000926,S000814,Qatar Airways,Privilege Club,Economy,47019,9416,102467,Available
R0000927,S000814,Singapore Airlines,KrisFlyer,Economy,58004,3806,141934,Available
R0000928,S000816,Singapore Airlines,KrisFlyer,Business,149889,11150,349510,Available
R0000929,S000817,United Airlines,MileagePlus,Economy,48012,11086,164424,Available
R0000930,S000817,Air Canada,Aeroplan,Economy,52175,6451,151649,Available
R0000931,S000817,Lufthansa,Miles & More,Economy,26537,6668,79664,Available
R0000932,S000818,Lufthansa,Miles & More,Business,85820,13938,166738,Available
R0000933,S000819,United Airlines,MileagePlus,Economy,60014,10245,146052,Available
R0000934,S000820,Lufthansa,Miles & More,Economy,34942,4392,97032,Available
R0000935,S000820,Qatar Airways,Privilege Club,Economy,38171,10245,77761,Available
R0000936,S000821,Air Canada,Aeroplan,Economy,46565,4983,128453,Available
R0000937,S000821,United Airlines,MileagePlus,Economy,45669,10813,130772,Available
R0000938,S000823,Qatar Airways,Privilege Club,Business,81186,12679,146719,Available
R0000939,S000826,Air Canada,Aeroplan,Economy,25654,11836,73112,Available
R0000940,S000826,United Airlines,MileagePlus,Economy,47837,7739,100423,Available
R0000941,S000826,Air India,Flying Returns,Economy,42276,14256,106951,Available
R0000942,S000828,Air Canada,Aeroplan,Economy,32630,8012,93868,Available
R0000943,S000828,Lufthansa,Miles & More,Economy,33329,15252,109557,Available
R0000944,S000830,Qatar Airways,Privilege Club,First,146095,15746,389832,Available
R0000945,S000830,Emirates,Skywards,First,161218,16595,366440,Available
R0000946,S000832,Lufthansa,Miles & More,Economy,62994,11302,198589,Available
R0000947,S000832,Etihad Airways,Etihad Guest,Economy,53107,14052,102472,Available
R0000948,S000833,Emirates,Skywards,Economy,30060,10540,79998,Available
R0000949,S000833,Air Canada,Aeroplan,Economy,35662,9338,104283,Available
R0000950,S000834,Singapore Airlines,KrisFlyer,Economy,52318,4089,120060,Available
R0000951,S000836,Air India,Flying Returns,Business,102439,12862,184687,Available
R0000952,S000836,Singapore Airlines,KrisFlyer,Business,132800,13091,318660,Available
R0000953,S000837,Singapore Airlines,KrisFlyer,Business,130242,16708,231344,Available
R0000954,S000837,Etihad Airways,Etihad Guest,Business,109008,13974,204943,Available
R0000955,S000838,Emirates,Skywards,Economy,43528,13185,142125,Available
R0000956,S000841,Emirates,Skywards,Economy,51163,11775,122164,Available
R0000957,S000841,Etihad Airways,Etihad Guest,Economy,47855,17773,154773,Available
R0000958,S000842,Etihad Airways,Etihad Guest,Business,71041,14117,208302,Available
R0000959,S000843,Air Canada,Aeroplan,Economy,48391,7305,161418,Available
R0000960,S000843,Emirates,Skywards,Economy,42951,5310,114112,Available
R0000961,S000844,Air Canada,Aeroplan,Business,60141,8155,128781,Available
R0000962,S000844,Etihad Airways,Etihad Guest,Business,122971,15718,346066,Available
R0000963,S000844,United Airlines,MileagePlus,Business,85785,4307,230820,Available
R0000964,S000845,Emirates,Skywards,Business,141247,15580,296973,Available
R0000965,S000846,United Airlines,MileagePlus,Business,118568,4691,336139,Available
R0000966,S000846,Emirates,Skywards,Business,75870,15009,183143,Available
R0000967,S000847,Air Canada,Aeroplan,Economy,55671,11659,179767,Available
R0000968,S000847,Etihad Airways,Etihad Guest,Economy,64284,6983,156562,Available
R0000969,S000848,Lufthansa,Miles & More,Economy,54278,15111,130499,Available
R0000970,S000848,Qatar Airways,Privilege Club,Economy,48054,14426,101411,Available
R0000971,S000850,Air India,Flying Returns,Economy,47295,13313,116554,Available
R0000972,S000850,Singapore Airlines,KrisFlyer,Economy,64811,11421,198152,Available
R0000973,S000853,Etihad Airways,Etihad Guest,Economy,59567,6887,116155,Available
R0000974,S000854,Etihad Airways,Etihad Guest,First,144226,8798,295828,Available
R0000975,S000854,Emirates,Skywards,First,132989,13312,358189,Available
R0000976,S000854,United Airlines,MileagePlus,First,116861,10771,322204,Available
R0000977,S000856,Air India,Flying Returns,Economy,60080,10515,107035,Available
R0000978,S000856,Qatar Airways,Privilege Club,Economy,57908,10392,112666,Available
R0000979,S000856,Emirates,Skywards,Economy,44267,11128,112090,Available
R0000980,S000857,United Airlines,MileagePlus,Economy,34348,13269,111492,Available
R0000981,S000858,Etihad Airways,Etihad Guest,Economy,51247,4895,111084,Available
R0000982,S000858,Air Canada,Aeroplan,Economy,42140,13723,95751,Available
R0000983,S000858,United Airlines,MileagePlus,Economy,37758,12923,99922,Available
R0000984,S000859,Emirates,Skywards,First,150668,14689,395418,Available
R0000985,S000859,Etihad Airways,Etihad Guest,First,176598,11420,524511,Available
R0000986,S000860,Air India,Flying Returns,Economy,55715,15680,145459,Available
R0000987,S000860,Singapore Airlines,KrisFlyer,Economy,59421,3544,185726,Available
R0000988,S000862,Emirates,Skywards,Economy,41151,10281,120471,Available
R0000989,S000862,Qatar Airways,Privilege Club,Economy,35353,17319,88449,Available
R0000990,S000863,Lufthansa,Miles & More,Business,60152,16973,157080,Available
R0000991,S000864,Air India,Flying Returns,Economy,25018,13128,88341,Available
R0000992,S000865,Emirates,Skywards,First,181565,17126,553164,Available
R0000993,S000865,Lufthansa,Miles & More,First,156240,5455,342969,Available
R0000994,S000866,Air India,Flying Returns,Business,116683,14648,303237,Available
R0000995,S000866,Singapore Airlines,KrisFlyer,Business,115001,5870,283353,Available
R0000996,S000866,Air Canada,Aeroplan,Business,137863,17787,430979,Available
R0000997,S000867,Qatar Airways,Privilege Club,Economy,34366,8719,104072,Available
R0000998,S000867,Lufthansa,Miles & More,Economy,42114,15619,135455,Available
R0000999,S000867,Air India,Flying Returns,Economy,33687,8908,71511,Available
R0001000,S000868,Qatar Airways,Privilege Club,Business,68735,14755,231024,Available
R0001001,S000872,Air Canada,Aeroplan,Economy,29191,9123,60150,Available
R0001002,S000872,Singapore Airlines,KrisFlyer,Economy,45593,14283,127203,Available
R0001003,S000872,Air India,Flying Returns,Economy,60992,4740,193255,Available
R0001004,S000873,Emirates,Skywards,Business,124723,5707,316462,Available
R0001005,S000873,Air Canada,Aeroplan,Business,60858,7743,163919,Available
R0001006,S000874,Qatar Airways,Privilege Club,Business,73234,17520,249119,Available
R0001007,S000874,Air Canada,Aeroplan,Business,105599,11272,192067,Available
R0001008,S000875,Qatar Airways,Privilege Club,Economy,45136,11979,154461,Available
R0001009,S000876,Air India,Flying Returns,Business,80735,3922,148675,Available
R0001010,S000876,Qatar Airways,Privilege Club,Business,89228,9433,193815,Available
R0001011,S000877,Qatar Airways,Privilege Club,Economy,34003,9594,82194,Available
R0001012,S000878,Emirates,Skywards,Business,98867,6100,322383,Available
R0001013,S000879,Air Canada,Aeroplan,Economy,61269,6314,140294,Available
R0001014,S000879,Singapore Airlines,KrisFlyer,Economy,59890,7633,157145,Available
R0001015,S000879,United Airlines,MileagePlus,Economy,41595,7029,135499,Available
R0001016,S000880,Air India,Flying Returns,Economy,44406,17134,102158,Available
R0001017,S000880,Etihad Airways,Etihad Guest,Economy,53040,17462,140289,Available
R0001018,S000880,United Airlines,MileagePlus,Economy,39256,11683,136202,Available
R0001019,S000881,Air India,Flying Returns,Economy,36516,5394,105193,Available
R0001020,S000881,United Airlines,MileagePlus,Economy,32484,7769,66591,Available
R0001021,S000884,United Airlines,MileagePlus,Business,118226,17689,279936,Available
R0001022,S000886,Air Canada,Aeroplan,Economy,45741,17979,119040,Available
R0001023,S000886,Lufthansa,Miles & More,Economy,27325,10457,56926,Available
R0001024,S000887,Air India,Flying Returns,Business,107419,16425,255826,Available
R0001025,S000888,Etihad Airways,Etihad Guest,Economy,34584,15360,72641,Available
R0001026,S000889,Air Canada,Aeroplan,Economy,60846,8137,146601,Available
R0001027,S000889,Emirates,Skywards,Economy,37215,11906,107433,Available
R0001028,S000891,Qatar Airways,Privilege Club,Business,110430,12993,276025,Available
R0001029,S000894,United Airlines,MileagePlus,Business,125912,11642,344112,Available
R0001030,S000895,Lufthansa,Miles & More,First,190990,12610,517633,Available
R0001031,S000896,Etihad Airways,Etihad Guest,Economy,47869,16657,156219,Available
R0001032,S000897,Qatar Airways,Privilege Club,First,124968,12223,387698,Available
R0001033,S000898,United Airlines,MileagePlus,Business,87436,3817,273353,Available
R0001034,S000898,Emirates,Skywards,Business,68896,17285,217813,Available
R0001035,S000899,Etihad Airways,Etihad Guest,Economy,46026,5627,120734,Available
R0001036,S000900,Etihad Airways,Etihad Guest,Economy,60371,9247,134554,Available
R0001037,S000901,Lufthansa,Miles & More,Business,80581,12354,190518,Available
R0001038,S000902,Air Canada,Aeroplan,Economy,30113,9190,104298,Available
R0001039,S000904,Qatar Airways,Privilege Club,Economy,36158,16874,106639,Available
R0001040,S000905,United Airlines,MileagePlus,Economy,29457,8870,98778,Available
R0001041,S000905,Lufthansa,Miles & More,Economy,35915,6139,117470,Available
R0001042,S000905,Etihad Airways,Etihad Guest,Economy,38698,4430,87916,Available
R0001043,S000906,Lufthansa,Miles & More,Economy,57222,12812,139704,Available
R0001044,S000907,Qatar Airways,Privilege Club,Business,109019,12775,224329,Available
R0001045,S000907,Emirates,Skywards,Business,103575,14485,282192,Available
R0001046,S000908,United Airlines,MileagePlus,Economy,35456,10132,84982,Available
R0001047,S000909,Air Canada,Aeroplan,First,202747,10207,480169,Available
R0001048,S000909,Air India,Flying Returns,First,189650,13549,590698,Available
R0001049,S000909,Qatar Airways,Privilege Club,First,198169,6647,362415,Available
R0001050,S000910,Lufthansa,Miles & More,Economy,38301,14644,115276,Available
R0001051,S000910,United Airlines,MileagePlus,Economy,49569,9900,100665,Available
R0001052,S000912,Air India,Flying Returns,Economy,64005,8440,130777,Available
R0001053,S000913,Air Canada,Aeroplan,Economy,25331,5217,67286,Available
R0001054,S000914,Etihad Airways,Etihad Guest,Economy,48847,13424,136892,Available
R0001055,S000915,United Airlines,MileagePlus,Business,146316,6935,298734,Available
R0001056,S000916,Etihad Airways,Etihad Guest,Business,109973,7008,284740,Available
R0001057,S000916,Singapore Airlines,KrisFlyer,Business,95793,14839,298758,Available
R0001058,S000917,Etihad Airways,Etihad Guest,Economy,60791,17239,176574,Available
R0001059,S000917,Air India,Flying Returns,Economy,52351,9562,124061,Available
R0001060,S000926,United Airlines,MileagePlus,Business,117704,10101,383517,Available
R0001061,S000926,Lufthansa,Miles & More,Business,93994,6140,218566,Available
R0001062,S000926,Singapore Airlines,KrisFlyer,Business,121700,9137,332689,Available
R0001063,S000927,United Airlines,MileagePlus,Economy,31947,4343,85093,Available
R0001064,S000928,Air Canada,Aeroplan,Business,61604,12961,148342,Available
R0001065,S000929,Emirates,Skywards,First,159009,13556,273204,Available
R0001066,S000929,United Airlines,MileagePlus,First,217664,14292,409228,Available
R0001067,S000929,Air Canada,Aeroplan,First,194406,14147,615007,Available
R0001068,S000930,Air India,Flying Returns,First,211636,4698,543760,Available
R0001069,S000930,Emirates,Skywards,First,201492,17363,347230,Available
R0001070,S000932,Air Canada,Aeroplan,Economy,25121,6695,69260,Available
R0001071,S000935,Lufthansa,Miles & More,First,128703,6739,236737,Available
R0001072,S000935,Air India,Flying Returns,First,111892,9907,196547,Available
R0001073,S000938,Etihad Airways,Etihad Guest,Economy,36058,12388,101180,Available
R0001074,S000940,Air Canada,Aeroplan,First,207831,10947,653573,Available
R0001075,S000941,Singapore Airlines,KrisFlyer,Business,109326,13404,230096,Available
R0001076,S000941,Etihad Airways,Etihad Guest,Business,140865,10240,248746,Available
R0001077,S000942,Qatar Airways,Privilege Club,Economy,34522,13453,80769,Available
R0001078,S000943,Qatar Airways,Privilege Club,Economy,45046,11707,87144,Available
R0001079,S000943,Air Canada,Aeroplan,Economy,56185,9497,183353,Available
R0001080,S000943,Singapore Airlines,KrisFlyer,Economy,29174,15264,94521,Available
R0001081,S000944,Qatar Airways,Privilege Club,Economy,35104,13082,106355,Available
R0001082,S000944,Air Canada,Aeroplan,Economy,27925,10486,66241,Available
R0001083,S000946,Etihad Airways,Etihad Guest,First,214582,4319,549442,Available
R0001084,S000946,Qatar Airways,Privilege Club,First,173399,7120,369743,Available
R0001085,S000946,Emirates,Skywards,First,124857,14199,371978,Available
R0001086,S000947,Etihad Airways,Etihad Guest,First,127634,13504,354352,Available
R0001087,S000947,United Airlines,MileagePlus,First,212202,13997,581479,Available
R0001088,S000947,Emirates,Skywards,First,219787,12951,567894,Available
R0001089,S000950,Air Canada,Aeroplan,Business,124783,4683,214199,Available
R0001090,S000950,United Airlines,MileagePlus,Business,140447,10239,301721,Available
R0001091,S000951,United Airlines,MileagePlus,Business,140190,4754,267045,Available
R0001092,S000951,Air Canada,Aeroplan,Business,94429,16670,222479,Available
R0001093,S000951,Singapore Airlines,KrisFlyer,Business,87296,9239,258087,Available
R0001094,S000952,Air Canada,Aeroplan,Business,143987,13570,449432,Available
R0001095,S000952,Air India,Flying Returns,Business,100106,17679,274451,Available
R0001096,S000952,Singapore Airlines,KrisFlyer,Business,97903,10950,256968,Available
R0001097,S000954,Lufthansa,Miles & More,Business,140624,10509,308093,Available
R0001098,S000954,United Airlines,MileagePlus,Business,137335,11291,324130,Available
R0001099,S000957,Emirates,Skywards,Business,70961,15246,145126,Available
R0001100,S000957,Air Canada,Aeroplan,Business,74349,15249,234254,Available
R0001101,S000957,Singapore Airlines,KrisFlyer,Business,145845,4987,342974,Available
R0001102,S000958,Air Canada,Aeroplan,Business,138133,10195,373664,Available
R0001103,S000959,United Airlines,MileagePlus,Business,139668,14443,309513,Available
R0001104,S000959,Qatar Airways,Privilege Club,Business,99919,8314,185291,Available
R0001105,S000960,Singapore Airlines,KrisFlyer,Economy,44163,8536,105585,Available
R0001106,S000960,Lufthansa,Miles & More,Economy,56657,7842,151835,Available
R0001107,S000963,Singapore Airlines,KrisFlyer,Economy,52932,9794,159809,Available
R0001108,S000964,Qatar Airways,Privilege Club,Business,81460,13172,206418,Available
R0001109,S000968,Emirates,Skywards,Economy,46169,8074,110441,Available
R0001110,S000968,Singapore Airlines,KrisFlyer,Economy,37699,4781,91116,Available
R0001111,S000968,United Airlines,MileagePlus,Economy,41890,5222,138912,Available
R0001112,S000971,Air India,Flying Returns,Economy,42726,9014,85174,Available
R0001113,S000973,Air Canada,Aeroplan,Economy,26823,7121,70764,Available
R0001114,S000973,Singapore Airlines,KrisFlyer,Economy,48015,5912,103593,Available
R0001115,S000974,Qatar Airways,Privilege Club,Economy,53797,12686,116305,Available
R0001116,S000974,Air India,Flying Returns,Economy,59619,14668,141186,Available
R0001117,S000975,Air India,Flying Returns,Economy,45300,10987,103730,Available
R0001118,S000975,Air Canada,Aeroplan,Economy,62574,10342,208393,Available
R0001119,S000977,Emirates,Skywards,Economy,62927,3759,170715,Available
R0001120,S000977,Singapore Airlines,KrisFlyer,Economy,49192,7601,159817,Available
R0001121,S000978,Lufthansa,Miles & More,Business,117173,9214,210445,Available
R0001122,S000978,United Airlines,MileagePlus,Business,133058,7297,222573,Available
R0001123,S000981,Lufthansa,Miles & More,Business,71609,15342,181234,Available
R0001124,S000981,Singapore Airlines,KrisFlyer,Business,130818,6386,374344,Available
R0001125,S000982,Etihad Airways,Etihad Guest,First,198523,16564,370557,Available
R0001126,S000982,Qatar Airways,Privilege Club,First,166316,12906,521229,Available
R0001127,S000983,United Airlines,MileagePlus,First,111194,9987,256489,Available
R0001128,S000984,United Airlines,MileagePlus,Economy,60600,7978,131885,Available
R0001129,S000985,Air Canada,Aeroplan,Business,61250,10509,193784,Available
R0001130,S000985,Qatar Airways,Privilege Club,Business,98678,10038,197133,Available
R0001131,S000985,Etihad Airways,Etihad Guest,Business,82722,17394,167757,Available
R0001132,S000988,Lufthansa,Miles & More,Economy,39431,12115,108010,Available
R0001133,S000988,Air India,Flying Returns,Economy,36028,9958,110924,Available
R0001134,S000989,United Airlines,MileagePlus,Economy,52467,10858,122911,Available
R0001135,S000989,Qatar Airways,Privilege Club,Economy,43137,13828,114963,Available
R0001136,S000991,Air Canada,Aeroplan,Business,145638,17872,366560,Available
R0001137,S000992,Singapore Airlines,KrisFlyer,Business,85300,16657,283890,Available
R0001138,S000992,Air Canada,Aeroplan,Business,135705,16466,323712,Available
R0001139,S000993,Air India,Flying Returns,Economy,63072,6992,157095,Available
R0001140,S000994,Air India,Flying Returns,Economy,27964,12580,98591,Available
R0001141,S000995,Qatar Airways,Privilege Club,Economy,36403,13667,82071,Available
R0001142,S000996,Air India,Flying Returns,Economy,37292,4955,121835,Available
R0001143,S000996,United Airlines,MileagePlus,Economy,38182,5390,76357,Available
R0001144,S001000,Lufthansa,Miles & More,Business,76456,17070,195199,Available
R0001145,S001001,Qatar Airways,Privilege Club,Economy,55663,13728,159662,Available
R0001146,S001001,Etihad Airways,Etihad Guest,Economy,58615,15772,131095,Available
R0001147,S001002,Singapore Airlines,KrisFlyer,Economy,25901,12361,58822,Available
R0001148,S001003,Lufthansa,Miles & More,Economy,42800,14764,144969,Available
R0001149,S001004,Etihad Airways,Etihad Guest,Economy,36187,7335,117406,Available
R0001150,S001008,Etihad Airways,Etihad Guest,Business,92212,3567,258174,Available
R0001151,S001008,Qatar Airways,Privilege Club,Business,105663,4182,238900,Available
R0001152,S001008,United Airlines,MileagePlus,Business,95906,16734,278332,Available
R0001153,S001009,Air India,Flying Returns,Business,73930,17757,140965,Available
R0001154,S001011,Qatar Airways,Privilege Club,Business,101589,5966,227940,Available
R0001155,S001011,Air Canada,Aeroplan,Business,96943,8421,303578,Available
R0001156,S001013,Lufthansa,Miles & More,Business,121894,11074,388972,Available
R0001157,S001014,Lufthansa,Miles & More,Economy,56368,14649,187926,Available
R0001158,S001016,Emirates,Skywards,Business,97499,4539,312217,Available
R0001159,S001016,Singapore Airlines,KrisFlyer,Business,149875,11066,302446,Available
R0001160,S001016,Qatar Airways,Privilege Club,Business,110540,10581,332090,Available
R0001161,S001017,Air Canada,Aeroplan,Economy,56957,15998,181350,Available
R0001162,S001017,Lufthansa,Miles & More,Economy,52907,4176,165992,Available
R0001163,S001017,United Airlines,MileagePlus,Economy,31363,12597,68403,Available
R0001164,S001018,Qatar Airways,Privilege Club,Business,114758,5444,356842,Available
R0001165,S001019,Singapore Airlines,KrisFlyer,Business,125326,8903,248293,Available
R0001166,S001020,Air Canada,Aeroplan,Economy,25403,16301,67343,Available
R0001167,S001020,Emirates,Skywards,Economy,52064,7485,139695,Available
R0001168,S001020,Singapore Airlines,KrisFlyer,Economy,52615,16857,135452,Available
R0001169,S001021,Qatar Airways,Privilege Club,Business,119228,15528,315150,Available
R0001170,S001021,Air India,Flying Returns,Business,123275,16737,364276,Available
R0001171,S001021,Emirates,Skywards,Business,93415,6654,272840,Available
R0001172,S001022,Qatar Airways,Privilege Club,Economy,28827,16406,79807,Available
R0001173,S001023,Emirates,Skywards,Economy,55200,10508,183532,Available
R0001174,S001023,Air Canada,Aeroplan,Economy,61830,16126,168953,Available
R0001175,S001023,Air India,Flying Returns,Economy,32502,13224,91872,Available
R0001176,S001024,Lufthansa,Miles & More,Business,121261,9812,215794,Available
R0001177,S001025,Qatar Airways,Privilege Club,Business,148074,11560,279882,Available
R0001178,S001026,Air India,Flying Returns,Economy,51679,15507,174326,Available
R0001179,S001026,Emirates,Skywards,Economy,37348,17683,103397,Available
R0001180,S001027,Air Canada,Aeroplan,First,193097,4777,355670,Available
R0001181,S001027,Qatar Airways,Privilege Club,First,112965,11993,213727,Available
R0001182,S001028,Emirates,Skywards,Business,85393,17192,227777,Available
R0001183,S001028,Qatar Airways,Privilege Club,Business,142894,8137,429277,Available
R0001184,S001030,Air Canada,Aeroplan,Economy,56412,5382,168373,Available
R0001185,S001031,Air Canada,Aeroplan,Economy,29314,12388,84779,Available
R0001186,S001032,Etihad Airways,Etihad Guest,Economy,47193,9530,100155,Available
R0001187,S001032,Lufthansa,Miles & More,Economy,39854,16393,82764,Available
R0001188,S001032,United Airlines,MileagePlus,Economy,52685,15625,166024,Available
R0001189,S001033,Lufthansa,Miles & More,Economy,39539,4474,100235,Available
R0001190,S001033,Etihad Airways,Etihad Guest,Economy,30187,10512,106109,Available
R0001191,S001034,Etihad Airways,Etihad Guest,Business,124791,12060,388184,Available
R0001192,S001034,Emirates,Skywards,Business,131583,10049,222262,Available
R0001193,S001034,Air Canada,Aeroplan,Business,140501,9716,419824,Available
R0001194,S001035,Lufthansa,Miles & More,Business,119755,13612,393978,Available
R0001195,S001035,Emirates,Skywards,Business,143408,8267,351658,Available
R0001196,S001036,Emirates,Skywards,Economy,56777,15974,189288,Available
R0001197,S001037,Air India,Flying Returns,Economy,29581,15559,85673,Available
R0001198,S001039,Lufthansa,Miles & More,Economy,47206,17566,128270,Available
R0001199,S001039,Etihad Airways,Etihad Guest,Economy,34811,14598,70801,Available
R0001200,S001039,Air Canada,Aeroplan,Economy,53361,8168,99483,Available
R0001201,S001040,Qatar Airways,Privilege Club,Business,64465,11855,130064,Available
R0001202,S001040,Etihad Airways,Etihad Guest,Business,148607,14449,288426,Available
R0001203,S001043,Singapore Airlines,KrisFlyer,Economy,33298,6053,93122,Available
R0001204,S001043,Lufthansa,Miles & More,Economy,34460,9722,97795,Available
R0001205,S001045,Qatar Airways,Privilege Club,Business,62020,7030,181843,Available
R0001206,S001045,Emirates,Skywards,Business,135919,7909,392891,Available
R0001207,S001048,Etihad Airways,Etihad Guest,Economy,61511,8347,196293,Available
R0001208,S001048,Air India,Flying Returns,Economy,63446,14837,142155,Available
R0001209,S001050,Emirates,Skywards,Business,120928,15542,339029,Available
R0001210,S001050,Qatar Airways,Privilege Club,Business,143401,4780,374607,Available
R0001211,S001051,Singapore Airlines,KrisFlyer,Business,100829,9958,248937,Available
R0001212,S001052,Emirates,Skywards,Business,84940,6871,201586,Available
R0001213,S001052,Singapore Airlines,KrisFlyer,Business,114617,4872,354609,Available
R0001214,S001053,Etihad Airways,Etihad Guest,Economy,30674,5026,68923,Available
R0001215,S001054,United Airlines,MileagePlus,First,219203,9668,602284,Available
R0001216,S001059,Air Canada,Aeroplan,Business,84930,6805,274996,Available
R0001217,S001059,United Airlines,MileagePlus,Business,113947,5417,297307,Available
R0001218,S001061,Air Canada,Aeroplan,Economy,39776,14724,119180,Available
R0001219,S001063,Air Canada,Aeroplan,Economy,55496,16924,177569,Available
R0001220,S001064,Emirates,Skywards,Business,114455,5426,249761,Available
R0001221,S001064,Etihad Airways,Etihad Guest,Business,69597,11049,181140,Available
R0001222,S001064,United Airlines,MileagePlus,Business,143640,15559,333903,Available
R0001223,S001065,Air India,Flying Returns,Economy,63438,16464,200055,Available
R0001224,S001065,Qatar Airways,Privilege Club,Economy,55714,7102,123394,Available
R0001225,S001065,Etihad Airways,Etihad Guest,Economy,29096,5834,84430,Available
R0001226,S001067,Emirates,Skywards,Economy,46754,7723,93480,Available
R0001227,S001067,United Airlines,MileagePlus,Economy,30302,17394,67556,Available
R0001228,S001068,Emirates,Skywards,Business,73533,13868,142289,Available
R0001229,S001069,Qatar Airways,Privilege Club,Business,107318,5775,250985,Available
R0001230,S001069,United Airlines,MileagePlus,Business,121178,13769,238057,Available
R0001231,S001069,Lufthansa,Miles & More,Business,136657,10566,259336,Available
R0001232,S001071,Etihad Airways,Etihad Guest,Economy,61769,14140,119188,Available
R0001233,S001072,Air India,Flying Returns,Economy,42616,17922,114548,Available
R0001234,S001073,Emirates,Skywards,Business,78384,17205,186667,Available
R0001235,S001073,United Airlines,MileagePlus,Business,149359,5690,366032,Available
R0001236,S001074,Air India,Flying Returns,Business,111978,7119,196304,Available
R0001237,S001074,United Airlines,MileagePlus,Business,109943,11392,320611,Available
R0001238,S001074,Qatar Airways,Privilege Club,Business,105795,17692,247194,Available
R0001239,S001075,United Airlines,MileagePlus,Economy,45867,10729,87259,Available
R0001240,S001076,United Airlines,MileagePlus,Business,134639,16574,235768,Available
R0001241,S001077,Etihad Airways,Etihad Guest,Economy,40265,9510,96518,Available
R0001242,S001079,Qatar Airways,Privilege Club,Economy,63746,7560,199581,Available
R0001243,S001079,Lufthansa,Miles & More,Economy,44180,8944,149963,Available
R0001244,S001080,Air India,Flying Returns,Business,74707,4914,208934,Available
R0001245,S001080,Lufthansa,Miles & More,Business,84975,16096,221211,Available
R0001246,S001081,United Airlines,MileagePlus,First,215950,6103,514704,Available
R0001247,S001082,Air India,Flying Returns,Business,64332,12642,132250,Available
R0001248,S001084,Air India,Flying Returns,Economy,37745,6101,86523,Available
R0001249,S001087,United Airlines,MileagePlus,Economy,42224,13069,121236,Available
R0001250,S001087,Qatar Airways,Privilege Club,Economy,25234,3613,46107,Available
R0001251,S001087,Air India,Flying Returns,Economy,28138,4308,55091,Available
R0001252,S001088,Air India,Flying Returns,Business,117684,11687,250888,Available
R0001253,S001088,Qatar Airways,Privilege Club,Business,106131,14165,335910,Available
R0001254,S001089,Singapore Airlines,KrisFlyer,Economy,42571,3876,78944,Available
R0001255,S001089,Emirates,Skywards,Economy,52765,7227,113037,Available
R0001256,S001089,Etihad Airways,Etihad Guest,Economy,49841,5982,100534,Available
R0001257,S001090,Air Canada,Aeroplan,Economy,31786,10207,68660,Available
R0001258,S001090,Emirates,Skywards,Economy,36084,8534,111748,Available
R0001259,S001091,Qatar Airways,Privilege Club,Business,66179,4404,144656,Available
R0001260,S001091,Etihad Airways,Etihad Guest,Business,96828,9304,171164,Available
R0001261,S001091,Air India,Flying Returns,Business,104723,12470,301436,Available
R0001262,S001092,Air Canada,Aeroplan,Economy,37049,4505,108561,Available
R0001263,S001093,Air India,Flying Returns,Economy,62738,5703,121018,Available
R0001264,S001094,Lufthansa,Miles & More,Business,95967,13590,243935,Available
R0001265,S001096,Emirates,Skywards,Economy,52780,3755,118819,Available
R0001266,S001096,Lufthansa,Miles & More,Economy,43384,6507,104928,Available
R0001267,S001097,Singapore Airlines,KrisFlyer,Business,127116,6726,373596,Available
R0001268,S001097,Lufthansa,Miles & More,Business,64590,5352,151288,Available
R0001269,S001097,Qatar Airways,Privilege Club,Business,128548,6216,298761,Available
R0001270,S001098,United Airlines,MileagePlus,Business,94872,5553,179545,Available
R0001271,S001098,Etihad Airways,Etihad Guest,Business,77328,11585,181457,Available
R0001272,S001100,Qatar Airways,Privilege Club,Economy,55765,6480,103176,Available
R0001273,S001101,Lufthansa,Miles & More,Economy,43124,7427,135115,Available
R0001274,S001101,Emirates,Skywards,Economy,44049,8092,89074,Available
R0001275,S001101,Etihad Airways,Etihad Guest,Economy,56230,7090,111571,Available
R0001276,S001102,Air Canada,Aeroplan,Business,98306,5225,185152,Available
R0001277,S001103,Air India,Flying Returns,Business,142443,12346,446427,Available
R0001278,S001105,Etihad Airways,Etihad Guest,Business,131246,17467,351473,Available
R0001279,S001106,Air India,Flying Returns,Business,99978,12112,292897,Available
R0001280,S001106,Singapore Airlines,KrisFlyer,Business,133269,3752,239192,Available
R0001281,S001107,Etihad Airways,Etihad Guest,Economy,47406,7891,141766,Available
R0001282,S001107,Air Canada,Aeroplan,Economy,49288,11293,90452,Available
R0001283,S001108,Etihad Airways,Etihad Guest,Business,126534,15873,251901,Available
R0001284,S001109,Singapore Airlines,KrisFlyer,Economy,48599,11489,142386,Available
R0001285,S001109,United Airlines,MileagePlus,Economy,54219,3505,116332,Available
R0001286,S001111,Etihad Airways,Etihad Guest,Business,131089,7104,424218,Available
R0001287,S001112,Lufthansa,Miles & More,Business,67774,3741,218899,Available
R0001288,S001115,Air India,Flying Returns,Business,90591,15476,226235,Available
R0001289,S001116,United Airlines,MileagePlus,Business,76621,4232,209211,Available
R0001290,S001116,Air Canada,Aeroplan,Business,82547,7389,163731,Available
R0001291,S001116,Emirates,Skywards,Business,115671,5954,208057,Available
R0001292,S001117,Lufthansa,Miles & More,Business,110730,9879,217080,Available
R0001293,S001117,United Airlines,MileagePlus,Business,71678,9201,152817,Available
R0001294,S001117,Etihad Airways,Etihad Guest,Business,105699,12963,235715,Available
R0001295,S001118,Air Canada,Aeroplan,Business,112393,5030,355177,Available
R0001296,S001119,Lufthansa,Miles & More,Economy,44231,11514,113840,Available
R0001297,S001120,Air India,Flying Returns,Business,117580,6557,209931,Available
R0001298,S001120,Singapore Airlines,KrisFlyer,Business,115088,16230,320430,Available
R0001299,S001121,Air India,Flying Returns,Business,75064,12504,189324,Available
R0001300,S001121,United Airlines,MileagePlus,Business,121105,6697,207766,Available
R0001301,S001122,Lufthansa,Miles & More,Business,115602,12636,249482,Available
R0001302,S001123,United Airlines,MileagePlus,First,203846,16658,628791,Available
R0001303,S001123,Etihad Airways,Etihad Guest,First,168912,14962,485720,Available
R0001304,S001123,Air Canada,Aeroplan,First,218560,8474,537041,Available
R0001305,S001127,Lufthansa,Miles & More,Business,83670,9973,176347,Available
R0001306,S001127,Singapore Airlines,KrisFlyer,Business,143092,5211,412029,Available
R0001307,S001127,Qatar Airways,Privilege Club,Business,83871,4528,260207,Available
R0001308,S001128,Air Canada,Aeroplan,Business,123529,6988,230339,Available
R0001309,S001128,Qatar Airways,Privilege Club,Business,126452,12262,216642,Available
R0001310,S001130,Air India,Flying Returns,Economy,36539,13306,84310,Available
R0001311,S001132,Emirates,Skywards,Business,93144,11897,216784,Available
R0001312,S001134,Lufthansa,Miles & More,Economy,30124,12581,86991,Available
R0001313,S001134,Air Canada,Aeroplan,Economy,44579,16190,122982,Available
R0001314,S001134,Etihad Airways,Etihad Guest,Economy,34250,12952,70081,Available
R0001315,S001135,Qatar Airways,Privilege Club,Business,105400,4608,210839,Available
R0001316,S001135,Air Canada,Aeroplan,Business,117199,8236,356368,Available
R0001317,S001135,United Airlines,MileagePlus,Business,69106,15970,175725,Available
R0001318,S001137,Air Canada,Aeroplan,First,111951,5870,194135,Available
R0001319,S001137,Emirates,Skywards,First,151047,9983,376608,Available
R0001320,S001137,United Airlines,MileagePlus,First,203406,6234,336148,Available
R0001321,S001138,United Airlines,MileagePlus,Business,127024,13350,273571,Available
R0001322,S001138,Lufthansa,Miles & More,Business,103977,11459,281554,Available
R0001323,S001139,Etihad Airways,Etihad Guest,Business,67159,8985,209074,Available
R0001324,S001140,Emirates,Skywards,Economy,34413,16927,118235,Available
R0001325,S001140,Lufthansa,Miles & More,Economy,64064,5156,124350,Available
R0001326,S001140,United Airlines,MileagePlus,Economy,56247,4310,120260,Available
R0001327,S001142,Air India,Flying Returns,First,172742,11835,378786,Available
R0001328,S001143,Lufthansa,Miles & More,Economy,29561,4563,59276,Available
R0001329,S001145,Lufthansa,Miles & More,Economy,58063,14681,173971,Available
R0001330,S001145,Etihad Airways,Etihad Guest,Economy,57021,9778,101917,Available
R0001331,S001146,Emirates,Skywards,Business,149538,12201,349370,Available
R0001332,S001146,United Airlines,MileagePlus,Business,77845,10420,208444,Available
R0001333,S001148,Etihad Airways,Etihad Guest,Economy,33696,17264,98238,Available
R0001334,S001149,Emirates,Skywards,First,128493,16411,411126,Available
R0001335,S001149,Qatar Airways,Privilege Club,First,155460,10572,303042,Available
R0001336,S001150,United Airlines,MileagePlus,Business,118317,17927,283353,Available
R0001337,S001152,Singapore Airlines,KrisFlyer,Economy,58189,12454,130054,Available
R0001338,S001152,Lufthansa,Miles & More,Economy,58016,9824,171778,Available
R0001339,S001153,Singapore Airlines,KrisFlyer,Business,113013,10206,331013,Available
R0001340,S001154,Qatar Airways,Privilege Club,Business,120719,11453,292224,Available
R0001341,S001154,United Airlines,MileagePlus,Business,118242,4978,198042,Available
R0001342,S001155,Singapore Airlines,KrisFlyer,Economy,44876,14690,148909,Available
R0001343,S001155,Emirates,Skywards,Economy,31754,17359,111815,Available
R0001344,S001156,Etihad Airways,Etihad Guest,Economy,54027,5766,147374,Available
R0001345,S001156,Emirates,Skywards,Economy,45843,13105,117014,Available
R0001346,S001157,Emirates,Skywards,Economy,46823,6026,126940,Available
R0001347,S001157,Lufthansa,Miles & More,Economy,58489,12936,178150,Available
R0001348,S001157,Air Canada,Aeroplan,Economy,56957,4845,158014,Available
R0001349,S001158,Qatar Airways,Privilege Club,Economy,54817,4864,105489,Available
R0001350,S001160,Air India,Flying Returns,Business,63037,4261,140485,Available
R0001351,S001160,Lufthansa,Miles & More,Business,107948,16338,323265,Available
R0001352,S001163,Air India,Flying Returns,Economy,40845,17700,138744,Available
R0001353,S001164,Singapore Airlines,KrisFlyer,Business,92938,8519,247267,Available
R0001354,S001164,Qatar Airways,Privilege Club,Business,121836,5608,354896,Available
R0001355,S001164,Air India,Flying Returns,Business,135386,13487,381496,Available
R0001356,S001165,Air Canada,Aeroplan,Economy,26092,13160,56556,Available
R0001357,S001165,United Airlines,MileagePlus,Economy,62761,6579,148544,Available
R0001358,S001168,Air India,Flying Returns,Business,76964,14832,145000,Available
R0001359,S001168,United Airlines,MileagePlus,Business,77280,5933,174285,Available
R0001360,S001169,Air Canada,Aeroplan,Economy,27649,13581,102052,Available
R0001361,S001169,Emirates,Skywards,Economy,64821,4989,203072,Available
R0001362,S001171,Lufthansa,Miles & More,Business,66611,16221,135205,Available
R0001363,S001172,Emirates,Skywards,Business,60068,10596,173548,Available
R0001364,S001173,Etihad Airways,Etihad Guest,Business,105432,13206,280784,Available
R0001365,S001175,Lufthansa,Miles & More,Business,94845,12807,200860,Available
R0001366,S001175,Air India,Flying Returns,Business,87278,10464,165360,Available
R0001367,S001177,Air Canada,Aeroplan,Economy,43872,16381,98213,Available
R0001368,S001178,Lufthansa,Miles & More,Economy,63529,16649,151744,Available
R0001369,S001178,United Airlines,MileagePlus,Economy,59718,10323,128380,Available
R0001370,S001179,Lufthansa,Miles & More,Business,69353,3565,203498,Available
R0001371,S001179,United Airlines,MileagePlus,Business,142717,13508,361590,Available
R0001372,S001181,Air India,Flying Returns,Economy,25019,15392,95361,Available
R0001373,S001182,United Airlines,MileagePlus,First,214356,10638,530064,Available
R0001374,S001182,Singapore Airlines,KrisFlyer,First,124275,13914,331554,Available
R0001375,S001182,Emirates,Skywards,First,185284,10643,368394,Available
R0001376,S001183,Singapore Airlines,KrisFlyer,Economy,35496,13921,108992,Available
R0001377,S001183,Air India,Flying Returns,Economy,59380,16165,165689,Available
R0001378,S001184,Singapore Airlines,KrisFlyer,Business,66215,6170,192720,Available
R0001379,S001184,Etihad Airways,Etihad Guest,Business,75285,5653,205000,Available
R0001380,S001185,United Airlines,MileagePlus,Economy,37753,17751,125691,Available
R0001381,S001185,Emirates,Skywards,Economy,39061,16533,115522,Available
R0001382,S001185,Lufthansa,Miles & More,Economy,51432,15919,119815,Available
R0001383,S001186,Air Canada,Aeroplan,Economy,63284,6022,188737,Available
R0001384,S001188,Air India,Flying Returns,Economy,32729,15416,107028,Available
R0001385,S001188,United Airlines,MileagePlus,Economy,35202,14285,106879,Available
R0001386,S001189,Lufthansa,Miles & More,Economy,43586,6341,124513,Available
R0001387,S001189,Etihad Airways,Etihad Guest,Economy,55204,9009,115014,Available
R0001388,S001191,Etihad Airways,Etihad Guest,Business,84123,14059,207077,Available
R0001389,S001191,United Airlines,MileagePlus,Business,133550,17202,351548,Available
R0001390,S001191,Qatar Airways,Privilege Club,Business,111238,14962,319249,Available
R0001391,S001193,Etihad Airways,Etihad Guest,First,186498,15631,345184,Available
R0001392,S001195,Qatar Airways,Privilege Club,Business,99481,9574,267443,Available
R0001393,S001196,Air Canada,Aeroplan,Business,134560,15085,369320,Available
R0001394,S001196,Air India,Flying Returns,Business,105427,17404,271839,Available
R0001395,S001200,United Airlines,MileagePlus,Business,105357,11157,234649,Available
R0001396,S001200,Lufthansa,Miles & More,Business,124449,12625,407575,Available
R0001397,S001200,Qatar Airways,Privilege Club,Business,94052,15760,313257,Available
R0001398,S001201,United Airlines,MileagePlus,Economy,62480,10694,174970,Available
R0001399,S001201,Singapore Airlines,KrisFlyer,Economy,47757,14998,91666,Available
R0001400,S001202,Etihad Airways,Etihad Guest,Economy,54676,15583,131689,Available
R0001401,S001202,Emirates,Skywards,Economy,40939,13796,139301,Available
R0001402,S001202,Air Canada,Aeroplan,Economy,61678,15273,183393,Available
R0001403,S001205,Air Canada,Aeroplan,Business,110192,9769,189139,Available
R0001404,S001205,Singapore Airlines,KrisFlyer,Business,114887,14710,324964,Available
R0001405,S001207,United Airlines,MileagePlus,Economy,51066,5788,109199,Available
R0001406,S001207,Emirates,Skywards,Economy,33239,7508,100024,Available
R0001407,S001208,Lufthansa,Miles & More,Business,100193,9252,171357,Available
R0001408,S001210,Air Canada,Aeroplan,Economy,30023,16816,70503,Available
R0001409,S001210,Lufthansa,Miles & More,Economy,61334,9860,119784,Available
R0001410,S001211,Air Canada,Aeroplan,Economy,36734,5946,65966,Available
R0001411,S001212,Air Canada,Aeroplan,Business,94557,16092,234179,Available
R0001412,S001216,Air India,Flying Returns,Economy,48657,9896,127181,Available
R0001413,S001216,Emirates,Skywards,Economy,48455,12098,125329,Available
R0001414,S001217,Emirates,Skywards,Business,83404,6161,145180,Available
R0001415,S001217,Qatar Airways,Privilege Club,Business,72430,15048,219596,Available
R0001416,S001217,Air India,Flying Returns,Business,133280,8553,430645,Available
R0001417,S001218,Air Canada,Aeroplan,Business,77491,11675,233818,Available
R0001418,S001218,United Airlines,MileagePlus,Business,149191,15486,284731,Available
R0001419,S001218,Air India,Flying Returns,Business,81896,17489,202143,Available
R0001420,S001219,Etihad Airways,Etihad Guest,Economy,41368,14924,86025,Available
R0001421,S001222,Air Canada,Aeroplan,Economy,61472,17027,169727,Available
R0001422,S001224,Singapore Airlines,KrisFlyer,Economy,48372,11737,109618,Available
R0001423,S001224,Etihad Airways,Etihad Guest,Economy,56863,6631,132347,Available
R0001424,S001227,Air Canada,Aeroplan,Business,104181,6817,300290,Available
R0001425,S001228,Etihad Airways,Etihad Guest,Business,86961,13126,214019,Available
R0001426,S001229,Lufthansa,Miles & More,Economy,47858,4482,81094,Available
R0001427,S001229,Qatar Airways,Privilege Club,Economy,62310,4330,195876,Available
R0001428,S001230,Qatar Airways,Privilege Club,Business,62471,16493,118992,Available
R0001429,S001230,Air Canada,Aeroplan,Business,89319,16582,178033,Available
R0001430,S001230,Lufthansa,Miles & More,Business,107555,11095,345398,Available
R0001431,S001231,Lufthansa,Miles & More,Business,85164,3772,270948,Available
R0001432,S001232,Etihad Airways,Etihad Guest,First,111281,12506,217185,Available
R0001433,S001233,Lufthansa,Miles & More,Economy,37447,17645,127856,Available
R0001434,S001234,Lufthansa,Miles & More,Economy,43265,7043,122113,Available
R0001435,S001235,Air India,Flying Returns,Business,149957,6392,277195,Available
R0001436,S001235,Etihad Airways,Etihad Guest,Business,128518,12567,414742,Available
R0001437,S001236,Air India,Flying Returns,Economy,55649,6970,96282,Available
R0001438,S001237,Air India,Flying Returns,Economy,31132,5450,80755,Available
R0001439,S001239,Air India,Flying Returns,Economy,49700,11565,149998,Available
R0001440,S001239,Etihad Airways,Etihad Guest,Economy,49834,17902,101261,Available
R0001441,S001241,Emirates,Skywards,Economy,61391,11538,175049,Available
R0001442,S001241,Qatar Airways,Privilege Club,Economy,42872,9260,80491,Available
R0001443,S001245,Qatar Airways,Privilege Club,Business,149478,10597,435399,Available
R0001444,S001245,Lufthansa,Miles & More,Business,104722,17802,294309,Available
R0001445,S001247,Air India,Flying Returns,Economy,33894,3617,63399,Available
R0001446,S001248,Qatar Airways,Privilege Club,Economy,58814,16026,155987,Available
R0001447,S001248,Etihad Airways,Etihad Guest,Economy,45187,7255,100240,Available
R0001448,S001249,Qatar Airways,Privilege Club,Business,63541,6657,145055,Available
R0001449,S001250,Air India,Flying Returns,Economy,33429,12335,70368,Available
R0001450,S001251,Singapore Airlines,KrisFlyer,Business,85091,9365,213206,Available
R0001451,S001252,Air Canada,Aeroplan,Economy,59333,5420,175417,Available
R0001452,S001254,Air Canada,Aeroplan,Economy,59279,13785,114077,Available
R0001453,S001254,Lufthansa,Miles & More,Economy,27692,5532,63811,Available
R0001454,S001255,Air Canada,Aeroplan,Business,111060,8577,238856,Available
R0001455,S001255,Air India,Flying Returns,Business,92562,3558,219522,Available
R0001456,S001258,Emirates,Skywards,Business,85438,16568,258529,Available
R0001457,S001259,United Airlines,MileagePlus,Business,81781,12493,204475,Available
R0001458,S001259,Emirates,Skywards,Business,70549,14949,175840,Available
R0001459,S001259,Lufthansa,Miles & More,Business,71487,16361,215337,Available
R0001460,S001261,Emirates,Skywards,Business,60232,3721,153734,Available
R0001461,S001263,Etihad Airways,Etihad Guest,Economy,38616,16115,115343,Available
R0001462,S001264,Air India,Flying Returns,Economy,40886,12511,136313,Available
R0001463,S001264,Etihad Airways,Etihad Guest,Economy,25515,8720,65212,Available
R0001464,S001264,Lufthansa,Miles & More,Economy,63017,15282,200017,Available
R0001465,S001265,Air Canada,Aeroplan,Business,98710,7479,223311,Available
R0001466,S001265,Singapore Airlines,KrisFlyer,Business,81284,8159,145214,Available
R0001467,S001267,Emirates,Skywards,Business,136764,12256,433611,Available
R0001468,S001267,Air Canada,Aeroplan,Business,145973,7964,360207,Available
R0001469,S001267,Air India,Flying Returns,Business,106157,15658,318330,Available
R0001470,S001269,Singapore Airlines,KrisFlyer,Economy,47113,16239,109371,Available
R0001471,S001269,United Airlines,MileagePlus,Economy,39741,5192,82404,Available
R0001472,S001271,United Airlines,MileagePlus,Business,71364,13523,163167,Available
R0001473,S001273,Lufthansa,Miles & More,Economy,56128,12802,174792,Available
R0001474,S001273,Emirates,Skywards,Economy,49958,17406,150725,Available
R0001475,S001275,Lufthansa,Miles & More,First,123553,7227,395794,Available
R0001476,S001276,United Airlines,MileagePlus,Economy,31226,17487,115627,Available
R0001477,S001277,Emirates,Skywards,Business,74134,7451,168206,Available
R0001478,S001278,Air India,Flying Returns,First,165043,12717,315335,Available
R0001479,S001278,United Airlines,MileagePlus,First,211661,3631,451398,Available
R0001480,S001278,Air Canada,Aeroplan,First,202764,10584,502969,Available
R0001481,S001279,Emirates,Skywards,First,140071,16820,319574,Available
R0001482,S001279,Lufthansa,Miles & More,First,181126,10737,498942,Available
R0001483,S001280,Air Canada,Aeroplan,Business,126297,7378,227114,Available
R0001484,S001282,Air India,Flying Returns,First,159460,13201,466374,Available
R0001485,S001284,United Airlines,MileagePlus,Business,146611,10168,380335,Available
R0001486,S001284,Emirates,Skywards,Business,93895,10002,254453,Available
R0001487,S001286,Qatar Airways,Privilege Club,First,203245,17021,589339,Available
R0001488,S001286,Singapore Airlines,KrisFlyer,First,218595,5245,589946,Available
R0001489,S001286,Air Canada,Aeroplan,First,156358,16175,516000,Available
R0001490,S001287,United Airlines,MileagePlus,Business,93754,6610,231803,Available
R0001491,S001287,Air Canada,Aeroplan,Business,83682,17989,178407,Available
R0001492,S001289,Emirates,Skywards,Economy,36003,16338,106369,Available
R0001493,S001289,Qatar Airways,Privilege Club,Economy,35509,9300,107519,Available
R0001494,S001289,Etihad Airways,Etihad Guest,Economy,62650,14104,213749,Available
R0001495,S001290,Lufthansa,Miles & More,Economy,45177,16434,88840,Available
R0001496,S001294,Qatar Airways,Privilege Club,Business,90074,8426,290397,Available
R0001497,S001295,Air Canada,Aeroplan,Economy,63260,17638,130527,Available
R0001498,S001296,Air Canada,Aeroplan,Economy,54024,4637,144142,Available
R0001499,S001296,Air India,Flying Returns,Economy,50248,10837,105445,Available
R0001500,S001297,Emirates,Skywards,Economy,38246,9967,129612,Available
R0001501,S001298,Etihad Airways,Etihad Guest,Economy,33807,3935,102588,Available
R0001502,S001298,Singapore Airlines,KrisFlyer,Economy,26547,8390,80725,Available
R0001503,S001299,Air Canada,Aeroplan,Economy,25711,9319,73030,Available
R0001504,S001299,Air India,Flying Returns,Economy,46889,15652,142928,Available
R0001505,S001302,Lufthansa,Miles & More,Business,110992,14630,283808,Available
R0001506,S001302,United Airlines,MileagePlus,Business,145134,12582,449857,Available
R0001507,S001303,Emirates,Skywards,Business,84517,16739,181397,Available
R0001508,S001303,Qatar Airways,Privilege Club,Business,86965,4327,270689,Available
R0001509,S001304,Emirates,Skywards,Economy,25978,17459,67865,Available
R0001510,S001304,Air Canada,Aeroplan,Economy,36368,13539,105360,Available
R0001511,S001305,Qatar Airways,Privilege Club,Economy,36111,15687,89283,Available
R0001512,S001305,Etihad Airways,Etihad Guest,Economy,64420,6875,176773,Available
R0001513,S001306,United Airlines,MileagePlus,Economy,54948,3807,179117,Available
R0001514,S001307,United Airlines,MileagePlus,Business,140832,5783,436880,Available
R0001515,S001307,Lufthansa,Miles & More,Business,84518,7278,268474,Available
R0001516,S001308,Etihad Airways,Etihad Guest,First,199739,4543,458561,Available
R0001517,S001309,Lufthansa,Miles & More,Economy,60477,16456,130695,Available
R0001518,S001309,United Airlines,MileagePlus,Economy,55129,7543,144378,Available
R0001519,S001310,Singapore Airlines,KrisFlyer,Economy,29054,14378,105552,Available
R0001520,S001312,Emirates,Skywards,Business,132796,10284,420796,Available
R0001521,S001312,Etihad Airways,Etihad Guest,Business,134795,14630,444589,Available
R0001522,S001313,Air India,Flying Returns,Economy,43531,9896,89534,Available
R0001523,S001313,Air Canada,Aeroplan,Economy,36042,5223,74464,Available
R0001524,S001317,United Airlines,MileagePlus,Economy,55468,11400,145683,Available
R0001525,S001321,Qatar Airways,Privilege Club,Business,139273,14353,301715,Available
R0001526,S001321,Lufthansa,Miles & More,Business,144346,6746,311357,Available
R0001527,S001322,Etihad Airways,Etihad Guest,Economy,31599,14154,64996,Available
R0001528,S001322,United Airlines,MileagePlus,Economy,48038,6746,135485,Available
R0001529,S001322,Singapore Airlines,KrisFlyer,Economy,57689,14110,168016,Available
R0001530,S001323,Qatar Airways,Privilege Club,Business,77534,14566,159417,Available
R0001531,S001325,Air India,Flying Returns,Economy,32085,15856,71809,Available
R0001532,S001326,Qatar Airways,Privilege Club,Economy,32417,6137,102362,Available
R0001533,S001326,Air Canada,Aeroplan,Economy,46233,9550,108194,Available
R0001534,S001326,Air India,Flying Returns,Economy,47329,17027,137045,Available
R0001535,S001327,Air Canada,Aeroplan,Business,123148,11324,286020,Available
R0001536,S001328,Qatar Airways,Privilege Club,Economy,36933,15605,89238,Available
R0001537,S001328,Air Canada,Aeroplan,Economy,32536,9952,92740,Available
R0001538,S001328,Lufthansa,Miles & More,Economy,53165,5426,118535,Available
R0001539,S001329,Lufthansa,Miles & More,First,184881,9512,581284,Available
R0001540,S001329,United Airlines,MileagePlus,First,217108,14622,496552,Available
R0001541,S001331,Air Canada,Aeroplan,Economy,32805,4260,105847,Available
R0001542,S001332,Singapore Airlines,KrisFlyer,Economy,62658,14130,119120,Available
R0001543,S001332,United Airlines,MileagePlus,Economy,64285,11895,162495,Available
R0001544,S001332,Qatar Airways,Privilege Club,Economy,25608,14372,94314,Available
R0001545,S001333,Singapore Airlines,KrisFlyer,Business,126274,17683,317631,Available
R0001546,S001333,Air Canada,Aeroplan,Business,123541,7223,333732,Available
R0001547,S001336,Air India,Flying Returns,Economy,56732,14310,163828,Available
R0001548,S001336,Etihad Airways,Etihad Guest,Economy,52951,10125,113302,Available
R0001549,S001337,Air India,Flying Returns,Economy,45413,6478,149005,Available
R0001550,S001337,Lufthansa,Miles & More,Economy,52742,9277,167894,Available
R0001551,S001338,Qatar Airways,Privilege Club,Business,135959,10110,435486,Available
R0001552,S001343,United Airlines,MileagePlus,Economy,50311,12386,133634,Available
R0001553,S001343,Lufthansa,Miles & More,Economy,31052,4353,74493,Available
R0001554,S001346,Emirates,Skywards,Economy,31473,15746,115773,Available
R0001555,S001346,Air Canada,Aeroplan,Economy,46750,6634,120622,Available
R0001556,S001347,Qatar Airways,Privilege Club,Business,119264,10982,307157,Available
R0001557,S001347,Lufthansa,Miles & More,Business,148811,16648,468178,Available
R0001558,S001347,United Airlines,MileagePlus,Business,94931,6338,193871,Available
R0001559,S001348,Qatar Airways,Privilege Club,Business,133075,13569,335537,Available
R0001560,S001349,Air Canada,Aeroplan,Economy,40661,15227,126014,Available
R0001561,S001349,Etihad Airways,Etihad Guest,Economy,56152,9610,141078,Available
R0001562,S001351,Qatar Airways,Privilege Club,Economy,56453,11130,166083,Available
R0001563,S001353,Emirates,Skywards,Business,100173,6166,267534,Available
R0001564,S001357,Air Canada,Aeroplan,Economy,55827,11183,174673,Available
R0001565,S001357,Singapore Airlines,KrisFlyer,Economy,53314,16588,149982,Available
R0001566,S001358,Qatar Airways,Privilege Club,Economy,50813,5054,139010,Available
R0001567,S001360,United Airlines,MileagePlus,Economy,46697,8737,97750,Available
R0001568,S001360,Emirates,Skywards,Economy,51596,10638,135857,Available
R0001569,S001361,Lufthansa,Miles & More,Economy,27162,13518,79510,Available
R0001570,S001361,United Airlines,MileagePlus,Economy,48885,7192,111080,Available
R0001571,S001362,Air India,Flying Returns,Business,102131,14245,263877,Available
R0001572,S001362,Emirates,Skywards,Business,102381,13923,319516,Available
R0001573,S001362,Singapore Airlines,KrisFlyer,Business,131872,12543,347336,Available
R0001574,S001364,Lufthansa,Miles & More,Economy,44202,16586,116182,Available
R0001575,S001364,Emirates,Skywards,Economy,43547,16748,148613,Available
R0001576,S001364,Air India,Flying Returns,Economy,53737,12218,131476,Available
R0001577,S001365,Air India,Flying Returns,Economy,39580,7984,79887,Available
R0001578,S001367,Qatar Airways,Privilege Club,Business,82967,6737,269130,Available
R0001579,S001367,United Airlines,MileagePlus,Business,84623,13968,217127,Available
R0001580,S001368,Singapore Airlines,KrisFlyer,Business,94506,17356,231628,Available
R0001581,S001368,Emirates,Skywards,Business,120504,16433,258434,Available
R0001582,S001369,Emirates,Skywards,Economy,41350,7103,86357,Available
R0001583,S001370,Air Canada,Aeroplan,Economy,55516,15095,188346,Available
R0001584,S001370,Lufthansa,Miles & More,Economy,39759,7640,84845,Available
R0001585,S001371,Air Canada,Aeroplan,Economy,64546,3670,207516,Available
R0001586,S001375,United Airlines,MileagePlus,Economy,59857,3733,168845,Available
R0001587,S001375,Air India,Flying Returns,Economy,35146,8271,72156,Available
R0001588,S001376,Air India,Flying Returns,Economy,30513,15190,65710,Available
R0001589,S001376,United Airlines,MileagePlus,Economy,59397,13952,134906,Available
R0001590,S001380,Etihad Airways,Etihad Guest,Economy,32810,11496,94447,Available
R0001591,S001381,Qatar Airways,Privilege Club,Business,121839,8827,362637,Available
R0001592,S001381,Emirates,Skywards,Business,67533,4959,121489,Available
R0001593,S001382,United Airlines,MileagePlus,Business,132800,13902,266735,Available
R0001594,S001382,Lufthansa,Miles & More,Business,116515,9247,360718,Available
R0001595,S001383,Air Canada,Aeroplan,First,197878,10347,550130,Available
R0001596,S001385,Singapore Airlines,KrisFlyer,Business,64479,6433,180839,Available
R0001597,S001385,United Airlines,MileagePlus,Business,97046,10407,265909,Available
R0001598,S001386,United Airlines,MileagePlus,Economy,54569,13225,124933,Available
R0001599,S001389,Qatar Airways,Privilege Club,Business,125578,15237,415918,Available
R0001600,S001389,Air India,Flying Returns,Business,131510,4351,285994,Available
R0001601,S001389,Etihad Airways,Etihad Guest,Business,106069,17005,260154,Available
R0001602,S001390,Lufthansa,Miles & More,Business,142102,5601,251946,Available
R0001603,S001391,Air Canada,Aeroplan,Economy,35386,9059,119907,Available
R0001604,S001391,Lufthansa,Miles & More,Economy,34961,6755,105472,Available
R0001605,S001392,Air India,Flying Returns,Business,82830,7801,245320,Available
R0001606,S001392,Singapore Airlines,KrisFlyer,Business,125086,17187,392687,Available
R0001607,S001392,Etihad Airways,Etihad Guest,Business,111189,13941,196804,Available
R0001608,S001393,Air Canada,Aeroplan,Economy,45550,7703,142788,Available
R0001609,S001393,Emirates,Skywards,Economy,59601,8884,178152,Available
R0001610,S001393,Etihad Airways,Etihad Guest,Economy,45018,13190,132264,Available
R0001611,S001394,Air India,Flying Returns,Economy,32837,15313,88057,Available
R0001612,S001395,United Airlines,MileagePlus,Economy,46304,16193,145672,Available
R0001613,S001395,Singapore Airlines,KrisFlyer,Economy,53119,16832,114761,Available
R0001614,S001396,Singapore Airlines,KrisFlyer,Economy,60922,4768,191852,Available
R0001615,S001396,Air India,Flying Returns,Economy,49228,5873,96792,Available
R0001616,S001398,Qatar Airways,Privilege Club,Economy,37644,17127,118851,Available
R0001617,S001398,Singapore Airlines,KrisFlyer,Economy,55794,16910,157808,Available
R0001618,S001398,Emirates,Skywards,Economy,30874,15787,87511,Available
R0001619,S001400,Emirates,Skywards,Business,101574,15472,263638,Available
R0001620,S001401,Air Canada,Aeroplan,Business,62205,11517,178669,Available
R0001621,S001401,Air India,Flying Returns,Business,127605,9710,333286,Available
R0001622,S001401,United Airlines,MileagePlus,Business,89519,10230,160949,Available
R0001623,S001406,Singapore Airlines,KrisFlyer,First,197179,5306,330234,Available
R0001624,S001406,Lufthansa,Miles & More,First,181948,14545,482426,Available
R0001625,S001407,Air Canada,Aeroplan,Business,121449,7156,241266,Available
R0001626,S001407,Air India,Flying Returns,Business,92805,5478,201728,Available
R0001627,S001409,Emirates,Skywards,Economy,28475,17802,83976,Available
R0001628,S001410,Air Canada,Aeroplan,Business,129769,5962,262725,Available
R0001629,S001410,Singapore Airlines,KrisFlyer,Business,84430,4025,254234,Available
R0001630,S001410,United Airlines,MileagePlus,Business,113472,12836,245745,Available
R0001631,S001411,Lufthansa,Miles & More,Business,72542,12877,131759,Available
R0001632,S001411,Etihad Airways,Etihad Guest,Business,60776,14951,201608,Available
R0001633,S001411,Qatar Airways,Privilege Club,Business,79770,10530,221227,Available
R0001634,S001413,Emirates,Skywards,Economy,38909,14208,103352,Available
R0001635,S001413,Singapore Airlines,KrisFlyer,Economy,46673,12370,110568,Available
R0001636,S001414,United Airlines,MileagePlus,First,162104,8563,417817,Available
R0001637,S001415,United Airlines,MileagePlus,Economy,53061,12408,120660,Available
R0001638,S001415,Lufthansa,Miles & More,Economy,64493,7233,118150,Available
R0001639,S001416,Air India,Flying Returns,Business,79262,6904,211721,Available
R0001640,S001419,Air India,Flying Returns,Economy,28014,7482,90979,Available
R0001641,S001419,United Airlines,MileagePlus,Economy,28104,6437,58906,Available
R0001642,S001420,Lufthansa,Miles & More,Business,119541,5700,261277,Available
R0001643,S001420,Singapore Airlines,KrisFlyer,Business,87627,5170,224596,Available
R0001644,S001421,Lufthansa,Miles & More,Economy,61837,6456,174383,Available
R0001645,S001422,Qatar Airways,Privilege Club,Economy,51697,10741,129120,Available
R0001646,S001424,Etihad Airways,Etihad Guest,Business,130672,6277,346927,Available
R0001647,S001424,Singapore Airlines,KrisFlyer,Business,86824,11085,240462,Available
R0001648,S001424,Lufthansa,Miles & More,Business,131157,11307,271040,Available
R0001649,S001425,Singapore Airlines,KrisFlyer,Business,73947,12201,172162,Available
R0001650,S001425,Air Canada,Aeroplan,Business,80400,16908,175230,Available
R0001651,S001425,Air India,Flying Returns,Business,123414,9124,244717,Available
R0001652,S001426,Air Canada,Aeroplan,Economy,46996,8385,138215,Available
R0001653,S001426,Lufthansa,Miles & More,Economy,31864,10507,99351,Available
R0001654,S001426,Etihad Airways,Etihad Guest,Economy,25185,7757,61697,Available
R0001655,S001427,Etihad Airways,Etihad Guest,Economy,25634,11077,80107,Available
R0001656,S001427,Lufthansa,Miles & More,Economy,41916,17420,106832,Available
R0001657,S001427,United Airlines,MileagePlus,Economy,55620,4452,124915,Available
R0001658,S001428,Air India,Flying Returns,Business,103533,6886,245036,Available
R0001659,S001429,United Airlines,MileagePlus,Business,72147,7052,160762,Available
R0001660,S001429,Etihad Airways,Etihad Guest,Business,147433,12094,362679,Available
R0001661,S001430,United Airlines,MileagePlus,Business,115349,8792,376491,Available
R0001662,S001433,Qatar Airways,Privilege Club,Economy,52405,8551,124050,Available
R0001663,S001433,Lufthansa,Miles & More,Economy,29391,11929,102141,Available
R0001664,S001434,Etihad Airways,Etihad Guest,First,202331,16510,554198,Available
R0001665,S001437,Emirates,Skywards,First,185210,9261,564162,Available
R0001666,S001438,Air Canada,Aeroplan,First,173699,7203,340965,Available
R0001667,S001439,Emirates,Skywards,Business,117504,10693,333159,Available
R0001668,S001439,Qatar Airways,Privilege Club,Business,92707,8905,300653,Available
R0001669,S001439,Lufthansa,Miles & More,Business,69040,11399,207518,Available
R0001670,S001440,United Airlines,MileagePlus,Economy,64072,17268,161821,Available
R0001671,S001440,Air Canada,Aeroplan,Economy,62222,12991,127930,Available
R0001672,S001440,Lufthansa,Miles & More,Economy,53939,11969,105984,Available
R0001673,S001441,Air Canada,Aeroplan,First,201498,8726,403752,Available
R0001674,S001441,Air India,Flying Returns,First,118726,13300,382317,Available
R0001675,S001442,Etihad Airways,Etihad Guest,Business,135810,14226,423184,Available
R0001676,S001442,Lufthansa,Miles & More,Business,85916,17790,244544,Available
R0001677,S001444,Qatar Airways,Privilege Club,Business,71837,16830,160182,Available
R0001678,S001446,Qatar Airways,Privilege Club,Business,105277,12488,240514,Available
R0001679,S001447,Air Canada,Aeroplan,Economy,46345,12724,130373,Available
R0001680,S001447,Air India,Flying Returns,Economy,60952,9248,190921,Available
R0001681,S001447,Lufthansa,Miles & More,Economy,62693,16600,167648,Available
R0001682,S001448,Singapore Airlines,KrisFlyer,Business,133477,6769,366361,Available
R0001683,S001449,Air India,Flying Returns,Business,77770,4549,229279,Available
R0001684,S001449,Lufthansa,Miles & More,Business,149689,9112,316990,Available
R0001685,S001449,Qatar Airways,Privilege Club,Business,122939,16201,395415,Available
R0001686,S001451,Emirates,Skywards,Business,76551,6821,240143,Available
R0001687,S001453,Air India,Flying Returns,Economy,26973,14400,62010,Available
R0001688,S001453,Air Canada,Aeroplan,Economy,51495,5706,119069,Available
R0001689,S001456,Singapore Airlines,KrisFlyer,Economy,63980,13937,196707,Available
R0001690,S001456,Emirates,Skywards,Economy,53682,16656,169162,Available
R0001691,S001458,Air Canada,Aeroplan,Economy,59876,8520,124024,Available
R0001692,S001458,Emirates,Skywards,Economy,48582,12251,148027,Available
R0001693,S001459,Emirates,Skywards,Economy,32782,9602,105236,Available
R0001694,S001460,Air Canada,Aeroplan,Business,129454,17369,250114,Available
R0001695,S001461,Emirates,Skywards,Business,74432,14243,242758,Available
R0001696,S001461,Air India,Flying Returns,Business,130519,13889,387236,Available
R0001697,S001462,Singapore Airlines,KrisFlyer,Economy,57992,16681,190701,Available
R0001698,S001463,United Airlines,MileagePlus,Business,88403,17684,247615,Available
R0001699,S001464,Air Canada,Aeroplan,Economy,33758,9257,102255,Available
R0001700,S001464,Etihad Airways,Etihad Guest,Economy,59747,13644,182975,Available
R0001701,S001465,Lufthansa,Miles & More,Business,74533,16294,183008,Available
R0001702,S001465,Etihad Airways,Etihad Guest,Business,146501,7715,287426,Available
R0001703,S001466,Emirates,Skywards,Economy,32846,8885,93204,Available
R0001704,S001467,Lufthansa,Miles & More,Business,116183,10956,341794,Available
R0001705,S001467,Emirates,Skywards,Business,64426,16163,183745,Available
R0001706,S001468,Etihad Airways,Etihad Guest,Economy,43762,12353,146776,Available
R0001707,S001472,Lufthansa,Miles & More,First,145128,13825,471357,Available
R0001708,S001472,United Airlines,MileagePlus,First,183654,9099,580888,Available
R0001709,S001472,Singapore Airlines,KrisFlyer,First,129459,7404,300962,Available
R0001710,S001474,Air Canada,Aeroplan,Economy,54761,17675,128955,Available
R0001711,S001474,Qatar Airways,Privilege Club,Economy,48116,7516,128640,Available
R0001712,S001474,United Airlines,MileagePlus,Economy,45320,4544,106411,Available
R0001713,S001475,United Airlines,MileagePlus,Business,113947,5528,210461,Available
R0001714,S001475,Etihad Airways,Etihad Guest,Business,62907,6643,159790,Available
R0001715,S001475,Singapore Airlines,KrisFlyer,Business,147310,11074,375103,Available
R0001716,S001476,Air India,Flying Returns,Economy,56105,10099,153509,Available
R0001717,S001478,Lufthansa,Miles & More,First,219031,4415,446184,Available
R0001718,S001480,Lufthansa,Miles & More,Business,94942,4827,292333,Available
R0001719,S001481,Lufthansa,Miles & More,Economy,47113,16624,126406,Available
R0001720,S001481,Qatar Airways,Privilege Club,Economy,47265,13017,126382,Available
R0001721,S001482,Etihad Airways,Etihad Guest,Business,108281,17819,329970,Available
R0001722,S001482,Lufthansa,Miles & More,Business,146384,9345,280836,Available
R0001723,S001484,Lufthansa,Miles & More,Economy,51134,15499,104703,Available
R0001724,S001486,United Airlines,MileagePlus,Economy,36590,11002,76852,Available
R0001725,S001486,Air Canada,Aeroplan,Economy,55422,8776,136779,Available
R0001726,S001487,Emirates,Skywards,Business,128578,10195,315332,Available
R0001727,S001488,Lufthansa,Miles & More,Business,131424,12788,397802,Available
R0001728,S001489,Qatar Airways,Privilege Club,Business,97057,13793,311454,Available
R0001729,S001490,Qatar Airways,Privilege Club,Business,128605,3850,278008,Available
R0001730,S001491,Air Canada,Aeroplan,Economy,55632,7406,157391,Available
R0001731,S001492,Lufthansa,Miles & More,Economy,38952,17302,129669,Available
R0001732,S001493,Etihad Airways,Etihad Guest,Business,96579,17937,208387,Available
R0001733,S001494,Emirates,Skywards,Business,63201,10498,158234,Available
R0001734,S001495,Singapore Airlines,KrisFlyer,Economy,46952,4343,142007,Available
R0001735,S001496,Etihad Airways,Etihad Guest,Economy,48773,5148,92416,Available
R0001736,S001497,Singapore Airlines,KrisFlyer,Business,110007,17603,201111,Available
R0001737,S001497,Air Canada,Aeroplan,Business,75973,10817,231640,Available
R0001738,S001497,Lufthansa,Miles & More,Business,115965,15644,344695,Available
R0001739,S001498,Lufthansa,Miles & More,First,191498,15299,326405,Available
R0001740,S001499,United Airlines,MileagePlus,First,115733,9982,225192,Available
R0001741,S001501,Etihad Airways,Etihad Guest,Economy,64457,8054,195254,Available
R0001742,S001501,Air Canada,Aeroplan,Economy,60754,17526,198510,Available
R0001743,S001501,Air India,Flying Returns,Economy,34333,7903,77018,Available
R0001744,S001502,United Airlines,MileagePlus,Business,61494,7633,155775,Available
R0001745,S001506,Emirates,Skywards,Economy,37004,14031,91925,Available
R0001746,S001506,Qatar Airways,Privilege Club,Economy,36551,5760,107271,Available
R0001747,S001507,Qatar Airways,Privilege Club,Business,146351,11886,445146,Available
R0001748,S001507,Lufthansa,Miles & More,Business,136545,7128,416545,Available
R0001749,S001508,Singapore Airlines,KrisFlyer,Economy,25376,4278,47908,Available
R0001750,S001509,Singapore Airlines,KrisFlyer,Economy,57177,10244,136975,Available
R0001751,S001509,Emirates,Skywards,Economy,35692,12498,105228,Available
R0001752,S001511,Air India,Flying Returns,Economy,46331,12297,134693,Available
R0001753,S001514,Emirates,Skywards,Economy,57084,7238,106204,Available
R0001754,S001514,Singapore Airlines,KrisFlyer,Economy,46584,6236,123094,Available
R0001755,S001515,United Airlines,MileagePlus,Business,102552,16655,316916,Available
R0001756,S001515,Lufthansa,Miles & More,Business,100123,15059,196427,Available
R0001757,S001516,Lufthansa,Miles & More,Business,71632,9942,235688,Available
R0001758,S001518,Emirates,Skywards,Business,75298,3852,214392,Available
R0001759,S001518,Air Canada,Aeroplan,Business,90941,5531,175907,Available
R0001760,S001520,Emirates,Skywards,Economy,62685,8745,177298,Available
R0001761,S001520,Qatar Airways,Privilege Club,Economy,36125,9301,89080,Available
R0001762,S001522,Air India,Flying Returns,First,133572,17458,285960,Available
R0001763,S001523,Emirates,Skywards,Economy,59299,17939,151113,Available
R0001764,S001526,Qatar Airways,Privilege Club,First,139067,13829,390616,Available
R0001765,S001527,Lufthansa,Miles & More,Business,102884,16004,197667,Available
R0001766,S001527,Qatar Airways,Privilege Club,Business,60636,4299,114613,Available
R0001767,S001528,Emirates,Skywards,Business,116824,8114,381643,Available
R0001768,S001528,Lufthansa,Miles & More,Business,142565,4440,330891,Available
R0001769,S001529,United Airlines,MileagePlus,Economy,41647,16686,109515,Available
R0001770,S001530,United Airlines,MileagePlus,Business,135493,7656,415067,Available
R0001771,S001530,Singapore Airlines,KrisFlyer,Business,104501,17162,327792,Available
R0001772,S001531,Lufthansa,Miles & More,Economy,49962,5112,153398,Available
R0001773,S001531,United Airlines,MileagePlus,Economy,27507,5700,80799,Available
R0001774,S001534,Singapore Airlines,KrisFlyer,Economy,39860,11398,76535,Available
R0001775,S001534,Etihad Airways,Etihad Guest,Economy,40699,9289,139054,Available
R0001776,S001534,Emirates,Skywards,Economy,37581,10695,89738,Available
R0001777,S001537,Etihad Airways,Etihad Guest,Business,81712,16968,276403,Available
R0001778,S001538,Emirates,Skywards,Business,94693,16147,231798,Available
R0001779,S001539,Singapore Airlines,KrisFlyer,Business,95829,3930,270341,Available
R0001780,S001540,Etihad Airways,Etihad Guest,Economy,45398,9549,100074,Available
R0001781,S001540,Qatar Airways,Privilege Club,Economy,50704,12801,141740,Available
R0001782,S001541,Qatar Airways,Privilege Club,Economy,62539,10780,202223,Available
R0001783,S001542,Emirates,Skywards,Business,130843,12589,362224,Available
R0001784,S001542,United Airlines,MileagePlus,Business,133657,12908,327093,Available
R0001785,S001543,Etihad Airways,Etihad Guest,Business,106788,11470,352104,Available
R0001786,S001544,Air India,Flying Returns,Economy,38549,10048,95329,Available
R0001787,S001544,Etihad Airways,Etihad Guest,Economy,31947,11284,75145,Available
R0001788,S001545,Etihad Airways,Etihad Guest,Economy,45435,7076,121461,Available
R0001789,S001548,Emirates,Skywards,Economy,55057,13821,142301,Available
R0001790,S001549,Etihad Airways,Etihad Guest,Economy,52810,17843,179118,Available
R0001791,S001549,United Airlines,MileagePlus,Economy,55746,8569,175129,Available
R0001792,S001550,Lufthansa,Miles & More,Business,62751,11673,134324,Available
R0001793,S001551,Emirates,Skywards,Economy,55580,9340,141230,Available
R0001794,S001552,Lufthansa,Miles & More,First,189458,14507,569633,Available
R0001795,S001552,United Airlines,MileagePlus,First,133881,9504,304031,Available
R0001796,S001552,Air India,Flying Returns,First,216752,8417,384751,Available
R0001797,S001553,United Airlines,MileagePlus,Economy,31642,17056,110100,Available
R0001798,S001554,Air Canada,Aeroplan,Economy,41277,9228,127293,Available
R0001799,S001555,United Airlines,MileagePlus,Economy,64541,15020,185871,Available
R0001800,S001558,Qatar Airways,Privilege Club,Economy,32445,8571,75979,Available
R0001801,S001561,Etihad Airways,Etihad Guest,Economy,45075,15671,126120,Available
R0001802,S001564,Lufthansa,Miles & More,Economy,31308,5814,61314,Available
R0001803,S001564,Etihad Airways,Etihad Guest,Economy,27914,15216,82672,Available
R0001804,S001564,United Airlines,MileagePlus,Economy,45318,6201,105173,Available
R0001805,S001565,Qatar Airways,Privilege Club,Economy,49005,4381,91849,Available
R0001806,S001565,Emirates,Skywards,Economy,60670,13289,131811,Available
R0001807,S001567,Air Canada,Aeroplan,Economy,43989,9977,126414,Available
R0001808,S001567,Etihad Airways,Etihad Guest,Economy,55778,16503,186612,Available
R0001809,S001569,Emirates,Skywards,Economy,64239,9322,179368,Available
R0001810,S001569,Lufthansa,Miles & More,Economy,47828,10918,108988,Available
R0001811,S001570,Air Canada,Aeroplan,Business,61902,16284,128931,Available
R0001812,S001571,Air Canada,Aeroplan,Business,87692,11498,152940,Available
R0001813,S001574,Lufthansa,Miles & More,Business,136647,14486,449012,Available
R0001814,S001574,Singapore Airlines,KrisFlyer,Business,91547,7112,176385,Available
R0001815,S001577,Emirates,Skywards,Business,116447,7073,369049,Available
R0001816,S001578,Etihad Airways,Etihad Guest,First,120375,13119,232167,Available
R0001817,S001578,Air Canada,Aeroplan,First,158709,13515,279456,Available
R0001818,S001579,Air Canada,Aeroplan,Economy,42060,10723,135638,Available
R0001819,S001579,United Airlines,MileagePlus,Economy,56188,7439,126676,Available
R0001820,S001579,Etihad Airways,Etihad Guest,Economy,35127,10157,118446,Available
R0001821,S001582,Singapore Airlines,KrisFlyer,Business,87225,10890,237724,Available
R0001822,S001582,Emirates,Skywards,Business,149535,16525,415113,Available
R0001823,S001583,Singapore Airlines,KrisFlyer,Economy,35442,13371,73634,Available
R0001824,S001584,Lufthansa,Miles & More,Economy,35355,6209,67185,Available
R0001825,S001585,Air Canada,Aeroplan,First,209258,17932,471807,Available
R0001826,S001587,Etihad Airways,Etihad Guest,Economy,61241,8785,119046,Available
R0001827,S001588,United Airlines,MileagePlus,Economy,44305,14648,104278,Available
R0001828,S001589,Air Canada,Aeroplan,Economy,57250,16161,149187,Available
R0001829,S001590,Singapore Airlines,KrisFlyer,Business,69968,12463,196437,Available
R0001830,S001590,Etihad Airways,Etihad Guest,Business,82681,5038,210320,Available
R0001831,S001591,Singapore Airlines,KrisFlyer,Business,84791,6439,259429,Available
R0001832,S001591,Air India,Flying Returns,Business,112028,16796,245371,Available
R0001833,S001592,United Airlines,MileagePlus,Economy,29920,7425,55653,Available
R0001834,S001593,Emirates,Skywards,Economy,29981,13772,99083,Available
R0001835,S001593,Air Canada,Aeroplan,Economy,39189,10067,92761,Available
R0001836,S001594,United Airlines,MileagePlus,Business,145544,9053,255671,Available
R0001837,S001595,Air Canada,Aeroplan,Economy,54295,4556,125691,Available
R0001838,S001598,Air India,Flying Returns,Economy,33168,11609,80121,Available
R0001839,S001599,Air Canada,Aeroplan,Business,76551,7412,141943,Available
R0001840,S001599,Singapore Airlines,KrisFlyer,Business,64439,7607,165928,Available
R0001841,S001600,United Airlines,MileagePlus,Business,94557,7602,290875,Available
R0001842,S001600,Singapore Airlines,KrisFlyer,Business,106274,3818,304042,Available
R0001843,S001602,Etihad Airways,Etihad Guest,Economy,58516,9644,141049,Available
R0001844,S001602,United Airlines,MileagePlus,Economy,55841,14103,144223,Available
R0001845,S001603,Air Canada,Aeroplan,Business,90714,5254,183475,Available
R0001846,S001604,Air India,Flying Returns,Business,132378,10558,283581,Available
R0001847,S001605,Etihad Airways,Etihad Guest,Economy,51613,6466,117214,Available
R0001848,S001605,United Airlines,MileagePlus,Economy,52396,16338,162248,Available
R0001849,S001606,United Airlines,MileagePlus,Economy,58606,6709,192412,Available
R0001850,S001606,Singapore Airlines,KrisFlyer,Economy,46978,4851,93284,Available
R0001851,S001607,Singapore Airlines,KrisFlyer,Business,122417,11393,214287,Available
R0001852,S001609,Qatar Airways,Privilege Club,Economy,40378,5855,109805,Available
R0001853,S001612,Singapore Airlines,KrisFlyer,First,110240,5552,358169,Available
R0001854,S001612,Emirates,Skywards,First,173974,14096,479826,Available
R0001855,S001613,Air Canada,Aeroplan,Business,114197,13969,299779,Available
R0001856,S001613,Etihad Airways,Etihad Guest,Business,114579,12470,282890,Available
R0001857,S001614,Qatar Airways,Privilege Club,Economy,64744,7392,137864,Available
R0001858,S001615,Lufthansa,Miles & More,Economy,27095,15532,78430,Available
R0001859,S001617,Air India,Flying Returns,Business,140699,9002,433426,Available
R0001860,S001619,Air India,Flying Returns,Business,137201,7971,385189,Available
R0001861,S001620,Lufthansa,Miles & More,Economy,30955,15631,107131,Available
R0001862,S001620,Emirates,Skywards,Economy,36110,4944,105753,Available
R0001863,S001621,United Airlines,MileagePlus,First,216815,7887,376780,Available
R0001864,S001621,Air Canada,Aeroplan,First,131252,13375,249913,Available
R0001865,S001621,Lufthansa,Miles & More,First,141559,16711,384933,Available
R0001866,S001622,Singapore Airlines,KrisFlyer,Business,149471,16547,284555,Available
R0001867,S001622,Lufthansa,Miles & More,Business,76082,17450,229869,Available
R0001868,S001622,Air Canada,Aeroplan,Business,101050,15369,179800,Available
R0001869,S001623,Lufthansa,Miles & More,First,121569,7537,307845,Available
R0001870,S001623,Air Canada,Aeroplan,First,203993,5164,604835,Available
R0001871,S001624,Emirates,Skywards,Business,148015,11550,358304,Available
R0001872,S001626,Air India,Flying Returns,Business,135024,8535,392739,Available
R0001873,S001629,Air India,Flying Returns,Economy,55259,4149,142475,Available
R0001874,S001631,Air Canada,Aeroplan,First,208712,15241,362458,Available
R0001875,S001632,Air India,Flying Returns,Economy,45453,9820,116986,Available
R0001876,S001633,Air Canada,Aeroplan,Business,118999,7046,361367,Available
R0001877,S001633,Singapore Airlines,KrisFlyer,Business,94118,5494,273725,Available
R0001878,S001634,Qatar Airways,Privilege Club,Business,121978,13948,248203,Available
R0001879,S001634,Air India,Flying Returns,Business,99209,11476,235093,Available
R0001880,S001636,Air India,Flying Returns,Business,86906,6061,273104,Available
R0001881,S001639,Etihad Airways,Etihad Guest,Economy,47701,12581,159785,Available
R0001882,S001639,Air Canada,Aeroplan,Economy,47818,7976,106123,Available
R0001883,S001640,Emirates,Skywards,Economy,36240,11549,119762,Available
R0001884,S001642,Qatar Airways,Privilege Club,Business,119167,16635,252978,Available
R0001885,S001645,Singapore Airlines,KrisFlyer,Economy,41844,3789,109358,Available
R0001886,S001645,Emirates,Skywards,Economy,55901,14205,162730,Available
R0001887,S001645,Qatar Airways,Privilege Club,Economy,41837,16150,104142,Available
R0001888,S001649,Qatar Airways,Privilege Club,Business,111467,7425,286840,Available
R0001889,S001651,Qatar Airways,Privilege Club,Business,140829,12026,337275,Available
R0001890,S001651,Emirates,Skywards,Business,124239,4129,346500,Available
R0001891,S001651,Air Canada,Aeroplan,Business,92848,4409,244378,Available
R0001892,S001652,Air India,Flying Returns,Business,112172,12705,278510,Available
R0001893,S001652,Qatar Airways,Privilege Club,Business,131868,6764,421371,Available
R0001894,S001652,Lufthansa,Miles & More,Business,112060,6543,249305,Available
R0001895,S001653,United Airlines,MileagePlus,Business,122943,12108,401661,Available
R0001896,S001655,Emirates,Skywards,Economy,46302,13655,125386,Available
R0001897,S001655,United Airlines,MileagePlus,Economy,62566,17172,138313,Available
R0001898,S001657,Etihad Airways,Etihad Guest,Business,118284,9835,285270,Available
R0001899,S001658,United Airlines,MileagePlus,Economy,46298,12431,87972,Available
R0001900,S001658,Qatar Airways,Privilege Club,Economy,61317,4062,110552,Available
R0001901,S001660,Etihad Airways,Etihad Guest,Business,60374,5822,191712,Available
R0001902,S001660,Emirates,Skywards,Business,85499,12532,153705,Available
R0001903,S001661,Singapore Airlines,KrisFlyer,First,170604,5864,387882,Available
R0001904,S001661,Air India,Flying Returns,First,117821,8114,368324,Available
R0001905,S001661,Etihad Airways,Etihad Guest,First,192843,13142,419714,Available
R0001906,S001662,Emirates,Skywards,First,203976,8042,481227,Available
R0001907,S001662,Air Canada,Aeroplan,First,219635,9413,651147,Available
R0001908,S001662,Singapore Airlines,KrisFlyer,First,141181,11625,390482,Available
R0001909,S001663,Air Canada,Aeroplan,Economy,28201,5420,92035,Available
R0001910,S001664,Lufthansa,Miles & More,Economy,54447,11076,172288,Available
R0001911,S001664,United Airlines,MileagePlus,Economy,37013,11101,128996,Available
R0001912,S001667,Etihad Airways,Etihad Guest,Business,84975,8621,245971,Available
R0001913,S001669,Qatar Airways,Privilege Club,Business,69800,6618,205375,Available
R0001914,S001669,Emirates,Skywards,Business,107874,7690,274716,Available
R0001915,S001669,Air Canada,Aeroplan,Business,145901,17406,435361,Available
R0001916,S001673,Qatar Airways,Privilege Club,Economy,40125,12352,99849,Available
R0001917,S001673,Singapore Airlines,KrisFlyer,Economy,32456,12207,96298,Available
R0001918,S001674,Etihad Airways,Etihad Guest,Economy,35133,7531,108598,Available
R0001919,S001674,United Airlines,MileagePlus,Economy,64869,13089,203678,Available
R0001920,S001675,Air India,Flying Returns,Economy,27680,10244,88137,Available
R0001921,S001675,Emirates,Skywards,Economy,44728,16988,111870,Available
R0001922,S001676,Air India,Flying Returns,First,112364,11101,199545,Available
R0001923,S001678,Singapore Airlines,KrisFlyer,Economy,31106,12438,70824,Available
R0001924,S001678,Emirates,Skywards,Economy,62208,7101,147570,Available
R0001925,S001678,Lufthansa,Miles & More,Economy,36997,6352,76484,Available
R0001926,S001679,Lufthansa,Miles & More,Business,124176,8658,369732,Available
R0001927,S001679,Emirates,Skywards,Business,127120,11908,358648,Available
R0001928,S001680,Air India,Flying Returns,Economy,42499,6337,137658,Available
R0001929,S001681,Etihad Airways,Etihad Guest,Business,124626,4286,210033,Available
R0001930,S001682,United Airlines,MileagePlus,Economy,43234,8401,137100,Available
R0001931,S001682,Singapore Airlines,KrisFlyer,Economy,56783,11314,192331,Available
R0001932,S001683,Singapore Airlines,KrisFlyer,Business,88794,6336,283060,Available
R0001933,S001684,Air Canada,Aeroplan,Economy,45053,3893,143350,Available
R0001934,S001685,Air India,Flying Returns,Economy,27925,10847,85097,Available
R0001935,S001687,Lufthansa,Miles & More,Economy,34947,6050,99328,Available
R0001936,S001690,Air Canada,Aeroplan,Business,120099,9250,339038,Available
R0001937,S001691,Emirates,Skywards,Business,95176,17162,297347,Available
R0001938,S001693,Air Canada,Aeroplan,Business,61148,11523,164130,Available
R0001939,S001694,United Airlines,MileagePlus,Economy,49693,6291,113211,Available
R0001940,S001694,Singapore Airlines,KrisFlyer,Economy,38512,13258,110601,Available
R0001941,S001698,United Airlines,MileagePlus,Business,89541,6566,224401,Available
R0001942,S001698,Qatar Airways,Privilege Club,Business,142946,16721,472242,Available
R0001943,S001700,Air Canada,Aeroplan,Economy,37154,14229,93288,Available
R0001944,S001700,Emirates,Skywards,Economy,54107,13956,173312,Available
R0001945,S001700,Air India,Flying Returns,Economy,46992,12483,108605,Available
R0001946,S001703,Air India,Flying Returns,Economy,32555,11067,98749,Available
R0001947,S001704,Lufthansa,Miles & More,Business,125763,10993,371414,Available
R0001948,S001705,Air Canada,Aeroplan,Economy,33002,7160,83451,Available
R0001949,S001705,Emirates,Skywards,Economy,50570,9989,154200,Available
R0001950,S001706,United Airlines,MileagePlus,Economy,34318,3727,85323,Available
R0001951,S001706,Lufthansa,Miles & More,Economy,51562,7228,93628,Available
R0001952,S001706,Air Canada,Aeroplan,Economy,36958,8116,107762,Available
R0001953,S001707,Singapore Airlines,KrisFlyer,Business,103381,16818,235163,Available
R0001954,S001707,Lufthansa,Miles & More,Business,138963,6674,429060,Available
R0001955,S001708,Air Canada,Aeroplan,Business,90007,11003,175396,Available
R0001956,S001709,United Airlines,MileagePlus,Business,128969,16513,382663,Available
R0001957,S001709,Lufthansa,Miles & More,Business,143989,16172,415435,Available
R0001958,S001711,United Airlines,MileagePlus,Economy,28230,11834,96390,Available
R0001959,S001711,Air India,Flying Returns,Economy,41834,4759,75602,Available
R0001960,S001712,United Airlines,MileagePlus,Business,149056,14724,437180,Available
R0001961,S001712,Etihad Airways,Etihad Guest,Business,72304,15936,225434,Available
R0001962,S001712,Qatar Airways,Privilege Club,Business,86315,12707,288070,Available
R0001963,S001713,Etihad Airways,Etihad Guest,Economy,30819,7368,63943,Available
R0001964,S001713,Singapore Airlines,KrisFlyer,Economy,40230,10804,131621,Available
R0001965,S001713,Emirates,Skywards,Economy,53220,11594,166352,Available
R0001966,S001715,Emirates,Skywards,Economy,53093,12950,136618,Available
R0001967,S001715,Lufthansa,Miles & More,Economy,30966,17833,80567,Available
R0001968,S001715,Singapore Airlines,KrisFlyer,Economy,26705,15633,80254,Available
R0001969,S001716,Emirates,Skywards,Business,66551,5127,165978,Available
R0001970,S001717,Lufthansa,Miles & More,Economy,62895,4387,174976,Available
R0001971,S001718,Etihad Airways,Etihad Guest,Business,129016,8106,221037,Available
R0001972,S001718,Air India,Flying Returns,Business,101171,12618,301697,Available
R0001973,S001718,Air Canada,Aeroplan,Business,125369,12036,383495,Available
R0001974,S001719,Air Canada,Aeroplan,Business,120092,7983,367937,Available
R0001975,S001720,Air India,Flying Returns,Economy,41847,8737,97501,Available
R0001976,S001721,Emirates,Skywards,Business,61212,15513,185987,Available
R0001977,S001722,Emirates,Skywards,Economy,52834,8979,161559,Available
R0001978,S001723,Etihad Airways,Etihad Guest,Economy,56054,4158,149793,Available
R0001979,S001726,Air Canada,Aeroplan,Business,70871,4363,138411,Available
R0001980,S001726,Etihad Airways,Etihad Guest,Business,102178,8404,205214,Available
R0001981,S001726,United Airlines,MileagePlus,Business,67361,6402,184202,Available
R0001982,S001727,Singapore Airlines,KrisFlyer,Business,143258,8377,401193,Available
R0001983,S001728,United Airlines,MileagePlus,Business,99059,6168,228330,Available
R0001984,S001728,Lufthansa,Miles & More,Business,114223,7666,287019,Available
R0001985,S001729,Emirates,Skywards,Business,67638,6516,212788,Available
R0001986,S001729,Air India,Flying Returns,Business,145157,10016,398997,Available
R0001987,S001730,Air India,Flying Returns,Economy,62440,15494,170937,Available
R0001988,S001730,Etihad Airways,Etihad Guest,Economy,50244,17476,103311,Available
R0001989,S001730,Emirates,Skywards,Economy,28814,17113,71219,Available
R0001990,S001731,Lufthansa,Miles & More,Economy,28801,9989,77095,Available
R0001991,S001732,Lufthansa,Miles & More,Economy,52319,10122,137938,Available
R0001992,S001735,Etihad Airways,Etihad Guest,First,147299,5237,352715,Available
R0001993,S001736,Singapore Airlines,KrisFlyer,Business,88630,7419,213514,Available
R0001994,S001737,Air India,Flying Returns,Business,149547,16218,440837,Available
R0001995,S001740,Etihad Airways,Etihad Guest,Economy,56935,8168,169815,Available
R0001996,S001744,Qatar Airways,Privilege Club,Business,60850,14351,192717,Available
R0001997,S001746,Air Canada,Aeroplan,Economy,33594,7157,62235,Available
R0001998,S001747,Air India,Flying Returns,Business,137969,13241,349763,Available
R0001999,S001748,Air Canada,Aeroplan,Business,85640,14122,186793,Available
R0002000,S001748,Singapore Airlines,KrisFlyer,Business,140469,7062,237111,Available
R0002001,S001748,Lufthansa,Miles & More,Business,131617,15935,263154,Available
R0002002,S001750,Emirates,Skywards,Economy,31720,11154,100516,Available
R0002003,S001750,Lufthansa,Miles & More,Economy,56611,6241,146809,Available
R0002004,S001752,Lufthansa,Miles & More,Economy,39676,12356,77623,Available
R0002005,S001752,United Airlines,MileagePlus,Economy,37837,13776,133986,Available
R0002006,S001755,Air India,Flying Returns,First,144186,14713,373089,Available
R0002007,S001760,Air Canada,Aeroplan,Business,67205,12165,137953,Available
R0002008,S001761,Singapore Airlines,KrisFlyer,Business,116471,7395,298119,Available
R0002009,S001762,Etihad Airways,Etihad Guest,Business,68494,6761,179014,Available
R0002010,S001762,Air Canada,Aeroplan,Business,80144,8579,250737,Available
R0002011,S001763,Emirates,Skywards,Business,144049,8632,381094,Available
R0002012,S001764,Lufthansa,Miles & More,Business,121409,6844,230567,Available
R0002013,S001766,Singapore Airlines,KrisFlyer,Economy,44326,12486,108672,Available
R0002014,S001766,United Airlines,MileagePlus,Economy,49759,8153,112785,Available
R0002015,S001766,Emirates,Skywards,Economy,54511,7060,102757,Available
R0002016,S001767,Etihad Airways,Etihad Guest,Business,81983,4176,231954,Available
R0002017,S001767,Qatar Airways,Privilege Club,Business,127508,14640,323302,Available
R0002018,S001768,Etihad Airways,Etihad Guest,Business,149229,15664,384971,Available
R0002019,S001768,Air Canada,Aeroplan,Business,132917,7974,372329,Available
R0002020,S001768,Qatar Airways,Privilege Club,Business,60683,5475,143871,Available
R0002021,S001769,Air India,Flying Returns,First,154319,11925,278562,Available
R0002022,S001769,Emirates,Skywards,First,176028,14974,359473,Available
R0002023,S001770,Etihad Airways,Etihad Guest,Business,112314,17044,231026,Available
R0002024,S001770,Air Canada,Aeroplan,Business,84924,12113,243790,Available
R0002025,S001771,Etihad Airways,Etihad Guest,First,135605,4824,348139,Available
R0002026,S001773,Air India,Flying Returns,Economy,34480,8360,108411,Available
R0002027,S001774,Etihad Airways,Etihad Guest,Economy,52467,3615,120202,Available
R0002028,S001775,Emirates,Skywards,Business,126864,9893,252532,Available
R0002029,S001776,Air Canada,Aeroplan,Business,124048,10619,220501,Available
R0002030,S001777,Singapore Airlines,KrisFlyer,Economy,61154,16401,122514,Available
R0002031,S001777,Qatar Airways,Privilege Club,Economy,61106,11677,133894,Available
R0002032,S001780,Qatar Airways,Privilege Club,Business,116746,12703,259286,Available
R0002033,S001780,Singapore Airlines,KrisFlyer,Business,91340,10909,267042,Available
R0002034,S001782,Singapore Airlines,KrisFlyer,Business,83943,14832,271700,Available
R0002035,S001782,Qatar Airways,Privilege Club,Business,129546,6377,232981,Available
R0002036,S001784,Lufthansa,Miles & More,Economy,32127,15070,67835,Available
R0002037,S001784,Air Canada,Aeroplan,Economy,56699,7891,110261,Available
R0002038,S001784,Emirates,Skywards,Economy,42763,17271,98200,Available
R0002039,S001785,Lufthansa,Miles & More,First,157048,10279,335009,Available
R0002040,S001786,United Airlines,MileagePlus,Economy,25100,12067,61152,Available
R0002041,S001786,Qatar Airways,Privilege Club,Economy,28382,15203,74648,Available
R0002042,S001787,United Airlines,MileagePlus,Economy,53207,9709,166236,Available
R0002043,S001788,Lufthansa,Miles & More,Economy,29104,13888,95789,Available
R0002044,S001788,United Airlines,MileagePlus,Economy,52122,5411,162059,Available
R0002045,S001789,Air Canada,Aeroplan,Economy,26829,12244,79382,Available
R0002046,S001789,Lufthansa,Miles & More,Economy,31276,6464,77122,Available
R0002047,S001789,United Airlines,MileagePlus,Economy,40237,14616,120506,Available
R0002048,S001795,United Airlines,MileagePlus,Business,136531,17082,342660,Available
R0002049,S001795,Etihad Airways,Etihad Guest,Business,125733,16964,275704,Available
R0002050,S001797,United Airlines,MileagePlus,First,210554,8171,545916,Available
R0002051,S001798,Air India,Flying Returns,Economy,37591,13924,127553,Available
R0002052,S001798,United Airlines,MileagePlus,Economy,51796,17539,181629,Available
R0002053,S001799,Qatar Airways,Privilege Club,Economy,30501,13101,105124,Available
R0002054,S001799,Air India,Flying Returns,Economy,35255,10681,119869,Available
R0002055,S001800,Air India,Flying Returns,Business,122652,9350,222768,Available
R0002056,S001801,Lufthansa,Miles & More,Economy,58683,12584,196897,Available
R0002057,S001801,Qatar Airways,Privilege Club,Economy,35988,16081,110721,Available
R0002058,S001802,Etihad Airways,Etihad Guest,Economy,55928,6528,123681,Available
R0002059,S001803,Lufthansa,Miles & More,Economy,40369,3814,130305,Available
R0002060,S001804,United Airlines,MileagePlus,Economy,37288,7963,85943,Available
R0002061,S001805,Emirates,Skywards,Business,68981,13896,125542,Available
R0002062,S001806,Etihad Airways,Etihad Guest,Economy,27336,11346,95959,Available
R0002063,S001808,Singapore Airlines,KrisFlyer,Business,92688,14854,279126,Available
R0002064,S001809,Air India,Flying Returns,Economy,48780,13809,152838,Available
R0002065,S001809,Emirates,Skywards,Economy,36952,13779,81994,Available
R0002066,S001810,United Airlines,MileagePlus,First,215768,13434,391121,Available
R0002067,S001810,Lufthansa,Miles & More,First,157647,12632,445061,Available
R0002068,S001810,Singapore Airlines,KrisFlyer,First,146248,8320,455465,Available
R0002069,S001811,Lufthansa,Miles & More,Economy,60348,7200,194314,Available
R0002070,S001812,Air Canada,Aeroplan,Business,120726,4141,313598,Available
R0002071,S001812,Lufthansa,Miles & More,Business,76749,4728,222639,Available
R0002072,S001813,Air Canada,Aeroplan,Economy,30563,14903,94587,Available
R0002073,S001813,United Airlines,MileagePlus,Economy,36361,7765,66166,Available
R0002074,S001813,Air India,Flying Returns,Economy,34282,9699,102445,Available
R0002075,S001814,Etihad Airways,Etihad Guest,Economy,38916,6071,103868,Available
R0002076,S001815,Air Canada,Aeroplan,Economy,58540,14896,118688,Available
R0002077,S001817,Singapore Airlines,KrisFlyer,Business,66149,16371,123531,Available
R0002078,S001819,Lufthansa,Miles & More,Economy,36379,13022,91583,Available
R0002079,S001819,United Airlines,MileagePlus,Economy,47170,13433,124646,Available
R0002080,S001820,Etihad Airways,Etihad Guest,Economy,33747,8946,96680,Available
R0002081,S001820,Air Canada,Aeroplan,Economy,36763,14751,85581,Available
R0002082,S001820,United Airlines,MileagePlus,Economy,42218,13339,114132,Available
R0002083,S001821,Air India,Flying Returns,Economy,64713,6259,112638,Available
R0002084,S001822,Emirates,Skywards,Economy,33649,17854,77841,Available
R0002085,S001822,Lufthansa,Miles & More,Economy,46696,10945,148676,Available
R0002086,S001823,Qatar Airways,Privilege Club,Economy,54399,6911,149983,Available
R0002087,S001824,Singapore Airlines,KrisFlyer,First,210793,10094,508497,Available
R0002088,S001824,Lufthansa,Miles & More,First,173138,16968,538021,Available
R0002089,S001825,Air India,Flying Returns,Economy,30768,12315,100109,Available
R0002090,S001827,Lufthansa,Miles & More,Business,66536,14459,145245,Available
R0002091,S001828,Emirates,Skywards,Business,69395,10488,171656,Available
R0002092,S001829,Lufthansa,Miles & More,Economy,30848,12036,78150,Available
R0002093,S001831,Air Canada,Aeroplan,Business,92270,9707,276758,Available
R0002094,S001831,Singapore Airlines,KrisFlyer,Business,105557,13351,210272,Available
R0002095,S001831,Etihad Airways,Etihad Guest,Business,88279,3929,253043,Available
R0002096,S001832,Qatar Airways,Privilege Club,Economy,51134,5868,168821,Available
R0002097,S001832,Air Canada,Aeroplan,Economy,37901,11611,75063,Available
R0002098,S001832,Emirates,Skywards,Economy,51390,17023,142424,Available
R0002099,S001833,Emirates,Skywards,Economy,40706,6161,135336,Available
R0002100,S001834,United Airlines,MileagePlus,First,168487,11766,447709,Available
R0002101,S001834,Etihad Airways,Etihad Guest,First,125170,8340,225971,Available
R0002102,S001836,Air India,Flying Returns,Economy,63873,7215,193574,Available
R0002103,S001839,Lufthansa,Miles & More,Economy,51287,15836,154099,Available
R0002104,S001840,Singapore Airlines,KrisFlyer,Economy,35520,12770,77664,Available
R0002105,S001840,Air Canada,Aeroplan,Economy,36157,15241,77680,Available
R0002106,S001841,Emirates,Skywards,Economy,58357,14269,195711,Available
R0002107,S001841,Etihad Airways,Etihad Guest,Economy,37260,8650,79127,Available
R0002108,S001842,Singapore Airlines,KrisFlyer,Business,66596,10165,138889,Available
R0002109,S001842,Qatar Airways,Privilege Club,Business,103963,5522,321144,Available
R0002110,S001843,Etihad Airways,Etihad Guest,Business,79338,11955,213706,Available
R0002111,S001843,Singapore Airlines,KrisFlyer,Business,117750,14385,371787,Available
R0002112,S001843,Emirates,Skywards,Business,106295,5611,335732,Available
R0002113,S001844,Air Canada,Aeroplan,Business,130210,7332,332680,Available
R0002114,S001847,Air Canada,Aeroplan,Economy,25469,8999,66508,Available
R0002115,S001847,Emirates,Skywards,Economy,54206,10172,104863,Available
R0002116,S001848,Emirates,Skywards,Economy,44604,14147,117330,Available
R0002117,S001848,Singapore Airlines,KrisFlyer,Economy,30732,5904,98146,Available
R0002118,S001849,Emirates,Skywards,Business,107870,7864,269408,Available
R0002119,S001850,Air Canada,Aeroplan,Economy,54563,4129,94016,Available
R0002120,S001850,Singapore Airlines,KrisFlyer,Economy,30664,11121,65757,Available
R0002121,S001850,Emirates,Skywards,Economy,41181,14769,94848,Available
R0002122,S001851,Singapore Airlines,KrisFlyer,Economy,39803,10960,107679,Available
R0002123,S001853,Air India,Flying Returns,Economy,30299,10879,93635,Available
R0002124,S001854,Lufthansa,Miles & More,Business,99231,4621,232532,Available
R0002125,S001856,United Airlines,MileagePlus,Business,73597,8050,229972,Available
R0002126,S001858,Etihad Airways,Etihad Guest,Business,145449,11908,453786,Available
R0002127,S001858,Air India,Flying Returns,Business,106486,4103,219031,Available
R0002128,S001858,Emirates,Skywards,Business,104263,4319,279796,Available
R0002129,S001860,Emirates,Skywards,Economy,59139,14458,145137,Available
R0002130,S001860,United Airlines,MileagePlus,Economy,51430,3506,139976,Available
R0002131,S001862,Singapore Airlines,KrisFlyer,Economy,49533,11790,92358,Available
R0002132,S001862,Air India,Flying Returns,Economy,41697,14065,143559,Available
R0002133,S001862,Lufthansa,Miles & More,Economy,26432,16210,66525,Available
R0002134,S001863,United Airlines,MileagePlus,First,154870,6930,281511,Available
R0002135,S001863,Air Canada,Aeroplan,First,184463,15017,587168,Available
R0002136,S001864,Air India,Flying Returns,Economy,59426,11063,158296,Available
R0002137,S001865,Lufthansa,Miles & More,Business,129575,17889,233473,Available
R0002138,S001866,Air India,Flying Returns,Business,66041,4085,201135,Available
R0002139,S001866,Etihad Airways,Etihad Guest,Business,102273,4813,262035,Available
R0002140,S001869,Qatar Airways,Privilege Club,Economy,30461,8097,85675,Available
R0002141,S001869,United Airlines,MileagePlus,Economy,50993,8474,139044,Available
R0002142,S001870,Air India,Flying Returns,Business,122787,16651,292363,Available
R0002143,S001870,Etihad Airways,Etihad Guest,Business,98450,5793,223275,Available
R0002144,S001871,Air India,Flying Returns,Economy,48795,14035,139015,Available
R0002145,S001872,Qatar Airways,Privilege Club,Economy,37767,17194,92202,Available
R0002146,S001872,Air India,Flying Returns,Economy,31915,16375,109424,Available
R0002147,S001873,Etihad Airways,Etihad Guest,Economy,51190,12959,107851,Available
R0002148,S001875,Qatar Airways,Privilege Club,Business,143452,6453,354411,Available
R0002149,S001876,Air India,Flying Returns,Business,94124,11159,184870,Available
R0002150,S001876,Singapore Airlines,KrisFlyer,Business,77506,16848,220580,Available
R0002151,S001877,Singapore Airlines,KrisFlyer,Business,136089,6675,277069,Available
R0002152,S001878,Lufthansa,Miles & More,Economy,61888,7687,141725,Available
R0002153,S001879,Emirates,Skywards,Economy,42556,17816,140065,Available
R0002154,S001881,Singapore Airlines,KrisFlyer,Economy,52737,8480,164497,Available
R0002155,S001881,United Airlines,MileagePlus,Economy,63598,16739,162390,Available
R0002156,S001881,Lufthansa,Miles & More,Economy,41384,16978,88780,Available
R0002157,S001885,Etihad Airways,Etihad Guest,Business,88217,10439,252342,Available
R0002158,S001888,United Airlines,MileagePlus,Business,121622,10976,315907,Available
R0002159,S001888,Qatar Airways,Privilege Club,Business,117037,8610,333199,Available
R0002160,S001889,Air Canada,Aeroplan,Business,140036,15907,288480,Available
R0002161,S001890,Singapore Airlines,KrisFlyer,Economy,38583,17097,99804,Available
R0002162,S001891,Emirates,Skywards,Economy,30650,4918,59687,Available
R0002163,S001891,Lufthansa,Miles & More,Economy,60969,9668,144776,Available
R0002164,S001891,Air India,Flying Returns,Economy,29307,6461,76903,Available
R0002165,S001893,United Airlines,MileagePlus,Economy,40599,15842,106679,Available
R0002166,S001893,Singapore Airlines,KrisFlyer,Economy,29976,9569,93312,Available
R0002167,S001895,Emirates,Skywards,Economy,40358,15234,127000,Available
R0002168,S001895,Air Canada,Aeroplan,Economy,54070,10597,141009,Available
R0002169,S001895,Air India,Flying Returns,Economy,64751,17524,160566,Available
R0002170,S001896,Lufthansa,Miles & More,Economy,43281,8320,120711,Available
R0002171,S001896,Etihad Airways,Etihad Guest,Economy,63699,17053,216519,Available
R0002172,S001897,Singapore Airlines,KrisFlyer,Economy,64920,5740,128142,Available
R0002173,S001898,Etihad Airways,Etihad Guest,Business,70701,17670,162706,Available
R0002174,S001898,Lufthansa,Miles & More,Business,118923,10704,298029,Available
R0002175,S001900,United Airlines,MileagePlus,Business,115706,11197,247733,Available
R0002176,S001902,Emirates,Skywards,Economy,59296,4350,111460,Available
R0002177,S001902,Etihad Airways,Etihad Guest,Economy,29674,7909,57543,Available
R0002178,S001903,Air Canada,Aeroplan,Business,89914,11105,193529,Available
R0002179,S001904,United Airlines,MileagePlus,Business,90513,4438,261382,Available
R0002180,S001905,Emirates,Skywards,Economy,41810,6402,122953,Available
R0002181,S001905,Air India,Flying Returns,Economy,53886,5412,148233,Available
R0002182,S001906,Etihad Airways,Etihad Guest,Business,133105,14481,274718,Available
R0002183,S001907,Etihad Airways,Etihad Guest,Business,62965,6246,184993,Available
R0002184,S001908,Qatar Airways,Privilege Club,Economy,53641,5709,92543,Available
R0002185,S001908,Etihad Airways,Etihad Guest,Economy,46314,5319,138206,Available
R0002186,S001909,United Airlines,MileagePlus,Economy,30014,7870,74460,Available
R0002187,S001910,Emirates,Skywards,Business,116875,10125,356053,Available
R0002188,S001910,Lufthansa,Miles & More,Business,148153,9855,482457,Available
R0002189,S001911,Emirates,Skywards,Economy,37656,3909,87293,Available
R0002190,S001915,Air India,Flying Returns,Business,122739,16818,352592,Available
R0002191,S001916,Air Canada,Aeroplan,Business,68949,9353,178817,Available
R0002192,S001917,Qatar Airways,Privilege Club,Business,100554,16039,202829,Available
R0002193,S001917,Air Canada,Aeroplan,Business,108660,5701,312245,Available
R0002194,S001918,Lufthansa,Miles & More,First,173553,7484,326678,Available
R0002195,S001919,Qatar Airways,Privilege Club,Business,143487,17065,406716,Available
R0002196,S001919,United Airlines,MileagePlus,Business,98786,12485,216054,Available
R0002197,S001921,Singapore Airlines,KrisFlyer,First,188386,10615,567742,Available
R0002198,S001921,Etihad Airways,Etihad Guest,First,161400,11014,487774,Available
R0002199,S001923,Emirates,Skywards,Business,144017,14464,309563,Available
R0002200,S001923,Lufthansa,Miles & More,Business,68335,11857,218819,Available
R0002201,S001924,Air Canada,Aeroplan,Business,138740,10800,439341,Available
R0002202,S001925,Qatar Airways,Privilege Club,Business,125004,15936,238099,Available
R0002203,S001927,Lufthansa,Miles & More,Business,113160,11726,219637,Available
R0002204,S001928,Emirates,Skywards,First,217516,11783,606918,Available
R0002205,S001928,Lufthansa,Miles & More,First,149804,7391,383910,Available
R0002206,S001929,United Airlines,MileagePlus,Business,129910,14513,249840,Available
R0002207,S001929,Singapore Airlines,KrisFlyer,Business,72718,14181,140541,Available
R0002208,S001930,Qatar Airways,Privilege Club,Economy,64469,11107,143789,Available
R0002209,S001931,Etihad Airways,Etihad Guest,Economy,47850,8495,100200,Available
R0002210,S001931,Singapore Airlines,KrisFlyer,Economy,64775,14620,125006,Available
R0002211,S001932,Emirates,Skywards,Business,86371,12587,183729,Available
R0002212,S001933,United Airlines,MileagePlus,Economy,48210,16829,135170,Available
R0002213,S001933,Singapore Airlines,KrisFlyer,Economy,27419,17513,82714,Available
R0002214,S001934,Emirates,Skywards,Economy,62507,7097,186288,Available
R0002215,S001938,Singapore Airlines,KrisFlyer,Business,74446,11508,140573,Available
R0002216,S001939,Air Canada,Aeroplan,Business,76767,13678,219627,Available
R0002217,S001940,Lufthansa,Miles & More,Economy,41589,15484,134412,Available
R0002218,S001940,Singapore Airlines,KrisFlyer,Economy,41447,14780,140011,Available
R0002219,S001942,Qatar Airways,Privilege Club,Business,106753,9941,198378,Available
R0002220,S001942,Etihad Airways,Etihad Guest,Business,116056,6972,252593,Available
R0002221,S001943,United Airlines,MileagePlus,Business,99827,13740,224465,Available
R0002222,S001943,Air Canada,Aeroplan,Business,82224,5788,140303,Available
R0002223,S001943,Air India,Flying Returns,Business,72244,8196,210791,Available
R0002224,S001944,Lufthansa,Miles & More,Economy,45969,4855,113633,Available
R0002225,S001944,Air India,Flying Returns,Economy,50728,12066,138855,Available
R0002226,S001944,Air Canada,Aeroplan,Economy,35777,5151,74044,Available
R0002227,S001945,United Airlines,MileagePlus,Economy,29742,5241,53778,Available
R0002228,S001945,Singapore Airlines,KrisFlyer,Economy,34706,7324,83557,Available
R0002229,S001946,Air Canada,Aeroplan,Economy,34571,3547,88835,Available
R0002230,S001946,United Airlines,MileagePlus,Economy,35292,5788,93406,Available
R0002231,S001947,Singapore Airlines,KrisFlyer,Economy,57023,7039,167793,Available
R0002232,S001948,Air Canada,Aeroplan,Economy,57950,15719,179503,Available
R0002233,S001948,Air India,Flying Returns,Economy,25155,9311,76068,Available
R0002234,S001949,United Airlines,MileagePlus,Economy,45391,8358,136170,Available
R0002235,S001950,Air Canada,Aeroplan,Business,61699,10334,135489,Available
R0002236,S001951,Etihad Airways,Etihad Guest,First,143458,11398,410143,Available
R0002237,S001951,Air Canada,Aeroplan,First,146347,14519,482819,Available
R0002238,S001954,Etihad Airways,Etihad Guest,Business,126414,17499,367017,Available
R0002239,S001954,Singapore Airlines,KrisFlyer,Business,116555,7395,337109,Available
R0002240,S001955,Air India,Flying Returns,Business,101979,15200,248927,Available
R0002241,S001957,Lufthansa,Miles & More,Economy,31216,5751,58231,Available
R0002242,S001957,Etihad Airways,Etihad Guest,Economy,60428,9148,168100,Available
R0002243,S001959,Emirates,Skywards,Business,143167,8986,283571,Available
R0002244,S001959,Air Canada,Aeroplan,Business,132422,3512,416260,Available
R0002245,S001959,United Airlines,MileagePlus,Business,111391,4197,228050,Available
R0002246,S001962,Singapore Airlines,KrisFlyer,Business,87265,3673,178721,Available
R0002247,S001962,Air Canada,Aeroplan,Business,145823,11010,471140,Available
R0002248,S001963,Air Canada,Aeroplan,Economy,29945,17307,89552,Available
R0002249,S001963,Singapore Airlines,KrisFlyer,Economy,59627,13042,168095,Available
R0002250,S001964,Etihad Airways,Etihad Guest,Economy,27621,17312,67277,Available
R0002251,S001965,Etihad Airways,Etihad Guest,Business,136473,15366,312380,Available
R0002252,S001965,Singapore Airlines,KrisFlyer,Business,115494,16470,341887,Available
R0002253,S001966,Qatar Airways,Privilege Club,Economy,43618,5113,98215,Available
R0002254,S001967,United Airlines,MileagePlus,Business,78740,17669,237255,Available
R0002255,S001967,Air India,Flying Returns,Business,137885,16493,252777,Available
R0002256,S001967,Lufthansa,Miles & More,Business,112658,7887,192489,Available
R0002257,S001968,United Airlines,MileagePlus,Business,62574,17653,149505,Available
R0002258,S001968,Etihad Airways,Etihad Guest,Business,99715,10401,192837,Available
R0002259,S001969,Etihad Airways,Etihad Guest,Business,91751,16743,222346,Available
R0002260,S001969,Air India,Flying Returns,Business,134063,11687,320304,Available
R0002261,S001970,Lufthansa,Miles & More,Economy,40290,7597,132181,Available
R0002262,S001974,Air India,Flying Returns,Economy,59075,13350,119732,Available
R0002263,S001974,Air Canada,Aeroplan,Economy,63681,8274,113608,Available
R0002264,S001974,Etihad Airways,Etihad Guest,Economy,57821,13752,111315,Available
R0002265,S001975,Air Canada,Aeroplan,Economy,34768,12635,116559,Available
R0002266,S001975,Emirates,Skywards,Economy,43602,13212,141734,Available
R0002267,S001978,Qatar Airways,Privilege Club,Economy,39962,13188,120413,Available
R0002268,S001979,Emirates,Skywards,Business,135668,7809,282879,Available
R0002269,S001981,Singapore Airlines,KrisFlyer,Economy,41985,14834,82667,Available
R0002270,S001982,Air Canada,Aeroplan,Economy,46685,5254,81950,Available
R0002271,S001983,Qatar Airways,Privilege Club,Business,104138,4756,314995,Available
R0002272,S001983,Air Canada,Aeroplan,Business,147890,7797,440948,Available
R0002273,S001983,Air India,Flying Returns,Business,82241,3540,199203,Available
R0002274,S001984,Air India,Flying Returns,Economy,33691,6553,104326,Available
R0002275,S001985,Qatar Airways,Privilege Club,Business,148594,17123,450138,Available
R0002276,S001985,Singapore Airlines,KrisFlyer,Business,61524,9987,192250,Available
R0002277,S001986,Air India,Flying Returns,Business,75776,3852,198964,Available
R0002278,S001987,Singapore Airlines,KrisFlyer,Business,77005,3518,183602,Available
R0002279,S001989,Qatar Airways,Privilege Club,First,212384,3664,377618,Available
R0002280,S001991,Etihad Airways,Etihad Guest,Business,84940,10704,247070,Available
R0002281,S001991,Singapore Airlines,KrisFlyer,Business,76746,6940,237110,Available
R0002282,S001991,Qatar Airways,Privilege Club,Business,113570,4257,200713,Available
R0002283,S001992,Qatar Airways,Privilege Club,Economy,32582,3790,65245,Available
R0002284,S001992,Air India,Flying Returns,Economy,41684,17984,133984,Available
R0002285,S001993,Lufthansa,Miles & More,Business,120765,8507,203187,Available
R0002286,S001996,Qatar Airways,Privilege Club,Economy,36414,11648,81511,Available
R0002287,S001996,Lufthansa,Miles & More,Economy,34565,12319,103069,Available
R0002288,S001997,Lufthansa,Miles & More,Business,76807,12968,229003,Available
R0002289,S001998,Etihad Airways,Etihad Guest,Economy,37132,7371,110407,Available
R0002290,S002000,Air India,Flying Returns,Economy,48421,4408,93908,Available
R0002291,S002000,Singapore Airlines,KrisFlyer,Economy,62197,12154,209073,Available
R0002292,S002001,Lufthansa,Miles & More,Economy,34750,8817,116901,Available
R0002293,S002002,Etihad Airways,Etihad Guest,Business,88094,14940,230644,Available
R0002294,S002002,Air India,Flying Returns,Business,140452,5299,404419,Available
R0002295,S002002,Lufthansa,Miles & More,Business,128834,16702,310977,Available
R0002296,S002003,Air Canada,Aeroplan,Economy,46912,4698,110724,Available
R0002297,S002005,Air India,Flying Returns,Business,61591,7844,133860,Available
R0002298,S002005,Lufthansa,Miles & More,Business,79236,3967,249552,Available
R0002299,S002005,Air Canada,Aeroplan,Business,116713,9059,270228,Available
R0002300,S002008,Singapore Airlines,KrisFlyer,Business,135103,6653,342963,Available
R0002301,S002010,Air Canada,Aeroplan,Business,100806,16853,238760,Available
R0002302,S002012,United Airlines,MileagePlus,Economy,48223,9184,110784,Available
R0002303,S002012,Qatar Airways,Privilege Club,Economy,27966,14588,64567,Available
R0002304,S002013,United Airlines,MileagePlus,Business,114149,10023,242282,Available
R0002305,S002013,Emirates,Skywards,Business,86375,7458,278663,Available
R0002306,S002014,Emirates,Skywards,Business,81877,9786,260866,Available
R0002307,S002015,Emirates,Skywards,Economy,61848,7726,192555,Available
R0002308,S002015,Singapore Airlines,KrisFlyer,Economy,26973,4523,71454,Available
R0002309,S002016,Singapore Airlines,KrisFlyer,Economy,50432,11325,169265,Available
R0002310,S002016,Emirates,Skywards,Economy,42185,3841,138088,Available
R0002311,S002017,United Airlines,MileagePlus,Business,65416,17160,139975,Available
R0002312,S002017,Qatar Airways,Privilege Club,Business,130642,13820,429216,Available
R0002313,S002017,Etihad Airways,Etihad Guest,Business,111633,17620,278587,Available
R0002314,S002018,Lufthansa,Miles & More,Economy,34784,8383,103081,Available
R0002315,S002020,Air Canada,Aeroplan,Business,139908,12381,267254,Available
R0002316,S002021,Air India,Flying Returns,Economy,53500,11525,156678,Available
R0002317,S002021,United Airlines,MileagePlus,Economy,28252,15041,66106,Available
R0002318,S002022,Singapore Airlines,KrisFlyer,Economy,49878,12109,115130,Available
R0002319,S002022,Air India,Flying Returns,Economy,63357,16964,139416,Available
R0002320,S002023,Qatar Airways,Privilege Club,Business,79630,8894,239797,Available
R0002321,S002024,United Airlines,MileagePlus,Economy,26810,14684,92193,Available
R0002322,S002024,Qatar Airways,Privilege Club,Economy,64197,8216,149953,Available
R0002323,S002025,Qatar Airways,Privilege Club,Economy,27652,15642,68363,Available
R0002324,S002025,Emirates,Skywards,Economy,33523,10961,110486,Available
R0002325,S002027,Emirates,Skywards,Economy,26757,4756,61218,Available
R0002326,S002030,Etihad Airways,Etihad Guest,Business,140854,7342,401101,Available
R0002327,S002030,Air Canada,Aeroplan,Business,97551,15869,283455,Available
R0002328,S002031,Lufthansa,Miles & More,Business,102131,14377,322450,Available
R0002329,S002032,Etihad Airways,Etihad Guest,Business,131468,13960,388643,Available
R0002330,S002033,Singapore Airlines,KrisFlyer,Economy,44138,17563,150123,Available
R0002331,S002033,Emirates,Skywards,Economy,56479,11953,113874,Available
R0002332,S002035,United Airlines,MileagePlus,Business,132119,15987,406061,Available
R0002333,S002036,United Airlines,MileagePlus,Business,117754,4008,285514,Available
R0002334,S002036,Air Canada,Aeroplan,Business,147096,13831,274501,Available
R0002335,S002038,Qatar Airways,Privilege Club,Business,145027,8219,358638,Available
R0002336,S002038,Singapore Airlines,KrisFlyer,Business,113051,14029,334569,Available
R0002337,S002039,Qatar Airways,Privilege Club,Business,60208,17405,117856,Available
R0002338,S002039,Singapore Airlines,KrisFlyer,Business,95662,17169,202813,Available
R0002339,S002040,Singapore Airlines,KrisFlyer,Economy,39863,9286,84208,Available
R0002340,S002040,United Airlines,MileagePlus,Economy,36036,14893,123601,Available
R0002341,S002040,Qatar Airways,Privilege Club,Economy,52917,5815,142233,Available
R0002342,S002041,Air India,Flying Returns,Business,65063,6902,178425,Available
R0002343,S002041,United Airlines,MileagePlus,Business,102680,11594,332649,Available
R0002344,S002042,Qatar Airways,Privilege Club,Business,106512,5002,332929,Available
R0002345,S002042,United Airlines,MileagePlus,Business,68458,8373,128799,Available
R0002346,S002042,Air Canada,Aeroplan,Business,117397,6321,222604,Available
R0002347,S002043,Air India,Flying Returns,First,206481,10974,425815,Available
R0002348,S002043,Etihad Airways,Etihad Guest,First,144582,13405,399756,Available
R0002349,S002044,Singapore Airlines,KrisFlyer,Business,113536,16419,231375,Available
R0002350,S002048,Air India,Flying Returns,First,122119,8890,267585,Available
R0002351,S002048,Etihad Airways,Etihad Guest,First,144782,10928,279263,Available
R0002352,S002050,United Airlines,MileagePlus,Business,86457,6684,160968,Available
R0002353,S002050,Emirates,Skywards,Business,86231,15366,185975,Available
R0002354,S002051,Singapore Airlines,KrisFlyer,Economy,36782,6504,96291,Available
R0002355,S002053,Etihad Airways,Etihad Guest,Business,79994,15736,254682,Available
R0002356,S002054,Air India,Flying Returns,Business,99215,11674,284977,Available
R0002357,S002055,Qatar Airways,Privilege Club,Economy,39950,14746,114413,Available
R0002358,S002055,Air Canada,Aeroplan,Economy,32521,8320,62230,Available
R0002359,S002056,Emirates,Skywards,Business,65697,7082,194767,Available
R0002360,S002056,Lufthansa,Miles & More,Business,116349,16050,318387,Available
R0002361,S002057,Emirates,Skywards,Economy,26386,8740,55407,Available
R0002362,S002057,Lufthansa,Miles & More,Economy,34472,5098,63710,Available
R0002363,S002058,Emirates,Skywards,Business,75524,7769,182467,Available
R0002364,S002058,Air Canada,Aeroplan,Business,99066,9278,316640,Available
R0002365,S002059,Lufthansa,Miles & More,Economy,57189,13642,130529,Available
R0002366,S002060,United Airlines,MileagePlus,Business,146706,16349,258775,Available
R0002367,S002063,United Airlines,MileagePlus,Business,89623,17006,250596,Available
R0002368,S002065,Etihad Airways,Etihad Guest,Business,128520,8416,341989,Available
R0002369,S002065,United Airlines,MileagePlus,Business,144248,17248,380134,Available
R0002370,S002066,Emirates,Skywards,First,209567,10124,529403,Available
R0002371,S002066,Singapore Airlines,KrisFlyer,First,164788,4347,324887,Available
R0002372,S002070,Emirates,Skywards,Economy,42276,14460,86420,Available
R0002373,S002072,Lufthansa,Miles & More,Business,105598,4304,276162,Available
R0002374,S002073,Air Canada,Aeroplan,Economy,57575,5144,173599,Available
R0002375,S002074,Singapore Airlines,KrisFlyer,Economy,46692,14715,122246,Available
R0002376,S002076,Singapore Airlines,KrisFlyer,Business,127848,9958,239359,Available
R0002377,S002076,Air Canada,Aeroplan,Business,106047,9142,276704,Available
R0002378,S002076,Air India,Flying Returns,Business,102352,7235,241809,Available
R0002379,S002077,Singapore Airlines,KrisFlyer,Economy,39014,16010,103781,Available
R0002380,S002077,Emirates,Skywards,Economy,44470,4045,131438,Available
R0002381,S002078,Qatar Airways,Privilege Club,Business,92781,13093,235128,Available
R0002382,S002078,United Airlines,MileagePlus,Business,111406,14358,274762,Available
R0002383,S002078,Etihad Airways,Etihad Guest,Business,73067,9006,221249,Available
R0002384,S002079,Singapore Airlines,KrisFlyer,Business,89074,9669,178099,Available
R0002385,S002080,Air Canada,Aeroplan,First,122076,7010,316667,Available
R0002386,S002080,Lufthansa,Miles & More,First,181343,4114,520704,Available
R0002387,S002081,United Airlines,MileagePlus,First,184787,14709,425908,Available
R0002388,S002082,Emirates,Skywards,Economy,25922,15722,82206,Available
R0002389,S002082,Qatar Airways,Privilege Club,Economy,54329,12896,116227,Available
R0002390,S002082,Singapore Airlines,KrisFlyer,Economy,36312,13188,73040,Available
R0002391,S002084,Qatar Airways,Privilege Club,Business,108372,5099,305267,Available
R0002392,S002084,Singapore Airlines,KrisFlyer,Business,105720,12732,326384,Available
R0002393,S002085,United Airlines,MileagePlus,Business,79137,8869,240464,Available
R0002394,S002086,Singapore Airlines,KrisFlyer,Economy,41289,4808,122524,Available
R0002395,S002087,Etihad Airways,Etihad Guest,Economy,36392,14007,118626,Available
R0002396,S002089,Emirates,Skywards,Economy,43646,17123,141913,Available
R0002397,S002091,Singapore Airlines,KrisFlyer,Economy,29694,10557,58800,Available
R0002398,S002095,Lufthansa,Miles & More,Economy,43897,5361,128027,Available
R0002399,S002095,Emirates,Skywards,Economy,46712,17248,112516,Available
R0002400,S002096,Qatar Airways,Privilege Club,Business,97888,12874,222504,Available
R0002401,S002096,Air Canada,Aeroplan,Business,118583,5742,331603,Available
R0002402,S002097,Air India,Flying Returns,First,133510,14454,326871,Available
R0002403,S002098,Air Canada,Aeroplan,Business,95024,3934,291189,Available
R0002404,S002098,Emirates,Skywards,Business,98787,4349,313927,Available
R0002405,S002100,United Airlines,MileagePlus,Economy,26646,16241,101487,Available
R0002406,S002100,Qatar Airways,Privilege Club,Economy,55498,4061,106837,Available
R0002407,S002100,Emirates,Skywards,Economy,56194,4375,164290,Available
R0002408,S002101,Lufthansa,Miles & More,Business,115958,7256,373747,Available
R0002409,S002103,Qatar Airways,Privilege Club,Economy,26545,5030,65168,Available
R0002410,S002104,Emirates,Skywards,Economy,39719,7352,83801,Available
R0002411,S002104,Air India,Flying Returns,Economy,61288,17680,197733,Available
R0002412,S002104,Etihad Airways,Etihad Guest,Economy,27057,16137,68670,Available
R0002413,S002105,Air Canada,Aeroplan,Business,134789,16375,284264,Available
R0002414,S002105,Lufthansa,Miles & More,Business,91541,12521,226368,Available
R0002415,S002105,Qatar Airways,Privilege Club,Business,132285,15076,349126,Available
R0002416,S002107,United Airlines,MileagePlus,Business,119766,4145,210285,Available
R0002417,S002108,Qatar Airways,Privilege Club,Economy,39559,5254,92975,Available
R0002418,S002109,Air India,Flying Returns,Business,106467,16840,222980,Available
R0002419,S002109,Emirates,Skywards,Business,127910,16865,274316,Available
R0002420,S002110,Air India,Flying Returns,Business,110684,4460,296294,Available
R0002421,S002112,Air India,Flying Returns,Economy,59429,8053,172521,Available
R0002422,S002113,Singapore Airlines,KrisFlyer,Business,124087,5039,263288,Available
R0002423,S002113,Air Canada,Aeroplan,Business,105123,14166,280351,Available
R0002424,S002113,Lufthansa,Miles & More,Business,121976,5100,281372,Available
R0002425,S002114,Air India,Flying Returns,Economy,41008,8314,132282,Available
R0002426,S002114,Singapore Airlines,KrisFlyer,Economy,53728,12030,127579,Available
R0002427,S002115,United Airlines,MileagePlus,Business,120757,4783,201305,Available
R0002428,S002115,Lufthansa,Miles & More,Business,127757,13439,377464,Available
R0002429,S002116,Singapore Airlines,KrisFlyer,Business,74253,11462,142120,Available
R0002430,S002117,Qatar Airways,Privilege Club,Economy,37958,17207,112706,Available
R0002431,S002119,Qatar Airways,Privilege Club,Economy,34305,13868,78339,Available
R0002432,S002120,Singapore Airlines,KrisFlyer,Economy,56526,15096,109737,Available
R0002433,S002120,Etihad Airways,Etihad Guest,Economy,47468,16048,94100,Available
R0002434,S002120,Emirates,Skywards,Economy,26929,10627,90385,Available
R0002435,S002121,Emirates,Skywards,Economy,31317,11992,80765,Available
R0002436,S002121,Air Canada,Aeroplan,Economy,48715,4528,124271,Available
R0002437,S002122,Singapore Airlines,KrisFlyer,Economy,50735,3887,100699,Available
R0002438,S002123,Qatar Airways,Privilege Club,Economy,52586,5896,160593,Available
R0002439,S002124,Air India,Flying Returns,Economy,60003,16733,207565,Available
R0002440,S002124,United Airlines,MileagePlus,Economy,47624,16152,167454,Available
R0002441,S002127,Etihad Airways,Etihad Guest,Business,80404,17040,257084,Available
R0002442,S002127,United Airlines,MileagePlus,Business,84361,15512,166957,Available
R0002443,S002128,Lufthansa,Miles & More,Economy,40704,3959,75905,Available
R0002444,S002129,Air Canada,Aeroplan,Economy,36377,13486,75453,Available
R0002445,S002130,Emirates,Skywards,Business,144585,15868,294022,Available
R0002446,S002130,United Airlines,MileagePlus,Business,100048,14761,195136,Available
R0002447,S002132,Etihad Airways,Etihad Guest,Economy,34288,10267,106563,Available
R0002448,S002132,Lufthansa,Miles & More,Economy,58301,12632,111201,Available
R0002449,S002134,Qatar Airways,Privilege Club,Business,140388,15946,405797,Available
R0002450,S002134,Emirates,Skywards,Business,132191,5175,229836,Available
R0002451,S002136,Lufthansa,Miles & More,Economy,54009,8841,120662,Available
R0002452,S002137,United Airlines,MileagePlus,Business,61367,15379,144936,Available
R0002453,S002138,United Airlines,MileagePlus,Business,88228,13774,289754,Available
R0002454,S002138,Air India,Flying Returns,Business,125527,16126,347759,Available
R0002455,S002140,Qatar Airways,Privilege Club,Business,93509,7909,165952,Available
R0002456,S002140,Etihad Airways,Etihad Guest,Business,75423,11999,143299,Available
R0002457,S002143,Air India,Flying Returns,Business,114653,13722,318296,Available
R0002458,S002143,Air Canada,Aeroplan,Business,139028,13700,434015,Available
R0002459,S002148,Air Canada,Aeroplan,Economy,47150,10968,107090,Available
R0002460,S002148,Lufthansa,Miles & More,Economy,48862,5159,117375,Available
R0002461,S002148,Qatar Airways,Privilege Club,Economy,58701,8216,113887,Available
R0002462,S002149,Air India,Flying Returns,Business,83562,11665,170921,Available
R0002463,S002149,Etihad Airways,Etihad Guest,Business,80550,10831,174222,Available
R0002464,S002150,United Airlines,MileagePlus,Economy,48287,10115,136138,Available
R0002465,S002150,Qatar Airways,Privilege Club,Economy,42441,4953,88827,Available
R0002466,S002151,Lufthansa,Miles & More,Economy,48881,7889,151380,Available
R0002467,S002151,Air Canada,Aeroplan,Economy,29041,6118,64020,Available
R0002468,S002153,United Airlines,MileagePlus,Business,109960,10055,227779,Available
R0002469,S002154,Lufthansa,Miles & More,Economy,31282,12401,89284,Available
R0002470,S002154,United Airlines,MileagePlus,Economy,48380,13464,131178,Available
R0002471,S002155,Air India,Flying Returns,Business,142482,15469,416179,Available
R0002472,S002156,Emirates,Skywards,Economy,39229,5591,98253,Available
R0002473,S002156,Etihad Airways,Etihad Guest,Economy,56993,15185,143691,Available
R0002474,S002157,United Airlines,MileagePlus,Economy,27404,11830,61912,Available
R0002475,S002157,Air Canada,Aeroplan,Economy,55177,13057,166364,Available
R0002476,S002157,Etihad Airways,Etihad Guest,Economy,57577,5452,161338,Available
R0002477,S002160,Air India,Flying Returns,Business,119888,10968,320417,Available
R0002478,S002162,Air India,Flying Returns,Business,100776,12866,223841,Available
R0002479,S002162,United Airlines,MileagePlus,Business,112958,12181,264302,Available
R0002480,S002165,United Airlines,MileagePlus,Economy,32675,3697,107075,Available
R0002481,S002165,Etihad Airways,Etihad Guest,Economy,30121,16575,99839,Available
R0002482,S002166,Emirates,Skywards,Economy,46998,15573,95816,Available
R0002483,S002166,Air Canada,Aeroplan,Economy,64996,5261,165444,Available
R0002484,S002167,Air India,Flying Returns,Economy,41172,4603,93525,Available
R0002485,S002167,United Airlines,MileagePlus,Economy,30569,13101,109013,Available
R0002486,S002167,Etihad Airways,Etihad Guest,Economy,49740,8304,100926,Available
R0002487,S002169,Etihad Airways,Etihad Guest,Economy,28154,4774,87053,Available
R0002488,S002169,Lufthansa,Miles & More,Economy,57587,16226,191990,Available
R0002489,S002170,Air India,Flying Returns,Economy,55951,10830,106586,Available
R0002490,S002172,Qatar Airways,Privilege Club,Economy,31941,12031,93781,Available
R0002491,S002172,Emirates,Skywards,Economy,44120,4539,87114,Available
R0002492,S002172,Air Canada,Aeroplan,Economy,40573,7313,110342,Available
R0002493,S002173,Emirates,Skywards,First,150635,15053,448997,Available
R0002494,S002173,Qatar Airways,Privilege Club,First,144543,5408,333112,Available
R0002495,S002174,Air India,Flying Returns,First,177412,9751,330162,Available
R0002496,S002175,Lufthansa,Miles & More,Business,79971,10318,199873,Available
R0002497,S002175,Qatar Airways,Privilege Club,Business,118951,17267,359434,Available
R0002498,S002177,United Airlines,MileagePlus,Business,144372,17805,326713,Available
R0002499,S002177,Emirates,Skywards,Business,90955,8625,241263,Available
R0002500,S002178,Air India,Flying Returns,Economy,32915,7556,93047,Available
R0002501,S002178,Singapore Airlines,KrisFlyer,Economy,38306,4423,112107,Available
R0002502,S002180,Air India,Flying Returns,Business,127830,14004,341005,Available
R0002503,S002182,United Airlines,MileagePlus,Economy,26784,6416,86280,Available
R0002504,S002182,Singapore Airlines,KrisFlyer,Economy,54419,9694,126512,Available
R0002505,S002182,Etihad Airways,Etihad Guest,Economy,49898,14331,161613,Available
R0002506,S002184,Air India,Flying Returns,Business,114882,17271,300869,Available
R0002507,S002187,United Airlines,MileagePlus,Economy,54851,15844,123186,Available
R0002508,S002188,Singapore Airlines,KrisFlyer,Economy,61418,3746,136235,Available
R0002509,S002189,Air India,Flying Returns,Business,64601,15398,149794,Available
R0002510,S002190,Qatar Airways,Privilege Club,Business,101046,6797,326935,Available
R0002511,S002191,United Airlines,MileagePlus,Business,148833,4549,355391,Available
R0002512,S002192,Air Canada,Aeroplan,Economy,57709,17911,114926,Available
R0002513,S002192,Qatar Airways,Privilege Club,Economy,32173,3533,83517,Available
R0002514,S002192,United Airlines,MileagePlus,Economy,49360,10046,162367,Available
R0002515,S002193,Etihad Airways,Etihad Guest,Economy,54980,8223,180737,Available
R0002516,S002194,Emirates,Skywards,Economy,32274,5527,69305,Available
R0002517,S002199,Etihad Airways,Etihad Guest,Business,101975,15178,204781,Available
R0002518,S002199,Emirates,Skywards,Business,84067,11430,195146,Available
R0002519,S002201,Air Canada,Aeroplan,Business,103250,16007,326506,Available
R0002520,S002201,United Airlines,MileagePlus,Business,70083,10072,215800,Available
R0002521,S002202,Emirates,Skywards,Economy,44421,4089,99123,Available
R0002522,S002202,Lufthansa,Miles & More,Economy,47131,5389,113202,Available
R0002523,S002203,Etihad Airways,Etihad Guest,Business,144022,15075,276037,Available
R0002524,S002204,Emirates,Skywards,First,128616,12056,367572,Available
R0002525,S002204,Singapore Airlines,KrisFlyer,First,176567,12345,464538,Available
R0002526,S002205,Singapore Airlines,KrisFlyer,Economy,51065,17240,108953,Available
R0002527,S002206,United Airlines,MileagePlus,Business,95185,7242,307760,Available
R0002528,S002206,Etihad Airways,Etihad Guest,Business,109296,9723,326172,Available
R0002529,S002206,Singapore Airlines,KrisFlyer,Business,109860,17932,222425,Available
R0002530,S002207,Air India,Flying Returns,Business,107493,6813,299713,Available
R0002531,S002208,Lufthansa,Miles & More,Business,102316,6683,312960,Available
R0002532,S002209,Etihad Airways,Etihad Guest,Economy,46807,8117,119741,Available
R0002533,S002209,Lufthansa,Miles & More,Economy,26698,17475,87887,Available
R0002534,S002210,Lufthansa,Miles & More,Economy,56929,7729,138972,Available
R0002535,S002212,Qatar Airways,Privilege Club,Economy,53282,17065,144831,Available
R0002536,S002212,Air India,Flying Returns,Economy,52548,13031,123767,Available
R0002537,S002215,United Airlines,MileagePlus,Economy,28567,9432,83063,Available
R0002538,S002215,Qatar Airways,Privilege Club,Economy,47507,5921,134781,Available
R0002539,S002217,Emirates,Skywards,Business,102406,6199,284495,Available
R0002540,S002217,Etihad Airways,Etihad Guest,Business,97748,9900,258912,Available
R0002541,S002218,Air India,Flying Returns,Economy,33830,6185,109003,Available
R0002542,S002219,Air Canada,Aeroplan,Economy,32980,8815,93097,Available
R0002543,S002219,Lufthansa,Miles & More,Economy,44346,11602,87190,Available
R0002544,S002220,Lufthansa,Miles & More,Business,82167,12999,199399,Available
R0002545,S002221,Lufthansa,Miles & More,Business,96411,4267,293270,Available
R0002546,S002221,Air Canada,Aeroplan,Business,134111,15812,390268,Available
R0002547,S002221,United Airlines,MileagePlus,Business,108664,4837,310791,Available
R0002548,S002222,Etihad Airways,Etihad Guest,Economy,61819,6892,198258,Available
R0002549,S002224,Etihad Airways,Etihad Guest,Economy,62736,14406,149363,Available
R0002550,S002224,Singapore Airlines,KrisFlyer,Economy,51274,13010,128151,Available
R0002551,S002225,Air India,Flying Returns,Business,109262,8909,266182,Available
R0002552,S002226,United Airlines,MileagePlus,Economy,39023,11771,88057,Available
R0002553,S002226,Emirates,Skywards,Economy,61404,17229,115931,Available
R0002554,S002226,Lufthansa,Miles & More,Economy,25895,9871,61099,Available
R0002555,S002228,Air India,Flying Returns,Economy,38734,4883,88766,Available
R0002556,S002228,Singapore Airlines,KrisFlyer,Economy,60163,8361,194011,Available
R0002557,S002229,United Airlines,MileagePlus,Economy,30951,17837,84061,Available
R0002558,S002229,Singapore Airlines,KrisFlyer,Economy,51089,5884,98649,Available
R0002559,S002229,Air India,Flying Returns,Economy,54987,12993,169350,Available
R0002560,S002230,Air Canada,Aeroplan,Business,138770,3972,415184,Available
R0002561,S002231,Etihad Airways,Etihad Guest,Economy,30808,6511,96872,Available
R0002562,S002231,Lufthansa,Miles & More,Economy,54281,4597,170453,Available
R0002563,S002232,Air India,Flying Returns,Business,64503,16806,137433,Available
R0002564,S002234,Etihad Airways,Etihad Guest,Business,73008,6622,153954,Available
R0002565,S002234,Emirates,Skywards,Business,135391,8531,287589,Available
R0002566,S002235,Air India,Flying Returns,Economy,41242,15016,125050,Available
R0002567,S002237,Lufthansa,Miles & More,Business,131405,14298,348502,Available
R0002568,S002237,Etihad Airways,Etihad Guest,Business,78810,7727,195423,Available
R0002569,S002238,Lufthansa,Miles & More,Economy,37354,8067,113285,Available
R0002570,S002238,Air India,Flying Returns,Economy,28089,14263,76502,Available
R0002571,S002239,Etihad Airways,Etihad Guest,Business,107632,10366,227708,Available
R0002572,S002239,Lufthansa,Miles & More,Business,85927,3935,231232,Available
R0002573,S002241,United Airlines,MileagePlus,Business,142355,12712,337610,Available
R0002574,S002243,Emirates,Skywards,Business,111245,6016,282948,Available
R0002575,S002247,Air India,Flying Returns,Economy,34219,15778,90883,Available
R0002576,S002247,Air Canada,Aeroplan,Economy,59383,7796,179109,Available
R0002577,S002248,Singapore Airlines,KrisFlyer,Business,115503,7687,312783,Available
R0002578,S002248,Etihad Airways,Etihad Guest,Business,78514,16197,168057,Available
R0002579,S002248,United Airlines,MileagePlus,Business,114018,7442,352408,Available
R0002580,S002249,Singapore Airlines,KrisFlyer,Economy,37731,14423,90868,Available
R0002581,S002249,United Airlines,MileagePlus,Economy,26985,14233,62108,Available
R0002582,S002249,Air India,Flying Returns,Economy,37677,13802,126628,Available
R0002583,S002250,Lufthansa,Miles & More,Economy,42094,7590,117208,Available
R0002584,S002250,Qatar Airways,Privilege Club,Economy,54603,16442,191070,Available
R0002585,S002251,United Airlines,MileagePlus,Economy,64702,11485,167549,Available
R0002586,S002251,Etihad Airways,Etihad Guest,Economy,50242,6886,107777,Available
R0002587,S002251,Qatar Airways,Privilege Club,Economy,46061,12382,107712,Available
R0002588,S002253,Lufthansa,Miles & More,Economy,41148,11883,125130,Available
R0002589,S002253,Qatar Airways,Privilege Club,Economy,49408,9202,125162,Available
R0002590,S002254,Air Canada,Aeroplan,Business,148066,12993,481638,Available
R0002591,S002254,Singapore Airlines,KrisFlyer,Business,80646,8893,235328,Available
R0002592,S002255,United Airlines,MileagePlus,Economy,61544,4806,163378,Available
R0002593,S002255,Lufthansa,Miles & More,Economy,34843,15136,119765,Available
R0002594,S002256,Emirates,Skywards,Economy,31799,9280,94157,Available
R0002595,S002256,Qatar Airways,Privilege Club,Economy,45116,16403,126045,Available
R0002596,S002257,Singapore Airlines,KrisFlyer,Business,133632,11420,419205,Available
R0002597,S002258,United Airlines,MileagePlus,Economy,38477,8131,113053,Available
R0002598,S002259,Qatar Airways,Privilege Club,Economy,29918,14028,69099,Available
R0002599,S002259,Emirates,Skywards,Economy,55956,10906,123370,Available
R0002600,S002259,Air Canada,Aeroplan,Economy,41019,10359,94089,Available
R0002601,S002260,Air Canada,Aeroplan,Economy,64621,7436,133965,Available
R0002602,S002260,Lufthansa,Miles & More,Economy,44442,9165,114297,Available
R0002603,S002265,Singapore Airlines,KrisFlyer,Economy,57591,8603,105050,Available
R0002604,S002265,Etihad Airways,Etihad Guest,Economy,59517,10930,145274,Available
R0002605,S002267,Lufthansa,Miles & More,Economy,63348,7602,157204,Available
R0002606,S002269,Lufthansa,Miles & More,Business,140994,10231,338788,Available
R0002607,S002270,United Airlines,MileagePlus,Business,120937,5493,306964,Available
R0002608,S002270,Etihad Airways,Etihad Guest,Business,70421,4021,149863,Available
R0002609,S002270,Lufthansa,Miles & More,Business,95743,16022,213819,Available
R0002610,S002271,United Airlines,MileagePlus,Business,72341,4153,197236,Available
R0002611,S002273,United Airlines,MileagePlus,Economy,63797,17765,159584,Available
R0002612,S002273,Singapore Airlines,KrisFlyer,Economy,45548,14961,141790,Available
R0002613,S002274,Lufthansa,Miles & More,Economy,47629,15947,130417,Available
R0002614,S002275,Qatar Airways,Privilege Club,Economy,40290,10293,121076,Available
R0002615,S002276,Air India,Flying Returns,Business,146922,9249,317508,Available
R0002616,S002277,Qatar Airways,Privilege Club,Business,149231,8869,364494,Available
R0002617,S002277,Lufthansa,Miles & More,Business,140005,4599,338718,Available
R0002618,S002278,Singapore Airlines,KrisFlyer,First,197386,9626,353005,Available
R0002619,S002278,Air Canada,Aeroplan,First,209425,6104,627270,Available
R0002620,S002278,Etihad Airways,Etihad Guest,First,189162,6705,563729,Available
R0002621,S002279,United Airlines,MileagePlus,Economy,40235,15737,127895,Available
R0002622,S002280,Emirates,Skywards,Business,121595,13318,268683,Available
R0002623,S002280,Etihad Airways,Etihad Guest,Business,72611,11409,221480,Available
R0002624,S002280,Lufthansa,Miles & More,Business,101321,14111,245564,Available
R0002625,S002282,Emirates,Skywards,Business,109901,11238,230644,Available
R0002626,S002283,Lufthansa,Miles & More,Business,118133,7122,334178,Available
R0002627,S002285,Singapore Airlines,KrisFlyer,Economy,25471,11527,79749,Available
R0002628,S002286,Lufthansa,Miles & More,Economy,62652,6736,153599,Available
R0002629,S002286,Singapore Airlines,KrisFlyer,Economy,31020,7868,103420,Available
R0002630,S002288,Air Canada,Aeroplan,Economy,52512,5288,102487,Available
R0002631,S002288,Air India,Flying Returns,Economy,53485,9590,143281,Available
R0002632,S002291,Etihad Airways,Etihad Guest,Economy,33455,15424,79373,Available
R0002633,S002292,Lufthansa,Miles & More,Business,128235,7350,410784,Available
R0002634,S002293,Air Canada,Aeroplan,Business,106334,9287,185336,Available
R0002635,S002293,United Airlines,MileagePlus,Business,117768,8623,316473,Available
R0002636,S002294,Lufthansa,Miles & More,Business,93719,9579,219887,Available
R0002637,S002295,Lufthansa,Miles & More,Economy,62865,9907,143752,Available
R0002638,S002295,Qatar Airways,Privilege Club,Economy,28131,14843,96721,Available
R0002639,S002296,Emirates,Skywards,Economy,37388,17026,119162,Available
R0002640,S002296,Air India,Flying Returns,Economy,46713,13441,141079,Available
R0002641,S002296,Singapore Airlines,KrisFlyer,Economy,44520,15017,95191,Available
R0002642,S002297,Qatar Airways,Privilege Club,Economy,63402,15966,133716,Available
R0002643,S002297,Etihad Airways,Etihad Guest,Economy,28649,13342,102176,Available
R0002644,S002298,Emirates,Skywards,First,175280,17527,481049,Available
R0002645,S002299,Singapore Airlines,KrisFlyer,Business,106454,7492,262371,Available
R0002646,S002299,Air India,Flying Returns,Business,137945,10902,428451,Available
R0002647,S002301,Qatar Airways,Privilege Club,Business,74797,3609,222843,Available
R0002648,S002301,Air Canada,Aeroplan,Business,145647,4217,412374,Available
R0002649,S002301,United Airlines,MileagePlus,Business,136016,15366,268225,Available
R0002650,S002302,Singapore Airlines,KrisFlyer,Economy,56866,14026,156859,Available
R0002651,S002302,Qatar Airways,Privilege Club,Economy,61638,5279,127605,Available
R0002652,S002303,Etihad Airways,Etihad Guest,Business,134244,3600,248084,Available
R0002653,S002303,Lufthansa,Miles & More,Business,106511,16919,303953,Available
R0002654,S002304,Emirates,Skywards,Economy,33961,11102,93280,Available
R0002655,S002307,Qatar Airways,Privilege Club,Business,128002,8829,347942,Available
R0002656,S002308,United Airlines,MileagePlus,Business,129871,16860,279964,Available
R0002657,S002308,Qatar Airways,Privilege Club,Business,113117,6841,224932,Available
R0002658,S002309,United Airlines,MileagePlus,Business,69156,13329,147111,Available
R0002659,S002310,Singapore Airlines,KrisFlyer,Economy,48915,12122,153829,Available
R0002660,S002310,Air Canada,Aeroplan,Economy,28258,3759,81025,Available
R0002661,S002311,Etihad Airways,Etihad Guest,Economy,40313,17049,100912,Available
R0002662,S002311,Emirates,Skywards,Economy,55432,3833,161609,Available
R0002663,S002312,Etihad Airways,Etihad Guest,First,150453,9523,296431,Available
R0002664,S002312,Air India,Flying Returns,First,161092,7896,354856,Available
R0002665,S002313,United Airlines,MileagePlus,Business,83406,7609,147692,Available
R0002666,S002314,Singapore Airlines,KrisFlyer,Business,80826,4548,198688,Available
R0002667,S002314,Etihad Airways,Etihad Guest,Business,112850,12041,246956,Available
R0002668,S002315,Qatar Airways,Privilege Club,Economy,40941,13233,110038,Available
R0002669,S002317,Air Canada,Aeroplan,Economy,35887,14177,77830,Available
R0002670,S002318,Emirates,Skywards,Business,77880,17097,142791,Available
R0002671,S002321,Air India,Flying Returns,Economy,49214,7709,116087,Available
R0002672,S002325,Qatar Airways,Privilege Club,Economy,60528,8725,197318,Available
R0002673,S002327,Etihad Airways,Etihad Guest,Business,97734,12961,270009,Available
R0002674,S002327,Lufthansa,Miles & More,Business,146113,14532,252402,Available
R0002675,S002327,Air India,Flying Returns,Business,101633,8104,291953,Available
R0002676,S002328,Lufthansa,Miles & More,Business,75414,12944,168494,Available
R0002677,S002328,Qatar Airways,Privilege Club,Business,94677,13938,303989,Available
R0002678,S002330,Air India,Flying Returns,Business,77069,13157,197234,Available
R0002679,S002332,Etihad Airways,Etihad Guest,Economy,26242,14318,72126,Available
R0002680,S002333,Lufthansa,Miles & More,Business,100293,15875,282522,Available
R0002681,S002333,United Airlines,MileagePlus,Business,130320,11535,281420,Available
R0002682,S002334,Air India,Flying Returns,Business,105415,11922,266458,Available
R0002683,S002334,United Airlines,MileagePlus,Business,100887,16399,254450,Available
R0002684,S002334,Qatar Airways,Privilege Club,Business,126054,12175,299960,Available
R0002685,S002336,Qatar Airways,Privilege Club,Business,100975,10995,238034,Available
R0002686,S002336,United Airlines,MileagePlus,Business,135298,16913,365624,Available
R0002687,S002337,Etihad Airways,Etihad Guest,Business,140174,12304,321634,Available
R0002688,S002338,Air India,Flying Returns,Business,101073,8651,249116,Available
R0002689,S002339,Lufthansa,Miles & More,Economy,63190,16929,205339,Available
R0002690,S002340,Emirates,Skywards,Business,119322,14862,217968,Available
R0002691,S002341,Air India,Flying Returns,Economy,63329,10869,210404,Available
R0002692,S002342,Air Canada,Aeroplan,Business,67079,16414,172365,Available
R0002693,S002342,Qatar Airways,Privilege Club,Business,117551,16514,211411,Available
R0002694,S002343,Etihad Airways,Etihad Guest,Economy,43303,13102,115388,Available
R0002695,S002343,United Airlines,MileagePlus,Economy,33662,9299,65653,Available
R0002696,S002344,Singapore Airlines,KrisFlyer,Business,74903,4078,162169,Available
R0002697,S002345,Singapore Airlines,KrisFlyer,Economy,30859,6607,76714,Available
R0002698,S002346,Etihad Airways,Etihad Guest,Economy,56545,12338,134539,Available
R0002699,S002346,Singapore Airlines,KrisFlyer,Economy,36378,14315,105516,Available
R0002700,S002348,United Airlines,MileagePlus,Economy,59858,14564,186241,Available
R0002701,S002351,Air India,Flying Returns,Economy,29943,13850,97166,Available
R0002702,S002353,Air India,Flying Returns,Economy,52465,16481,134653,Available
R0002703,S002353,Emirates,Skywards,Economy,38663,14594,122250,Available
R0002704,S002353,Singapore Airlines,KrisFlyer,Economy,61166,13435,147905,Available
R0002705,S002354,United Airlines,MileagePlus,Business,77659,16547,248655,Available
R0002706,S002354,Air Canada,Aeroplan,Business,91836,5066,240054,Available
R0002707,S002354,Air India,Flying Returns,Business,87102,11114,213776,Available
R0002708,S002355,United Airlines,MileagePlus,Economy,52427,15509,159462,Available
R0002709,S002355,Etihad Airways,Etihad Guest,Economy,38712,9593,112008,Available
R0002710,S002356,Singapore Airlines,KrisFlyer,Economy,51719,9177,158400,Available
R0002711,S002358,Etihad Airways,Etihad Guest,Economy,56910,8995,166797,Available
R0002712,S002359,Singapore Airlines,KrisFlyer,Economy,60195,5584,153758,Available
R0002713,S002359,Qatar Airways,Privilege Club,Economy,60767,17063,180532,Available
R0002714,S002359,Etihad Airways,Etihad Guest,Economy,56945,7929,186153,Available
R0002715,S002362,Qatar Airways,Privilege Club,Business,97804,12131,258277,Available
R0002716,S002363,Qatar Airways,Privilege Club,Economy,51061,4905,134709,Available
R0002717,S002363,Etihad Airways,Etihad Guest,Economy,42513,14621,85323,Available
R0002718,S002365,Air India,Flying Returns,Economy,61601,7950,192099,Available
R0002719,S002365,Singapore Airlines,KrisFlyer,Economy,41629,9295,83313,Available
R0002720,S002365,Etihad Airways,Etihad Guest,Economy,50222,10536,120249,Available
R0002721,S002366,Lufthansa,Miles & More,First,140369,7767,260630,Available
R0002722,S002367,Singapore Airlines,KrisFlyer,Economy,31630,11473,71043,Available
R0002723,S002367,Emirates,Skywards,Economy,51273,8264,148379,Available
R0002724,S002368,Etihad Airways,Etihad Guest,Business,126196,9750,245225,Available
R0002725,S002368,United Airlines,MileagePlus,Business,133502,12722,253821,Available
R0002726,S002368,Singapore Airlines,KrisFlyer,Business,126514,8961,361936,Available
R0002727,S002369,Air Canada,Aeroplan,Business,84439,5615,219836,Available
R0002728,S002371,Air Canada,Aeroplan,Business,112242,17687,327579,Available
R0002729,S002371,Singapore Airlines,KrisFlyer,Business,111183,14883,208617,Available
R0002730,S002373,Singapore Airlines,KrisFlyer,Business,133794,17767,283889,Available
R0002731,S002373,Etihad Airways,Etihad Guest,Business,134395,15660,279312,Available
R0002732,S002376,United Airlines,MileagePlus,Business,70904,6118,193988,Available
R0002733,S002377,Air Canada,Aeroplan,Economy,37565,6982,91333,Available
R0002734,S002378,Lufthansa,Miles & More,Economy,46472,5224,143887,Available
R0002735,S002379,Qatar Airways,Privilege Club,Economy,36441,17867,90480,Available
R0002736,S002381,Emirates,Skywards,Economy,27265,13069,88828,Available
R0002737,S002381,Singapore Airlines,KrisFlyer,Economy,57144,12815,158612,Available
R0002738,S002382,Singapore Airlines,KrisFlyer,Economy,27617,3599,75525,Available
R0002739,S002382,Qatar Airways,Privilege Club,Economy,54669,15224,166845,Available
R0002740,S002383,Air India,Flying Returns,Business,118551,7020,231857,Available
R0002741,S002384,Qatar Airways,Privilege Club,Economy,35913,11587,73625,Available
R0002742,S002384,Air Canada,Aeroplan,Economy,42343,5752,132461,Available
R0002743,S002384,Lufthansa,Miles & More,Economy,46310,3798,80412,Available
R0002744,S002385,Qatar Airways,Privilege Club,Economy,26298,3875,66587,Available
R0002745,S002386,Qatar Airways,Privilege Club,Economy,53659,9721,147930,Available
R0002746,S002386,Emirates,Skywards,Economy,30918,17638,85978,Available
R0002747,S002387,Lufthansa,Miles & More,Economy,40868,5273,96711,Available
R0002748,S002390,Air Canada,Aeroplan,Economy,33011,6100,109278,Available
R0002749,S002390,Qatar Airways,Privilege Club,Economy,33030,11923,70684,Available
R0002750,S002390,Air India,Flying Returns,Economy,48701,15347,120662,Available
R0002751,S002392,Etihad Airways,Etihad Guest,Economy,56964,9865,178771,Available
R0002752,S002392,Air India,Flying Returns,Economy,31127,16343,73382,Available
R0002753,S002392,Qatar Airways,Privilege Club,Economy,47163,9153,101929,Available
R0002754,S002393,Qatar Airways,Privilege Club,Economy,26777,7380,56879,Available
R0002755,S002393,United Airlines,MileagePlus,Economy,42516,4454,79466,Available
R0002756,S002393,Singapore Airlines,KrisFlyer,Economy,25604,8161,69974,Available
R0002757,S002394,Air Canada,Aeroplan,Business,86642,9303,253796,Available
R0002758,S002395,Air India,Flying Returns,Economy,58664,11924,194586,Available
R0002759,S002396,Qatar Airways,Privilege Club,Economy,61431,15019,178046,Available
R0002760,S002396,Lufthansa,Miles & More,Economy,39313,10655,121547,Available
R0002761,S002397,Singapore Airlines,KrisFlyer,Economy,42695,14532,83808,Available
R0002762,S002398,Singapore Airlines,KrisFlyer,Business,119648,6565,376195,Available
R0002763,S002402,Singapore Airlines,KrisFlyer,Economy,51171,14947,175597,Available
R0002764,S002402,Air India,Flying Returns,Economy,38096,15791,91341,Available
R0002765,S002403,Qatar Airways,Privilege Club,Business,110705,10244,256427,Available
R0002766,S002404,Qatar Airways,Privilege Club,Business,132902,5630,243560,Available
R0002767,S002404,Lufthansa,Miles & More,Business,141489,14906,374313,Available
R0002768,S002405,Air India,Flying Returns,Economy,61125,9234,190556,Available
R0002769,S002406,Etihad Airways,Etihad Guest,Economy,45895,17825,110049,Available
R0002770,S002406,Qatar Airways,Privilege Club,Economy,58323,11897,161113,Available
R0002771,S002406,Emirates,Skywards,Economy,45247,3617,82378,Available
R0002772,S002407,Etihad Airways,Etihad Guest,First,206867,6500,531965,Available
R0002773,S002407,United Airlines,MileagePlus,First,115515,5725,256520,Available
R0002774,S002407,Qatar Airways,Privilege Club,First,165139,16219,532293,Available
R0002775,S002408,United Airlines,MileagePlus,Business,129318,13824,267652,Available
R0002776,S002408,Emirates,Skywards,Business,74016,13769,187643,Available
R0002777,S002408,Lufthansa,Miles & More,Business,73115,4090,193445,Available
R0002778,S002409,Etihad Airways,Etihad Guest,Business,111647,12896,218836,Available
R0002779,S002412,Emirates,Skywards,Business,84507,9328,219415,Available
R0002780,S002412,Qatar Airways,Privilege Club,Business,132382,14705,346252,Available
R0002781,S002413,United Airlines,MileagePlus,Economy,47586,17277,150650,Available
R0002782,S002413,Qatar Airways,Privilege Club,Economy,37483,10519,110033,Available
R0002783,S002414,Singapore Airlines,KrisFlyer,First,142566,8192,393687,Available
R0002784,S002414,Air Canada,Aeroplan,First,165156,7310,465296,Available
R0002785,S002415,Qatar Airways,Privilege Club,Economy,46279,15551,106907,Available
R0002786,S002415,Etihad Airways,Etihad Guest,Economy,61302,11368,169238,Available
R0002787,S002417,Qatar Airways,Privilege Club,Economy,48909,12180,111845,Available
R0002788,S002417,Emirates,Skywards,Economy,51198,3855,110891,Available
R0002789,S002418,Etihad Airways,Etihad Guest,Economy,45880,16017,115733,Available
R0002790,S002419,Qatar Airways,Privilege Club,Business,99956,13211,175249,Available
R0002791,S002421,Singapore Airlines,KrisFlyer,Economy,50456,6602,98044,Available
R0002792,S002421,Air Canada,Aeroplan,Economy,41551,10950,92265,Available
R0002793,S002422,Etihad Airways,Etihad Guest,Economy,25887,13608,87569,Available
R0002794,S002423,Emirates,Skywards,Business,83251,7436,160631,Available
R0002795,S002425,Singapore Airlines,KrisFlyer,Economy,48863,9565,127962,Available
R0002796,S002425,United Airlines,MileagePlus,Economy,45761,5677,80761,Available
R0002797,S002426,Air Canada,Aeroplan,Economy,31861,16529,75640,Available
R0002798,S002426,Air India,Flying Returns,Economy,55015,8463,162816,Available
R0002799,S002427,Etihad Airways,Etihad Guest,Economy,40027,16759,99908,Available
R0002800,S002427,Air India,Flying Returns,Economy,46913,17471,101274,Available
R0002801,S002427,Qatar Airways,Privilege Club,Economy,41852,12332,85675,Available
R0002802,S002428,Emirates,Skywards,Business,140537,16446,311827,Available
R0002803,S002428,Air Canada,Aeroplan,Business,113161,11363,348605,Available
R0002804,S002428,United Airlines,MileagePlus,Business,107633,17972,267523,Available
R0002805,S002429,Etihad Airways,Etihad Guest,Economy,34592,9787,113365,Available
R0002806,S002430,Etihad Airways,Etihad Guest,Economy,42736,12623,88712,Available
R0002807,S002432,United Airlines,MileagePlus,Business,80791,14967,144883,Available
R0002808,S002434,Emirates,Skywards,Economy,46706,14344,137738,Available
R0002809,S002435,Singapore Airlines,KrisFlyer,Economy,63883,11828,152716,Available
R0002810,S002435,United Airlines,MileagePlus,Economy,59817,8738,163205,Available
R0002811,S002436,Emirates,Skywards,Business,68761,3697,119539,Available
R0002812,S002438,Singapore Airlines,KrisFlyer,Economy,53950,11899,184393,Available
R0002813,S002438,Air Canada,Aeroplan,Economy,30503,5852,73824,Available
R0002814,S002439,Lufthansa,Miles & More,Economy,41205,7936,103541,Available
R0002815,S002440,Qatar Airways,Privilege Club,Economy,64868,16926,156722,Available
R0002816,S002441,Emirates,Skywards,Business,116184,4869,192555,Available
R0002817,S002442,Singapore Airlines,KrisFlyer,Business,109865,10965,348941,Available
R0002818,S002442,Air Canada,Aeroplan,Business,65436,11427,203519,Available
R0002819,S002447,Singapore Airlines,KrisFlyer,Economy,55819,11948,132088,Available
R0002820,S002450,Qatar Airways,Privilege Club,Economy,33343,6783,84684,Available
R0002821,S002456,United Airlines,MileagePlus,Business,98154,12608,318888,Available
R0002822,S002457,United Airlines,MileagePlus,Business,119323,14013,377305,Available
R0002823,S002457,Emirates,Skywards,Business,135580,13798,369965,Available
R0002824,S002457,Qatar Airways,Privilege Club,Business,63441,4419,113920,Available
R0002825,S002458,Singapore Airlines,KrisFlyer,First,217716,13982,371092,Available
R0002826,S002458,Lufthansa,Miles & More,First,159905,4986,429751,Available
R0002827,S002462,Lufthansa,Miles & More,Economy,41283,13622,85837,Available
R0002828,S002462,Qatar Airways,Privilege Club,Economy,55779,10665,124028,Available
R0002829,S002463,Air India,Flying Returns,Economy,47737,13354,165305,Available
R0002830,S002466,Qatar Airways,Privilege Club,Economy,54544,14713,171512,Available
R0002831,S002466,Emirates,Skywards,Economy,55746,12225,137235,Available
R0002832,S002467,Qatar Airways,Privilege Club,First,130699,5000,349807,Available
R0002833,S002467,Emirates,Skywards,First,207178,4976,536318,Available
R0002834,S002469,Qatar Airways,Privilege Club,Economy,55051,5131,142085,Available
R0002835,S002469,Singapore Airlines,KrisFlyer,Economy,49229,12587,114140,Available
R0002836,S002469,Air India,Flying Returns,Economy,50932,5119,107069,Available
R0002837,S002470,Air India,Flying Returns,First,216545,14300,626701,Available
R0002838,S002470,Lufthansa,Miles & More,First,208679,3522,622777,Available
R0002839,S002470,Emirates,Skywards,First,188106,4529,564831,Available
R0002840,S002474,Lufthansa,Miles & More,Economy,27229,5969,59032,Available
R0002841,S002475,Emirates,Skywards,Business,73887,15928,160263,Available
R0002842,S002477,Air Canada,Aeroplan,Economy,46365,14767,161512,Available
R0002843,S002477,Qatar Airways,Privilege Club,Economy,51630,15788,173329,Available
R0002844,S002478,Air India,Flying Returns,Economy,44288,4953,90159,Available
R0002845,S002478,Lufthansa,Miles & More,Economy,56912,12872,107376,Available
R0002846,S002480,Singapore Airlines,KrisFlyer,Business,74506,11108,232523,Available
R0002847,S002481,Etihad Airways,Etihad Guest,Business,89055,9007,233356,Available
R0002848,S002482,Lufthansa,Miles & More,Business,76592,17697,197138,Available
R0002849,S002482,Etihad Airways,Etihad Guest,Business,127358,11241,368580,Available
R0002850,S002483,United Airlines,MileagePlus,Economy,64449,14107,177616,Available
R0002851,S002484,Lufthansa,Miles & More,Business,112894,16126,331674,Available
R0002852,S002485,Air India,Flying Returns,Economy,62285,16364,212335,Available
R0002853,S002486,United Airlines,MileagePlus,Economy,60033,8141,182620,Available
R0002854,S002490,Air India,Flying Returns,Business,80916,9529,230584,Available
R0002855,S002490,Etihad Airways,Etihad Guest,Business,78597,4097,229970,Available
R0002856,S002490,Qatar Airways,Privilege Club,Business,141460,15737,265433,Available
R0002857,S002492,Lufthansa,Miles & More,Business,103661,16770,269754,Available
R0002858,S002494,Lufthansa,Miles & More,Economy,40763,7557,85774,Available
R0002859,S002496,Emirates,Skywards,Business,125496,16838,320133,Available
R0002860,S002497,Emirates,Skywards,Economy,27863,11315,63741,Available
R0002861,S002497,Singapore Airlines,KrisFlyer,Economy,36316,13583,90473,Available
R0002862,S002498,Lufthansa,Miles & More,First,171623,5640,463579,Available
R0002863,S002500,Lufthansa,Miles & More,Economy,31193,11930,110012,Available
R0002864,S002500,Air Canada,Aeroplan,Economy,33753,8712,111575,Available
R0002865,S002501,Air Canada,Aeroplan,Business,62020,3654,191075,Available
R0002866,S002501,Singapore Airlines,KrisFlyer,Business,67378,16577,176905,Available
R0002867,S002501,Emirates,Skywards,Business,69876,6036,212267,Available
R0002868,S002502,United Airlines,MileagePlus,Business,132498,9975,230142,Available
R0002869,S002502,Singapore Airlines,KrisFlyer,Business,148252,5106,412204,Available
R0002870,S002503,Emirates,Skywards,Economy,64350,15387,198442,Available
R0002871,S002504,Air India,Flying Returns,Economy,47259,10780,132427,Available
R0002872,S002504,Qatar Airways,Privilege Club,Economy,25368,10270,63187,Available
R0002873,S002505,Air Canada,Aeroplan,Business,85025,12240,157781,Available
R0002874,S002506,Air Canada,Aeroplan,Business,136501,11164,266491,Available
R0002875,S002506,Emirates,Skywards,Business,139444,11227,387076,Available
R0002876,S002506,Singapore Airlines,KrisFlyer,Business,65057,7961,145472,Available
R0002877,S002509,United Airlines,MileagePlus,Economy,48160,3535,150746,Available
R0002878,S002509,Emirates,Skywards,Economy,28297,4390,92223,Available
R0002879,S002510,Etihad Airways,Etihad Guest,Economy,36197,7249,68058,Available
R0002880,S002511,Singapore Airlines,KrisFlyer,Economy,25600,17058,97222,Available
R0002881,S002513,United Airlines,MileagePlus,Business,98780,11440,238106,Available
R0002882,S002516,Etihad Airways,Etihad Guest,Economy,27005,4661,80828,Available
R0002883,S002518,Air Canada,Aeroplan,Economy,38183,14045,79707,Available
R0002884,S002520,Air India,Flying Returns,Economy,57762,17022,168579,Available
R0002885,S002521,Emirates,Skywards,Economy,48920,6950,161264,Available
R0002886,S002523,Qatar Airways,Privilege Club,First,151523,4224,431771,Available
R0002887,S002524,Air India,Flying Returns,Business,143147,12324,380305,Available
R0002888,S002524,Lufthansa,Miles & More,Business,105309,9642,195694,Available
R0002889,S002525,Lufthansa,Miles & More,Economy,38617,12406,86931,Available
R0002890,S002525,Air Canada,Aeroplan,Economy,54744,5727,131353,Available
R0002891,S002527,Etihad Airways,Etihad Guest,First,175501,12078,529742,Available
R0002892,S002527,Lufthansa,Miles & More,First,135376,4106,339893,Available
R0002893,S002528,Qatar Airways,Privilege Club,Business,90029,7144,245833,Available
R0002894,S002529,Lufthansa,Miles & More,Business,70663,8756,184523,Available
R0002895,S002529,Singapore Airlines,KrisFlyer,Business,121839,9486,275123,Available
R0002896,S002530,Qatar Airways,Privilege Club,Economy,35682,16207,114999,Available
R0002897,S002530,Etihad Airways,Etihad Guest,Economy,45728,14032,147079,Available
R0002898,S002530,Air India,Flying Returns,Economy,63102,10967,119109,Available
R0002899,S002531,Qatar Airways,Privilege Club,Economy,31474,17002,106993,Available
R0002900,S002532,United Airlines,MileagePlus,Economy,60688,4310,197705,Available
R0002901,S002532,Etihad Airways,Etihad Guest,Economy,31629,3898,104438,Available
R0002902,S002533,Singapore Airlines,KrisFlyer,Business,86560,8759,148289,Available
R0002903,S002534,United Airlines,MileagePlus,Economy,34577,6114,70960,Available
R0002904,S002534,Lufthansa,Miles & More,Economy,56730,6074,144880,Available
R0002905,S002535,Air India,Flying Returns,First,149131,4663,295985,Available
R0002906,S002536,Etihad Airways,Etihad Guest,Economy,38354,16767,121135,Available
R0002907,S002536,Qatar Airways,Privilege Club,Economy,62305,17107,167018,Available
R0002908,S002537,Etihad Airways,Etihad Guest,Business,117514,16097,288280,Available
R0002909,S002537,Air Canada,Aeroplan,Business,62399,8455,163395,Available
R0002910,S002538,Singapore Airlines,KrisFlyer,Economy,55832,15012,164838,Available
R0002911,S002540,United Airlines,MileagePlus,Economy,51944,4671,132980,Available
R0002912,S002540,Emirates,Skywards,Economy,36151,9529,101101,Available
R0002913,S002543,United Airlines,MileagePlus,Economy,31215,5515,99262,Available
R0002914,S002543,Lufthansa,Miles & More,Economy,49047,14716,121866,Available
R0002915,S002543,Etihad Airways,Etihad Guest,Economy,56769,11064,161426,Available
R0002916,S002546,Singapore Airlines,KrisFlyer,First,206741,9838,644694,Available
R0002917,S002546,Etihad Airways,Etihad Guest,First,203517,8393,555123,Available
R0002918,S002549,Air Canada,Aeroplan,Economy,41162,7879,79802,Available
R0002919,S002550,Qatar Airways,Privilege Club,Economy,41073,15147,136697,Available
R0002920,S002550,Singapore Airlines,KrisFlyer,Economy,25556,7300,69507,Available
R0002921,S002551,Air Canada,Aeroplan,First,191042,7343,363074,Available
R0002922,S002552,United Airlines,MileagePlus,Economy,44340,9695,126705,Available
R0002923,S002552,Qatar Airways,Privilege Club,Economy,29705,5244,59142,Available
R0002924,S002553,Air India,Flying Returns,Economy,58690,10246,166183,Available
R0002925,S002553,Air Canada,Aeroplan,Economy,60750,5544,163591,Available
R0002926,S002554,Lufthansa,Miles & More,Business,91477,7055,278442,Available
R0002927,S002558,United Airlines,MileagePlus,Business,92264,13752,188133,Available
R0002928,S002558,Air India,Flying Returns,Business,90627,11040,167219,Available
R0002929,S002559,United Airlines,MileagePlus,Economy,57866,5006,177957,Available
R0002930,S002559,Emirates,Skywards,Economy,28257,16066,70745,Available
R0002931,S002560,Emirates,Skywards,Economy,35145,17330,107027,Available
R0002932,S002561,United Airlines,MileagePlus,Economy,60353,14017,193422,Available
R0002933,S002561,Singapore Airlines,KrisFlyer,Economy,45813,12456,155734,Available
R0002934,S002562,Qatar Airways,Privilege Club,Economy,36440,17138,113399,Available
R0002935,S002562,Air Canada,Aeroplan,Economy,49774,14159,139811,Available
R0002936,S002563,United Airlines,MileagePlus,Economy,42751,10521,95856,Available
R0002937,S002564,United Airlines,MileagePlus,Economy,26944,6371,82310,Available
R0002938,S002564,Etihad Airways,Etihad Guest,Economy,56595,10104,158145,Available
R0002939,S002564,Emirates,Skywards,Economy,27138,11980,85371,Available
R0002940,S002565,Air Canada,Aeroplan,Economy,41607,15342,82731,Available
R0002941,S002565,Air India,Flying Returns,Economy,63816,15320,195725,Available
R0002942,S002566,United Airlines,MileagePlus,Business,148898,15169,386795,Available
R0002943,S002568,Singapore Airlines,KrisFlyer,Economy,58281,11718,188660,Available
R0002944,S002568,Emirates,Skywards,Economy,59955,15676,205658,Available
R0002945,S002569,Qatar Airways,Privilege Club,Economy,31638,3854,94685,Available
R0002946,S002570,Emirates,Skywards,Business,106459,3676,321557,Available
R0002947,S002570,Qatar Airways,Privilege Club,Business,87774,8882,228241,Available
R0002948,S002572,Etihad Airways,Etihad Guest,Economy,54999,9452,122586,Available
R0002949,S002572,Singapore Airlines,KrisFlyer,Economy,52760,13598,130168,Available
R0002950,S002573,Air Canada,Aeroplan,Business,101742,8141,261517,Available
R0002951,S002573,Emirates,Skywards,Business,66183,11433,192054,Available
R0002952,S002576,Lufthansa,Miles & More,Business,61293,14451,128443,Available
R0002953,S002576,Etihad Airways,Etihad Guest,Business,143118,12161,416751,Available
R0002954,S002577,Air India,Flying Returns,Business,132952,14421,289973,Available
R0002955,S002579,Emirates,Skywards,Business,141121,15965,451265,Available
R0002956,S002579,Qatar Airways,Privilege Club,Business,127621,16179,347389,Available
R0002957,S002580,Emirates,Skywards,Business,79832,5916,240317,Available
R0002958,S002580,Lufthansa,Miles & More,Business,85728,7876,244149,Available
R0002959,S002580,Singapore Airlines,KrisFlyer,Business,99932,5306,218694,Available
R0002960,S002582,Air India,Flying Returns,Economy,56859,13582,172285,Available
R0002961,S002582,Emirates,Skywards,Economy,42321,13562,126032,Available
R0002962,S002584,Qatar Airways,Privilege Club,Economy,27017,14841,99421,Available
R0002963,S002584,Air Canada,Aeroplan,Economy,29780,10036,63532,Available
R0002964,S002584,United Airlines,MileagePlus,Economy,32624,8771,95132,Available
R0002965,S002586,Air Canada,Aeroplan,Economy,29898,8305,76796,Available
R0002966,S002589,Air India,Flying Returns,Business,61703,8727,162654,Available
R0002967,S002589,Emirates,Skywards,Business,112584,13894,353248,Available
R0002968,S002590,United Airlines,MileagePlus,Economy,64295,4351,153726,Available
R0002969,S002591,Emirates,Skywards,Business,98074,7296,301462,Available
R0002970,S002591,Air India,Flying Returns,Business,142611,7378,451735,Available
R0002971,S002592,Etihad Airways,Etihad Guest,Economy,40821,11479,108836,Available
R0002972,S002592,Emirates,Skywards,Economy,49798,16703,115880,Available
R0002973,S002592,Air Canada,Aeroplan,Economy,58390,15026,137757,Available
R0002974,S002593,Etihad Airways,Etihad Guest,Economy,37859,12668,77296,Available
R0002975,S002594,United Airlines,MileagePlus,Business,85764,6667,164827,Available
R0002976,S002594,Emirates,Skywards,Business,87018,11421,268993,Available
R0002977,S002595,Air Canada,Aeroplan,Economy,52373,4734,146670,Available
R0002978,S002598,Air Canada,Aeroplan,Economy,38526,9008,94739,Available
R0002979,S002598,Etihad Airways,Etihad Guest,Economy,62243,5879,141560,Available
R0002980,S002598,Emirates,Skywards,Economy,52040,11856,122819,Available
R0002981,S002599,Air India,Flying Returns,Business,137114,5617,407059,Available
R0002982,S002600,Emirates,Skywards,Economy,63756,11921,196081,Available
R0002983,S002600,Air Canada,Aeroplan,Economy,30557,9085,86293,Available
R0002984,S002601,Air India,Flying Returns,Economy,34005,14940,74878,Available
R0002985,S002601,Lufthansa,Miles & More,Economy,58254,13382,128607,Available
R0002986,S002601,Emirates,Skywards,Economy,50843,11669,116133,Available
R0002987,S002602,Air Canada,Aeroplan,Economy,43039,4466,137806,Available
R0002988,S002602,Emirates,Skywards,Economy,54274,16113,110937,Available
R0002989,S002605,Lufthansa,Miles & More,Business,118593,7758,369516,Available
R0002990,S002606,Etihad Airways,Etihad Guest,First,146098,14993,465878,Available
R0002991,S002606,Lufthansa,Miles & More,First,188877,10378,405841,Available
R0002992,S002606,Air India,Flying Returns,First,163020,13681,523651,Available
R0002993,S002611,Lufthansa,Miles & More,Economy,53705,5350,92943,Available
R0002994,S002611,Qatar Airways,Privilege Club,Economy,53851,5354,144668,Available
R0002995,S002612,Singapore Airlines,KrisFlyer,Business,63551,13807,166513,Available
R0002996,S002612,Qatar Airways,Privilege Club,Business,110026,6494,184319,Available
R0002997,S002615,Air Canada,Aeroplan,First,157031,3774,394912,Available
R0002998,S002616,Qatar Airways,Privilege Club,Economy,64624,9258,180918,Available
R0002999,S002616,Singapore Airlines,KrisFlyer,Economy,55907,3729,119363,Available
R0003000,S002618,Singapore Airlines,KrisFlyer,Business,112683,4013,277267,Available
R0003001,S002618,Lufthansa,Miles & More,Business,141497,13131,395888,Available
R0003002,S002619,Air India,Flying Returns,Economy,55887,13745,123522,Available
R0003003,S002621,Emirates,Skywards,Business,135549,14482,363013,Available
R0003004,S002622,Qatar Airways,Privilege Club,Economy,37498,9994,96339,Available
R0003005,S002622,Singapore Airlines,KrisFlyer,Economy,39993,7660,123755,Available
R0003006,S002622,United Airlines,MileagePlus,Economy,39211,11265,106901,Available
R0003007,S002624,Air Canada,Aeroplan,Business,98613,12016,239475,Available
R0003008,S002625,Etihad Airways,Etihad Guest,Economy,63181,12298,181468,Available
R0003009,S002628,Emirates,Skywards,Economy,64024,10984,215835,Available
R0003010,S002630,United Airlines,MileagePlus,Business,80536,17113,200121,Available
R0003011,S002631,Qatar Airways,Privilege Club,Economy,58539,9003,132983,Available
R0003012,S002632,Emirates,Skywards,Business,140554,11274,401924,Available
R0003013,S002633,United Airlines,MileagePlus,Economy,37840,17997,115430,Available
R0003014,S002633,Air Canada,Aeroplan,Economy,53992,12071,102481,Available
R0003015,S002633,Lufthansa,Miles & More,Economy,47203,11105,136967,Available
R0003016,S002635,Emirates,Skywards,Business,102756,9143,301890,Available
R0003017,S002635,United Airlines,MileagePlus,Business,100025,8584,196346,Available
R0003018,S002637,Lufthansa,Miles & More,Business,128581,6765,274584,Available
R0003019,S002638,Singapore Airlines,KrisFlyer,Economy,51248,16503,166825,Available
R0003020,S002638,Etihad Airways,Etihad Guest,Economy,53623,17676,129460,Available
R0003021,S002639,Emirates,Skywards,Business,113218,7492,244884,Available
R0003022,S002639,Air Canada,Aeroplan,Business,69082,10482,124864,Available
R0003023,S002640,Qatar Airways,Privilege Club,Economy,25248,13388,64582,Available
R0003024,S002641,Air India,Flying Returns,Economy,44755,7884,134698,Available
R0003025,S002642,Etihad Airways,Etihad Guest,Economy,30423,17706,81650,Available
R0003026,S002642,Qatar Airways,Privilege Club,Economy,48379,5210,156652,Available
R0003027,S002643,Qatar Airways,Privilege Club,Business,69768,10682,149676,Available
R0003028,S002643,Etihad Airways,Etihad Guest,Business,105109,12939,182572,Available
R0003029,S002644,Lufthansa,Miles & More,Economy,31127,5195,79577,Available
R0003030,S002645,Lufthansa,Miles & More,Business,70754,7711,163876,Available
R0003031,S002647,Singapore Airlines,KrisFlyer,First,114070,7393,278119,Available
R0003032,S002648,Emirates,Skywards,Economy,30892,6872,80752,Available
R0003033,S002651,Air India,Flying Returns,Economy,48617,17508,124416,Available
R0003034,S002652,Etihad Airways,Etihad Guest,Business,69859,4954,159310,Available
R0003035,S002653,Singapore Airlines,KrisFlyer,Business,146296,7122,354324,Available
R0003036,S002654,Singapore Airlines,KrisFlyer,Business,128925,5394,240591,Available
R0003037,S002654,Qatar Airways,Privilege Club,Business,71218,9867,150396,Available
R0003038,S002656,United Airlines,MileagePlus,First,206600,13817,520586,Available
R0003039,S002656,Etihad Airways,Etihad Guest,First,119854,14970,272983,Available
R0003040,S002657,Etihad Airways,Etihad Guest,Economy,34199,16517,100915,Available
R0003041,S002657,Emirates,Skywards,Economy,33080,11885,109408,Available
R0003042,S002657,Lufthansa,Miles & More,Economy,49399,4649,132183,Available
R0003043,S002660,Emirates,Skywards,Business,146513,17603,344577,Available
R0003044,S002661,Qatar Airways,Privilege Club,Business,85578,14366,179847,Available
R0003045,S002661,Emirates,Skywards,Business,140957,9662,259916,Available
R0003046,S002662,Qatar Airways,Privilege Club,Business,138228,6614,317940,Available
R0003047,S002662,Air India,Flying Returns,Business,89179,9424,233907,Available
R0003048,S002663,Lufthansa,Miles & More,Economy,52827,3796,160133,Available
R0003049,S002665,Singapore Airlines,KrisFlyer,First,157388,8311,343056,Available
R0003050,S002665,Qatar Airways,Privilege Club,First,161636,12789,307513,Available
R0003051,S002667,Qatar Airways,Privilege Club,Business,149150,10847,417771,Available
R0003052,S002667,Singapore Airlines,KrisFlyer,Business,137657,6735,297421,Available
R0003053,S002667,Air India,Flying Returns,Business,124957,7573,345698,Available
R0003054,S002668,Emirates,Skywards,Economy,41265,4574,102819,Available
R0003055,S002669,Singapore Airlines,KrisFlyer,Economy,48098,14753,97819,Available
R0003056,S002670,United Airlines,MileagePlus,First,174080,6389,357489,Available
R0003057,S002671,Etihad Airways,Etihad Guest,Business,75670,4193,162528,Available
R0003058,S002671,Emirates,Skywards,Business,107053,10361,307150,Available
R0003059,S002672,Air Canada,Aeroplan,Business,148901,17023,281691,Available
R0003060,S002672,Singapore Airlines,KrisFlyer,Business,131272,17310,400737,Available
R0003061,S002673,Etihad Airways,Etihad Guest,Economy,63633,12084,204022,Available
R0003062,S002673,Singapore Airlines,KrisFlyer,Economy,40683,12288,113344,Available
R0003063,S002674,Singapore Airlines,KrisFlyer,Economy,42413,17363,138531,Available
R0003064,S002674,United Airlines,MileagePlus,Economy,57460,8984,133873,Available
R0003065,S002676,Etihad Airways,Etihad Guest,Economy,39527,4608,88047,Available
R0003066,S002676,Lufthansa,Miles & More,Economy,40675,16508,145069,Available
R0003067,S002677,Qatar Airways,Privilege Club,Economy,64198,6855,183252,Available
R0003068,S002677,United Airlines,MileagePlus,Economy,47042,3876,120690,Available
R0003069,S002678,Qatar Airways,Privilege Club,Economy,39130,17893,134946,Available
R0003070,S002679,Etihad Airways,Etihad Guest,Economy,57769,11514,153116,Available
R0003071,S002680,Qatar Airways,Privilege Club,Business,68732,14855,126145,Available
R0003072,S002680,Singapore Airlines,KrisFlyer,Business,96210,14498,319123,Available
R0003073,S002680,Air Canada,Aeroplan,Business,125012,11620,331599,Available
R0003074,S002681,Lufthansa,Miles & More,Economy,36934,13475,84318,Available
R0003075,S002684,Emirates,Skywards,Economy,30596,4853,82257,Available
R0003076,S002685,Air Canada,Aeroplan,Business,141744,16308,382346,Available
R0003077,S002686,Lufthansa,Miles & More,First,146780,9094,353235,Available
R0003078,S002686,Singapore Airlines,KrisFlyer,First,207787,13803,352396,Available
R0003079,S002687,Singapore Airlines,KrisFlyer,Economy,31394,17265,78534,Available
R0003080,S002687,Qatar Airways,Privilege Club,Economy,42324,8869,121028,Available
R0003081,S002689,Qatar Airways,Privilege Club,Economy,27943,3805,58797,Available
R0003082,S002689,Lufthansa,Miles & More,Economy,39850,3948,98954,Available
R0003083,S002690,United Airlines,MileagePlus,Business,63068,6927,196909,Available
R0003084,S002692,Qatar Airways,Privilege Club,Economy,28723,16679,92162,Available
R0003085,S002692,Air Canada,Aeroplan,Economy,44588,13859,129409,Available
R0003086,S002694,Singapore Airlines,KrisFlyer,Economy,34793,5775,93181,Available
R0003087,S002696,United Airlines,MileagePlus,Economy,37657,4429,101252,Available
R0003088,S002696,Air Canada,Aeroplan,Economy,64688,17174,173080,Available
R0003089,S002703,Air Canada,Aeroplan,Business,93839,13352,262002,Available
R0003090,S002703,Qatar Airways,Privilege Club,Business,69016,6584,159990,Available
R0003091,S002706,Singapore Airlines,KrisFlyer,Economy,61431,13777,165853,Available
R0003092,S002706,Air India,Flying Returns,Economy,63513,11031,196981,Available
R0003093,S002709,Air India,Flying Returns,Economy,49502,6365,103421,Available
R0003094,S002710,Etihad Airways,Etihad Guest,Business,116604,15745,375721,Available
R0003095,S002711,Air Canada,Aeroplan,First,215740,17002,686483,Available
R0003096,S002711,Lufthansa,Miles & More,First,130908,5564,407008,Available
R0003097,S002711,United Airlines,MileagePlus,First,129810,4516,319228,Available
R0003098,S002712,Singapore Airlines,KrisFlyer,First,205823,7334,523310,Available
R0003099,S002713,Air Canada,Aeroplan,Economy,59758,15639,117913,Available
R0003100,S002713,Etihad Airways,Etihad Guest,Economy,43511,13259,128525,Available
R0003101,S002713,Singapore Airlines,KrisFlyer,Economy,43557,8103,91855,Available
R0003102,S002714,Emirates,Skywards,Business,80368,8249,209372,Available
R0003103,S002716,Air India,Flying Returns,Economy,43706,16475,126700,Available
R0003104,S002716,Singapore Airlines,KrisFlyer,Economy,58167,7154,191700,Available
R0003105,S002717,Air Canada,Aeroplan,Economy,34856,6841,71622,Available
R0003106,S002717,Singapore Airlines,KrisFlyer,Economy,50525,12130,128457,Available
R0003107,S002718,United Airlines,MileagePlus,Economy,51993,5182,134333,Available
R0003108,S002721,Qatar Airways,Privilege Club,Economy,45368,16292,153095,Available
R0003109,S002722,Etihad Airways,Etihad Guest,Economy,58547,6911,115610,Available
R0003110,S002722,United Airlines,MileagePlus,Economy,40920,10591,82504,Available
R0003111,S002723,Air Canada,Aeroplan,Economy,39275,9722,99856,Available
R0003112,S002723,Air India,Flying Returns,Economy,36455,10643,125677,Available
R0003113,S002723,Singapore Airlines,KrisFlyer,Economy,49463,16577,122419,Available
R0003114,S002724,Emirates,Skywards,First,208102,13802,457191,Available
R0003115,S002724,Etihad Airways,Etihad Guest,First,201074,12831,386808,Available
R0003116,S002727,Singapore Airlines,KrisFlyer,Business,101788,9904,270061,Available
R0003117,S002727,Air India,Flying Returns,Business,138273,16314,385646,Available
R0003118,S002728,Air India,Flying Returns,Economy,25994,5989,57288,Available
R0003119,S002729,Etihad Airways,Etihad Guest,Business,149744,9135,315744,Available
R0003120,S002729,United Airlines,MileagePlus,Business,91674,9015,259292,Available
R0003121,S002729,Air India,Flying Returns,Business,130612,3728,259287,Available
R0003122,S002730,Air Canada,Aeroplan,First,195408,14747,527850,Available
R0003123,S002731,United Airlines,MileagePlus,Economy,49295,11827,126653,Available
R0003124,S002731,Singapore Airlines,KrisFlyer,Economy,62920,12744,163547,Available
R0003125,S002732,Air India,Flying Returns,Business,112595,11157,289633,Available
R0003126,S002732,Lufthansa,Miles & More,Business,121286,14178,298109,Available
R0003127,S002733,Emirates,Skywards,Economy,41656,10827,116924,Available
R0003128,S002733,Etihad Airways,Etihad Guest,Economy,61347,14473,134764,Available
R0003129,S002734,Air Canada,Aeroplan,Economy,39634,4849,71224,Available
R0003130,S002735,Emirates,Skywards,Business,83307,10611,202989,Available
R0003131,S002735,Air India,Flying Returns,Business,142596,6272,309431,Available
R0003132,S002737,Air India,Flying Returns,Economy,33538,10089,87081,Available
R0003133,S002738,Singapore Airlines,KrisFlyer,First,133011,17594,358954,Available
R0003134,S002738,Etihad Airways,Etihad Guest,First,159775,3657,504677,Available
R0003135,S002739,Etihad Airways,Etihad Guest,Business,91416,12992,251580,Available
R0003136,S002739,Emirates,Skywards,Business,112184,7712,323057,Available
R0003137,S002740,Lufthansa,Miles & More,Economy,44145,16704,98428,Available
R0003138,S002740,Air India,Flying Returns,Economy,49354,17694,102050,Available
R0003139,S002740,Emirates,Skywards,Economy,26106,5719,73923,Available
R0003140,S002741,Etihad Airways,Etihad Guest,Economy,34612,9837,81786,Available
R0003141,S002742,Qatar Airways,Privilege Club,Business,74099,5295,155081,Available
R0003142,S002742,Singapore Airlines,KrisFlyer,Business,72088,4294,166861,Available
R0003143,S002743,Qatar Airways,Privilege Club,Economy,51166,11018,162000,Available
R0003144,S002743,Air Canada,Aeroplan,Economy,57419,3608,110281,Available
R0003145,S002743,United Airlines,MileagePlus,Economy,45978,14729,154859,Available
R0003146,S002744,Emirates,Skywards,Economy,41162,15811,113605,Available
R0003147,S002745,Air Canada,Aeroplan,First,124725,6397,240421,Available
R0003148,S002747,Singapore Airlines,KrisFlyer,Economy,33151,10199,82786,Available
R0003149,S002749,Lufthansa,Miles & More,Economy,41648,4565,124207,Available
R0003150,S002750,Etihad Airways,Etihad Guest,Economy,59657,11322,111793,Available
R0003151,S002752,Air Canada,Aeroplan,Business,138199,13848,421663,Available
R0003152,S002753,Etihad Airways,Etihad Guest,Economy,63297,14293,195790,Available
R0003153,S002754,Lufthansa,Miles & More,Business,148435,6713,361627,Available
R0003154,S002757,Qatar Airways,Privilege Club,Economy,39540,14225,131435,Available
R0003155,S002758,United Airlines,MileagePlus,Economy,37964,7763,92955,Available
R0003156,S002758,Emirates,Skywards,Economy,49568,3901,85707,Available
R0003157,S002759,Air India,Flying Returns,Business,117801,12697,249682,Available
R0003158,S002759,Etihad Airways,Etihad Guest,Business,142725,16172,397994,Available
R0003159,S002759,Emirates,Skywards,Business,101822,7383,223317,Available
R0003160,S002761,Singapore Airlines,KrisFlyer,Economy,29203,5328,88832,Available
R0003161,S002762,Singapore Airlines,KrisFlyer,Economy,41567,15423,111836,Available
R0003162,S002762,Air Canada,Aeroplan,Economy,43177,16556,129716,Available
R0003163,S002763,Etihad Airways,Etihad Guest,Economy,30838,6247,94053,Available
R0003164,S002764,United Airlines,MileagePlus,Business,108653,9380,226005,Available
R0003165,S002764,Singapore Airlines,KrisFlyer,Business,146777,14613,410484,Available
R0003166,S002766,Etihad Airways,Etihad Guest,Economy,39230,14483,97155,Available
R0003167,S002766,United Airlines,MileagePlus,Economy,55676,16904,142247,Available
R0003168,S002767,United Airlines,MileagePlus,Business,101131,14833,302198,Available
R0003169,S002768,Etihad Airways,Etihad Guest,Economy,40320,7173,82140,Available
R0003170,S002768,Emirates,Skywards,Economy,26526,6896,71099,Available
R0003171,S002768,Lufthansa,Miles & More,Economy,64760,5317,114952,Available
R0003172,S002769,Singapore Airlines,KrisFlyer,Economy,57229,10952,106557,Available
R0003173,S002769,Qatar Airways,Privilege Club,Economy,29521,14900,92999,Available
R0003174,S002770,Air Canada,Aeroplan,First,156241,14318,288728,Available
R0003175,S002771,Etihad Airways,Etihad Guest,Business,64553,11555,136273,Available
R0003176,S002773,Etihad Airways,Etihad Guest,Economy,49438,17657,173728,Available
R0003177,S002773,Singapore Airlines,KrisFlyer,Economy,29443,17691,92532,Available
R0003178,S002774,Singapore Airlines,KrisFlyer,Economy,27837,13146,68212,Available
R0003179,S002774,Qatar Airways,Privilege Club,Economy,34198,12911,97293,Available
R0003180,S002775,Singapore Airlines,KrisFlyer,Business,79762,12908,227305,Available
R0003181,S002775,Air India,Flying Returns,Business,77340,11836,162118,Available
R0003182,S002776,Air India,Flying Returns,Business,131275,13645,340080,Available
R0003183,S002777,Etihad Airways,Etihad Guest,Economy,62477,16572,145089,Available
R0003184,S002779,Etihad Airways,Etihad Guest,Business,70401,7245,202001,Available
R0003185,S002780,United Airlines,MileagePlus,Economy,26404,6197,63323,Available
R0003186,S002781,Emirates,Skywards,Economy,44719,7354,143369,Available
R0003187,S002781,Lufthansa,Miles & More,Economy,29476,13817,77268,Available
R0003188,S002782,Singapore Airlines,KrisFlyer,Economy,60822,4763,136570,Available
R0003189,S002782,Lufthansa,Miles & More,Economy,61112,14809,140335,Available
R0003190,S002784,Air India,Flying Returns,Business,143400,10181,465891,Available
R0003191,S002784,Singapore Airlines,KrisFlyer,Business,76805,6620,201425,Available
R0003192,S002785,Etihad Airways,Etihad Guest,Business,106404,8685,315818,Available
R0003193,S002786,Air India,Flying Returns,Economy,62323,11456,175565,Available
R0003194,S002786,Singapore Airlines,KrisFlyer,Economy,59985,10502,194361,Available
R0003195,S002788,Singapore Airlines,KrisFlyer,Economy,57866,4812,141434,Available
R0003196,S002788,Emirates,Skywards,Economy,62463,7363,162805,Available
R0003197,S002789,Etihad Airways,Etihad Guest,Business,102329,7017,174761,Available
R0003198,S002790,Air Canada,Aeroplan,Business,105421,10345,262502,Available
R0003199,S002790,Air India,Flying Returns,Business,90472,6415,192362,Available
R0003200,S002790,Lufthansa,Miles & More,Business,71219,9224,181461,Available
R0003201,S002792,Air Canada,Aeroplan,Economy,61462,7042,154980,Available
R0003202,S002792,Qatar Airways,Privilege Club,Economy,47944,9162,140675,Available
R0003203,S002793,Air Canada,Aeroplan,Business,63524,5477,156552,Available
R0003204,S002793,Etihad Airways,Etihad Guest,Business,120167,13368,225561,Available
R0003205,S002794,Etihad Airways,Etihad Guest,Business,89323,12761,206185,Available
R0003206,S002794,United Airlines,MileagePlus,Business,129859,11993,261393,Available
R0003207,S002795,Emirates,Skywards,Economy,46585,14134,119476,Available
R0003208,S002795,United Airlines,MileagePlus,Economy,48617,16065,120475,Available
R0003209,S002796,Emirates,Skywards,Economy,56002,17161,183805,Available
R0003210,S002796,Lufthansa,Miles & More,Economy,25944,15473,96312,Available
R0003211,S002797,Air Canada,Aeroplan,Business,81264,8360,185040,Available
R0003212,S002797,Lufthansa,Miles & More,Business,123493,12725,313906,Available
R0003213,S002798,Lufthansa,Miles & More,First,136699,6656,275696,Available
R0003214,S002798,Etihad Airways,Etihad Guest,First,144025,11444,457923,Available
R0003215,S002800,Etihad Airways,Etihad Guest,First,146204,16665,417437,Available
R0003216,S002800,Lufthansa,Miles & More,First,213532,16134,589962,Available
R0003217,S002800,United Airlines,MileagePlus,First,191077,8557,458530,Available
R0003218,S002801,United Airlines,MileagePlus,Business,74337,5312,225682,Available
R0003219,S002802,Air Canada,Aeroplan,Economy,61826,17338,199376,Available
R0003220,S002802,Emirates,Skywards,Economy,28703,15297,81265,Available
R0003221,S002802,Etihad Airways,Etihad Guest,Economy,48160,14859,148956,Available
R0003222,S002803,Qatar Airways,Privilege Club,Economy,33217,12457,72776,Available
R0003223,S002803,Air Canada,Aeroplan,Economy,53025,6930,152697,Available
R0003224,S002804,Air India,Flying Returns,Economy,58569,4688,121415,Available
R0003225,S002804,Qatar Airways,Privilege Club,Economy,62088,14526,131062,Available
R0003226,S002805,Air Canada,Aeroplan,Economy,45783,14809,134155,Available
R0003227,S002806,Air Canada,Aeroplan,Economy,46574,5482,152590,Available
R0003228,S002806,Emirates,Skywards,Economy,42565,8148,97594,Available
R0003229,S002807,Lufthansa,Miles & More,Economy,41077,8876,135075,Available
R0003230,S002808,Qatar Airways,Privilege Club,First,196892,13771,632477,Available
R0003231,S002809,Singapore Airlines,KrisFlyer,Business,117465,17319,347300,Available
R0003232,S002809,Lufthansa,Miles & More,Business,149964,13625,478971,Available
R0003233,S002809,Air India,Flying Returns,Business,131630,16320,339378,Available
R0003234,S002810,Emirates,Skywards,Business,100036,4100,294323,Available
R0003235,S002811,Lufthansa,Miles & More,Economy,31515,12052,88614,Available
R0003236,S002811,Singapore Airlines,KrisFlyer,Economy,55176,7284,115855,Available
R0003237,S002812,Air India,Flying Returns,Economy,53474,10010,146677,Available
R0003238,S002812,Emirates,Skywards,Economy,30420,12013,105009,Available
R0003239,S002813,Etihad Airways,Etihad Guest,Economy,27715,10982,57187,Available
R0003240,S002813,Lufthansa,Miles & More,Economy,51879,8800,163485,Available
R0003241,S002814,United Airlines,MileagePlus,Business,105523,9825,199704,Available
R0003242,S002814,Lufthansa,Miles & More,Business,128336,5803,368016,Available
R0003243,S002815,Etihad Airways,Etihad Guest,Economy,53682,14246,148392,Available
R0003244,S002816,Singapore Airlines,KrisFlyer,Economy,42490,16925,126627,Available
R0003245,S002817,Singapore Airlines,KrisFlyer,Business,147877,3598,456673,Available
R0003246,S002817,Etihad Airways,Etihad Guest,Business,137470,17756,401779,Available
R0003247,S002818,Etihad Airways,Etihad Guest,Economy,30536,4184,97063,Available
R0003248,S002818,Lufthansa,Miles & More,Economy,25898,13379,68683,Available
R0003249,S002818,Singapore Airlines,KrisFlyer,Economy,63214,5331,113620,Available
R0003250,S002819,Lufthansa,Miles & More,Business,130838,11248,292677,Available
R0003251,S002822,Air Canada,Aeroplan,Business,113590,10251,201165,Available
R0003252,S002822,Air India,Flying Returns,Business,123521,13663,227622,Available
R0003253,S002823,Etihad Airways,Etihad Guest,Business,123290,6358,383195,Available
R0003254,S002824,United Airlines,MileagePlus,Economy,57093,13953,116509,Available
R0003255,S002825,Etihad Airways,Etihad Guest,Economy,55378,4053,135911,Available
R0003256,S002827,Emirates,Skywards,First,215706,6995,371063,Available
R0003257,S002828,Singapore Airlines,KrisFlyer,Business,113865,10256,260923,Available
R0003258,S002828,Etihad Airways,Etihad Guest,Business,60178,4537,181220,Available
R0003259,S002829,Air Canada,Aeroplan,Business,96754,14868,175035,Available
R0003260,S002829,Singapore Airlines,KrisFlyer,Business,66240,17688,214175,Available
R0003261,S002831,Etihad Airways,Etihad Guest,Economy,59685,14316,127864,Available
R0003262,S002831,Air Canada,Aeroplan,Economy,46605,17378,159221,Available
R0003263,S002832,Emirates,Skywards,Economy,52148,16766,175625,Available
R0003264,S002832,Lufthansa,Miles & More,Economy,56645,13181,175729,Available
R0003265,S002833,Lufthansa,Miles & More,Business,91145,6182,190637,Available
R0003266,S002833,Etihad Airways,Etihad Guest,Business,73265,11925,223267,Available
R0003267,S002834,Qatar Airways,Privilege Club,Economy,35952,11418,80241,Available
R0003268,S002835,Emirates,Skywards,Business,61805,12171,167895,Available
R0003269,S002835,United Airlines,MileagePlus,Business,70821,9310,191483,Available
R0003270,S002836,Air India,Flying Returns,Business,116788,14110,381389,Available
R0003271,S002837,Lufthansa,Miles & More,First,160594,13020,518365,Available
R0003272,S002838,Air Canada,Aeroplan,Economy,35089,16133,91488,Available
R0003273,S002838,Singapore Airlines,KrisFlyer,Economy,43866,8785,119093,Available
R0003274,S002841,Emirates,Skywards,Economy,36374,14000,80152,Available
R0003275,S002842,Singapore Airlines,KrisFlyer,Business,131587,17853,315937,Available
R0003276,S002842,Lufthansa,Miles & More,Business,131952,6512,314797,Available
R0003277,S002844,Lufthansa,Miles & More,First,123623,6196,302098,Available
R0003278,S002844,Qatar Airways,Privilege Club,First,186989,12192,433047,Available
R0003279,S002844,Etihad Airways,Etihad Guest,First,116464,5396,325693,Available
R0003280,S002847,Air Canada,Aeroplan,Economy,40786,13964,115704,Available
R0003281,S002847,Emirates,Skywards,Economy,51971,9717,138443,Available
R0003282,S002848,United Airlines,MileagePlus,Economy,39595,11442,78522,Available
R0003283,S002848,Singapore Airlines,KrisFlyer,Economy,42552,4086,87104,Available
R0003284,S002848,Emirates,Skywards,Economy,56258,14426,184162,Available
R0003285,S002849,Singapore Airlines,KrisFlyer,Economy,42624,7859,117389,Available
R0003286,S002850,Emirates,Skywards,Economy,56667,13708,151826,Available
R0003287,S002850,Qatar Airways,Privilege Club,Economy,37236,11743,95606,Available
R0003288,S002851,Lufthansa,Miles & More,Economy,41999,5424,138917,Available
R0003289,S002851,Singapore Airlines,KrisFlyer,Economy,57127,7428,155789,Available
R0003290,S002851,Qatar Airways,Privilege Club,Economy,29889,6272,73224,Available
R0003291,S002852,Singapore Airlines,KrisFlyer,Economy,44457,12647,139531,Available
R0003292,S002852,Qatar Airways,Privilege Club,Economy,47736,9190,141753,Available
R0003293,S002852,Lufthansa,Miles & More,Economy,62560,10089,143058,Available
R0003294,S002853,United Airlines,MileagePlus,Business,69183,8276,120302,Available
R0003295,S002853,Singapore Airlines,KrisFlyer,Business,107111,9059,302833,Available
R0003296,S002857,Qatar Airways,Privilege Club,First,116571,14222,380110,Available
R0003297,S002857,Emirates,Skywards,First,131571,9081,314479,Available
R0003298,S002857,Etihad Airways,Etihad Guest,First,199008,7747,354754,Available
R0003299,S002858,Qatar Airways,Privilege Club,Business,132079,17848,407519,Available
R0003300,S002858,United Airlines,MileagePlus,Business,135747,12356,389074,Available
R0003301,S002859,Lufthansa,Miles & More,Economy,54510,9560,105489,Available
R0003302,S002861,Singapore Airlines,KrisFlyer,Business,78135,8700,250332,Available
R0003303,S002861,Air India,Flying Returns,Business,69316,4892,147731,Available
R0003304,S002862,Emirates,Skywards,Business,147971,14013,272260,Available
R0003305,S002862,Qatar Airways,Privilege Club,Business,116736,8129,364229,Available
R0003306,S002865,Etihad Airways,Etihad Guest,Economy,31839,7618,68135,Available
R0003307,S002866,Qatar Airways,Privilege Club,First,189973,17037,500970,Available
R0003308,S002867,Qatar Airways,Privilege Club,Economy,32293,5409,88190,Available
R0003309,S002867,Emirates,Skywards,Economy,52205,10554,130636,Available
R0003310,S002867,Air Canada,Aeroplan,Economy,58926,14912,142129,Available
R0003311,S002868,Air India,Flying Returns,First,194859,12294,356373,Available
R0003312,S002870,Air Canada,Aeroplan,Economy,29828,10179,60502,Available
R0003313,S002871,Emirates,Skywards,First,116553,10364,260962,Available
R0003314,S002872,Etihad Airways,Etihad Guest,Economy,64652,15022,152121,Available
R0003315,S002873,United Airlines,MileagePlus,Economy,33151,17628,122488,Available
R0003316,S002874,Singapore Airlines,KrisFlyer,Economy,41868,17140,134552,Available
R0003317,S002874,Emirates,Skywards,Economy,26710,4660,64564,Available
R0003318,S002876,Emirates,Skywards,Economy,64020,6649,189208,Available
R0003319,S002876,Singapore Airlines,KrisFlyer,Economy,26720,8334,89407,Available
R0003320,S002877,Emirates,Skywards,Business,138848,16510,403124,Available
R0003321,S002879,Qatar Airways,Privilege Club,First,135200,17455,309137,Available
R0003322,S002879,Lufthansa,Miles & More,First,144002,16804,465275,Available
R0003323,S002880,Air India,Flying Returns,Business,139912,14835,459382,Available
R0003324,S002880,Singapore Airlines,KrisFlyer,Business,77306,5018,179997,Available
R0003325,S002884,United Airlines,MileagePlus,Business,103391,6987,219257,Available
R0003326,S002884,Emirates,Skywards,Business,92637,9258,257946,Available
R0003327,S002885,Emirates,Skywards,Economy,39518,4363,120389,Available
R0003328,S002885,Lufthansa,Miles & More,Economy,50630,6526,161570,Available
R0003329,S002886,United Airlines,MileagePlus,Economy,25433,5456,66879,Available
R0003330,S002886,Qatar Airways,Privilege Club,Economy,25083,12403,63853,Available
R0003331,S002887,Air Canada,Aeroplan,Business,146666,7335,454755,Available
R0003332,S002887,Air India,Flying Returns,Business,99351,13300,270531,Available
R0003333,S002887,United Airlines,MileagePlus,Business,64257,9637,128677,Available
R0003334,S002888,Singapore Airlines,KrisFlyer,Economy,57321,13205,133700,Available
R0003335,S002889,Singapore Airlines,KrisFlyer,Business,108883,14242,278985,Available
R0003336,S002889,Lufthansa,Miles & More,Business,120730,10974,241202,Available
R0003337,S002890,Singapore Airlines,KrisFlyer,Economy,62082,13300,121057,Available
R0003338,S002890,Qatar Airways,Privilege Club,Economy,63748,10426,170376,Available
R0003339,S002892,Air India,Flying Returns,Economy,63064,17922,197088,Available
R0003340,S002892,Emirates,Skywards,Economy,34802,6409,109047,Available
R0003341,S002893,Lufthansa,Miles & More,Economy,64735,12135,135254,Available
R0003342,S002893,Qatar Airways,Privilege Club,Economy,56904,10410,116237,Available
R0003343,S002894,Emirates,Skywards,Business,100639,10539,204653,Available
R0003344,S002894,Qatar Airways,Privilege Club,Business,125953,7848,247593,Available
R0003345,S002895,Lufthansa,Miles & More,Economy,50593,9750,110665,Available
R0003346,S002896,Singapore Airlines,KrisFlyer,Economy,56993,16171,115879,Available
R0003347,S002896,Qatar Airways,Privilege Club,Economy,29985,6062,86069,Available
R0003348,S002896,Air India,Flying Returns,Economy,47459,17451,150852,Available
R0003349,S002898,Air Canada,Aeroplan,Business,134451,9624,414921,Available
R0003350,S002899,United Airlines,MileagePlus,Business,78221,17702,153025,Available
R0003351,S002899,Lufthansa,Miles & More,Business,78203,5877,185029,Available
R0003352,S002901,Lufthansa,Miles & More,Business,71050,7465,136966,Available
R0003353,S002901,Air India,Flying Returns,Business,81604,9902,209436,Available
R0003354,S002903,Air Canada,Aeroplan,Business,145928,11087,287412,Available
R0003355,S002906,Singapore Airlines,KrisFlyer,Economy,44846,5906,110237,Available
R0003356,S002907,Air Canada,Aeroplan,Economy,63997,10522,119606,Available
R0003357,S002908,Singapore Airlines,KrisFlyer,Economy,33454,10691,116028,Available
R0003358,S002908,Air India,Flying Returns,Economy,36079,12145,84087,Available
R0003359,S002909,United Airlines,MileagePlus,Economy,58468,7736,153046,Available
R0003360,S002910,Air India,Flying Returns,Economy,50408,11205,143224,Available
R0003361,S002910,Air Canada,Aeroplan,Economy,25037,14655,73343,Available
R0003362,S002911,United Airlines,MileagePlus,Business,135964,5883,394603,Available
R0003363,S002913,Etihad Airways,Etihad Guest,Business,98354,10518,228956,Available
R0003364,S002913,Qatar Airways,Privilege Club,Business,77466,9192,153989,Available
R0003365,S002914,Qatar Airways,Privilege Club,Business,140554,8375,288512,Available
R0003366,S002915,Air Canada,Aeroplan,Economy,34863,11493,91092,Available
R0003367,S002917,Lufthansa,Miles & More,Economy,37228,4973,84851,Available
R0003368,S002917,Qatar Airways,Privilege Club,Economy,48701,11320,134100,Available
R0003369,S002917,United Airlines,MileagePlus,Economy,50332,14662,148201,Available
R0003370,S002918,Etihad Airways,Etihad Guest,Economy,41673,11440,104948,Available
R0003371,S002918,Singapore Airlines,KrisFlyer,Economy,34707,13909,107117,Available
R0003372,S002921,Lufthansa,Miles & More,Economy,38521,11642,77118,Available
R0003373,S002921,Etihad Airways,Etihad Guest,Economy,47797,15462,112634,Available
R0003374,S002922,Emirates,Skywards,Economy,30659,17126,93046,Available
R0003375,S002923,Etihad Airways,Etihad Guest,Economy,32263,11562,75967,Available
R0003376,S002923,Lufthansa,Miles & More,Economy,41472,11185,112874,Available
R0003377,S002926,Emirates,Skywards,First,193753,7174,615631,Available
R0003378,S002927,Air India,Flying Returns,Economy,32146,14085,98920,Available
R0003379,S002927,Qatar Airways,Privilege Club,Economy,46600,13040,107719,Available
R0003380,S002929,Emirates,Skywards,Business,112458,6955,248886,Available
R0003381,S002930,Singapore Airlines,KrisFlyer,Business,138550,14336,335054,Available
R0003382,S002931,Etihad Airways,Etihad Guest,Economy,35193,4213,75925,Available
R0003383,S002932,Emirates,Skywards,Business,131782,9478,323465,Available
R0003384,S002933,United Airlines,MileagePlus,Economy,46012,14843,158589,Available
R0003385,S002933,Singapore Airlines,KrisFlyer,Economy,38348,5126,96238,Available
R0003386,S002935,Etihad Airways,Etihad Guest,Economy,41654,16199,146223,Available
R0003387,S002938,Qatar Airways,Privilege Club,Business,131538,7508,353747,Available
R0003388,S002939,Singapore Airlines,KrisFlyer,Economy,42423,4146,118803,Available
R0003389,S002939,United Airlines,MileagePlus,Economy,35332,13820,115050,Available
R0003390,S002939,Air Canada,Aeroplan,Economy,56821,17674,128038,Available
R0003391,S002940,Air Canada,Aeroplan,Business,125456,7557,304182,Available
R0003392,S002940,Air India,Flying Returns,Business,92890,13917,258192,Available
R0003393,S002941,United Airlines,MileagePlus,Economy,27096,4451,66773,Available
R0003394,S002941,Air India,Flying Returns,Economy,42023,5365,123559,Available
R0003395,S002943,Air India,Flying Returns,Business,66958,13849,127967,Available
R0003396,S002943,Air Canada,Aeroplan,Business,66647,12817,140174,Available
R0003397,S002944,Air India,Flying Returns,Business,129518,7309,347858,Available
R0003398,S002945,Lufthansa,Miles & More,Economy,46858,10881,148473,Available
R0003399,S002947,Singapore Airlines,KrisFlyer,Business,102325,11359,219756,Available
R0003400,S002947,Emirates,Skywards,Business,75262,5055,244575,Available
R0003401,S002951,United Airlines,MileagePlus,Economy,63676,4299,207187,Available
R0003402,S002953,Etihad Airways,Etihad Guest,Business,84841,13909,224534,Available
R0003403,S002953,Air India,Flying Returns,Business,104269,10923,189980,Available
R0003404,S002953,Qatar Airways,Privilege Club,Business,125355,5474,353028,Available
R0003405,S002954,United Airlines,MileagePlus,Economy,56083,3908,167234,Available
R0003406,S002954,Emirates,Skywards,Economy,57985,14142,118437,Available
R0003407,S002956,Emirates,Skywards,Economy,25225,12170,68685,Available
R0003408,S002958,Air India,Flying Returns,Economy,25548,3501,54252,Available
R0003409,S002958,Air Canada,Aeroplan,Economy,38625,13965,102024,Available
R0003410,S002958,Qatar Airways,Privilege Club,Economy,30626,8545,75849,Available
R0003411,S002962,Air India,Flying Returns,Business,66482,13538,210906,Available
R0003412,S002962,United Airlines,MileagePlus,Business,149256,8420,468443,Available
R0003413,S002965,Lufthansa,Miles & More,Economy,44333,10484,99738,Available
R0003414,S002966,Emirates,Skywards,Economy,41027,17291,108797,Available
R0003415,S002967,Air Canada,Aeroplan,Business,91935,11834,187854,Available
R0003416,S002967,Air India,Flying Returns,Business,132797,6768,274950,Available
R0003417,S002967,United Airlines,MileagePlus,Business,124248,11685,394273,Available
R0003418,S002968,Air India,Flying Returns,Economy,55997,14211,169370,Available
R0003419,S002969,Singapore Airlines,KrisFlyer,Business,135158,8655,317712,Available
R0003420,S002970,Air India,Flying Returns,Business,93715,15404,217939,Available
R0003421,S002971,Singapore Airlines,KrisFlyer,Economy,48842,15284,134289,Available
R0003422,S002971,Qatar Airways,Privilege Club,Economy,29535,6609,54826,Available
R0003423,S002971,Etihad Airways,Etihad Guest,Economy,27477,13136,91080,Available
R0003424,S002974,Singapore Airlines,KrisFlyer,Economy,25133,8296,69951,Available
R0003425,S002974,Etihad Airways,Etihad Guest,Economy,52214,12967,138769,Available
R0003426,S002975,Etihad Airways,Etihad Guest,Economy,29369,11752,58826,Available
R0003427,S002975,Emirates,Skywards,Economy,61547,7474,199478,Available
R0003428,S002976,Etihad Airways,Etihad Guest,Economy,26021,14135,91134,Available
R0003429,S002976,Singapore Airlines,KrisFlyer,Economy,60774,16316,197175,Available
R0003430,S002977,Lufthansa,Miles & More,Business,99181,16786,330105,Available
R0003431,S002978,Air Canada,Aeroplan,Economy,52468,13258,177190,Available
R0003432,S002978,Lufthansa,Miles & More,Economy,28940,16559,90869,Available
R0003433,S002979,Air Canada,Aeroplan,First,148069,5961,356310,Available
R0003434,S002979,United Airlines,MileagePlus,First,211894,17380,480377,Available
R0003435,S002981,Lufthansa,Miles & More,Economy,53591,4458,134881,Available
R0003436,S002983,Lufthansa,Miles & More,Business,135414,7729,362212,Available
R0003437,S002983,Etihad Airways,Etihad Guest,Business,64320,6184,201276,Available
R0003438,S002983,Emirates,Skywards,Business,144816,4399,322614,Available
R0003439,S002984,Air India,Flying Returns,Economy,45998,17849,101863,Available
R0003440,S002984,Air Canada,Aeroplan,Economy,33179,16274,109710,Available
R0003441,S002986,Singapore Airlines,KrisFlyer,Business,109603,3773,276065,Available
R0003442,S002989,Etihad Airways,Etihad Guest,Business,132242,13646,320419,Available
R0003443,S002990,United Airlines,MileagePlus,Business,64606,7025,147665,Available
R0003444,S002990,Etihad Airways,Etihad Guest,Business,139969,16775,330300,Available
R0003445,S002991,Qatar Airways,Privilege Club,Business,79372,16087,204120,Available
R0003446,S002991,United Airlines,MileagePlus,Business,66474,4261,159684,Available
R0003447,S002992,Air Canada,Aeroplan,Business,72451,3950,162925,Available
R0003448,S002992,Singapore Airlines,KrisFlyer,Business,113732,10085,239155,Available
R0003449,S002994,Lufthansa,Miles & More,Economy,36005,15037,73322,Available
R0003450,S002994,Air Canada,Aeroplan,Economy,29644,13227,82056,Available
R0003451,S002995,Singapore Airlines,KrisFlyer,Economy,36640,16572,131502,Available
R0003452,S002995,United Airlines,MileagePlus,Economy,63645,14306,133968,Available
R0003453,S002995,Air India,Flying Returns,Economy,50071,10022,160611,Available
R0003454,S002997,Singapore Airlines,KrisFlyer,Economy,60913,12715,110303,Available
R0003455,S002997,Air Canada,Aeroplan,Economy,56064,12511,188698,Available
R0003456,S002998,Air India,Flying Returns,Economy,40634,8433,104407,Available
R0003457,S002998,Emirates,Skywards,Economy,62531,7163,147105,Available
R0003458,S003000,Air Canada,Aeroplan,Economy,40052,15871,98630,Available
R0003459,S003002,United Airlines,MileagePlus,Business,67267,14846,176148,Available
R0003460,S003002,Air Canada,Aeroplan,Business,100928,10325,245142,Available
R0003461,S003003,Emirates,Skywards,Economy,58468,13881,198235,Available
R0003462,S003004,Singapore Airlines,KrisFlyer,Business,64502,4704,111359,Available
R0003463,S003004,United Airlines,MileagePlus,Business,137288,16281,409252,Available
R0003464,S003005,Qatar Airways,Privilege Club,Economy,39356,10619,118661,Available
R0003465,S003005,Air Canada,Aeroplan,Economy,40045,14293,123131,Available
R0003466,S003009,Etihad Airways,Etihad Guest,Economy,49424,6913,136215,Available
R0003467,S003009,Air Canada,Aeroplan,Economy,56378,16862,118196,Available
R0003468,S003010,United Airlines,MileagePlus,Economy,46356,13591,93164,Available
R0003469,S003010,Etihad Airways,Etihad Guest,Economy,51900,4258,117531,Available
R0003470,S003011,Singapore Airlines,KrisFlyer,Business,82665,6817,223477,Available
R0003471,S003011,Emirates,Skywards,Business,121286,6695,350366,Available
R0003472,S003013,Etihad Airways,Etihad Guest,Economy,38905,16242,89254,Available
R0003473,S003014,Emirates,Skywards,Business,87575,3915,197885,Available
R0003474,S003015,Air Canada,Aeroplan,Economy,38628,16080,95931,Available
R0003475,S003015,Emirates,Skywards,Economy,42463,15318,148784,Available
R0003476,S003015,Etihad Airways,Etihad Guest,Economy,27872,17162,70832,Available
R0003477,S003017,Singapore Airlines,KrisFlyer,First,162217,13498,458399,Available
R0003478,S003017,United Airlines,MileagePlus,First,114894,14138,262040,Available
R0003479,S003017,Air Canada,Aeroplan,First,173465,8868,507244,Available
R0003480,S003019,United Airlines,MileagePlus,First,159936,9157,489322,Available
R0003481,S003020,Singapore Airlines,KrisFlyer,Business,79867,6191,144774,Available
R0003482,S003022,Emirates,Skywards,Economy,44411,13380,134794,Available
R0003483,S003023,United Airlines,MileagePlus,Economy,50769,15506,147738,Available
R0003484,S003024,Air Canada,Aeroplan,Economy,26327,9112,56490,Available
R0003485,S003024,Qatar Airways,Privilege Club,Economy,63798,9792,192643,Available
R0003486,S003025,Air Canada,Aeroplan,Business,89171,3534,193348,Available
R0003487,S003025,Air India,Flying Returns,Business,83918,8251,200520,Available
R0003488,S003026,Singapore Airlines,KrisFlyer,Business,77530,16355,213271,Available
R0003489,S003026,Qatar Airways,Privilege Club,Business,118700,12963,223864,Available
R0003490,S003026,Air India,Flying Returns,Business,83357,16531,201870,Available
R0003491,S003027,Etihad Airways,Etihad Guest,Economy,40490,7503,117098,Available
R0003492,S003028,Air India,Flying Returns,Business,139689,13002,315555,Available
R0003493,S003028,Singapore Airlines,KrisFlyer,Business,131843,7930,305859,Available
R0003494,S003029,Emirates,Skywards,Economy,62066,9260,129653,Available
R0003495,S003029,Air India,Flying Returns,Economy,28527,12723,73285,Available
R0003496,S003030,Singapore Airlines,KrisFlyer,Economy,64099,8773,132316,Available
R0003497,S003030,Etihad Airways,Etihad Guest,Economy,57609,10976,118253,Available
R0003498,S003030,Qatar Airways,Privilege Club,Economy,43535,6213,135638,Available
R0003499,S003031,Singapore Airlines,KrisFlyer,Economy,60695,6193,119230,Available
R0003500,S003031,Air India,Flying Returns,Economy,45625,8750,137650,Available
R0003501,S003032,Air India,Flying Returns,Economy,44568,14857,95522,Available
R0003502,S003032,Qatar Airways,Privilege Club,Economy,35636,16321,123551,Available
R0003503,S003032,Etihad Airways,Etihad Guest,Economy,42077,6573,86027,Available
R0003504,S003033,Air Canada,Aeroplan,Economy,29346,11204,97606,Available
R0003505,S003034,Air India,Flying Returns,Economy,32106,10742,80685,Available
R0003506,S003035,Singapore Airlines,KrisFlyer,Business,67224,13079,147959,Available
R0003507,S003035,United Airlines,MileagePlus,Business,108833,6551,189352,Available
R0003508,S003036,Singapore Airlines,KrisFlyer,Business,89259,3729,158904,Available
R0003509,S003037,Lufthansa,Miles & More,Economy,28295,13076,83920,Available
R0003510,S003037,United Airlines,MileagePlus,Economy,42772,11797,139772,Available
R0003511,S003038,Emirates,Skywards,Business,67877,9284,191366,Available
R0003512,S003040,Air India,Flying Returns,Economy,39451,6222,122502,Available
R0003513,S003041,United Airlines,MileagePlus,Business,146893,6264,251499,Available
R0003514,S003041,Qatar Airways,Privilege Club,Business,104765,17483,188166,Available
R0003515,S003041,Etihad Airways,Etihad Guest,Business,82704,8898,185250,Available
R0003516,S003043,Etihad Airways,Etihad Guest,Business,93501,7954,267236,Available
R0003517,S003043,Lufthansa,Miles & More,Business,109916,14229,259641,Available
R0003518,S003044,Air India,Flying Returns,Business,136508,11782,347496,Available
R0003519,S003048,Lufthansa,Miles & More,Economy,59357,11213,186856,Available
R0003520,S003048,Air India,Flying Returns,Economy,63798,5025,182333,Available
R0003521,S003048,United Airlines,MileagePlus,Economy,37643,10067,108618,Available
R0003522,S003051,Singapore Airlines,KrisFlyer,Economy,39264,7931,88050,Available
R0003523,S003051,Air India,Flying Returns,Economy,53309,7301,101988,Available
R0003524,S003051,Emirates,Skywards,Economy,39539,4483,82079,Available
R0003525,S003052,United Airlines,MileagePlus,Business,64268,7548,141198,Available
R0003526,S003052,Singapore Airlines,KrisFlyer,Business,137750,3746,299341,Available
R0003527,S003052,Air India,Flying Returns,Business,107423,11052,228626,Available
R0003528,S003054,Emirates,Skywards,Business,106150,5418,324195,Available
R0003529,S003054,Singapore Airlines,KrisFlyer,Business,144477,17331,270417,Available
R0003530,S003054,Air India,Flying Returns,Business,93756,17503,293314,Available
R0003531,S003055,Singapore Airlines,KrisFlyer,Economy,34515,12207,103318,Available
R0003532,S003057,Air India,Flying Returns,Economy,30532,9972,80072,Available
R0003533,S003060,Air Canada,Aeroplan,Business,72448,17106,196683,Available
R0003534,S003060,Qatar Airways,Privilege Club,Business,110445,9600,358248,Available
R0003535,S003060,Singapore Airlines,KrisFlyer,Business,149670,17399,394166,Available
R0003536,S003061,Air Canada,Aeroplan,Business,103251,15198,326657,Available
R0003537,S003062,United Airlines,MileagePlus,Business,128346,12316,270889,Available
R0003538,S003062,Etihad Airways,Etihad Guest,Business,73886,16247,165695,Available
R0003539,S003062,Qatar Airways,Privilege Club,Business,116719,3630,376531,Available
R0003540,S003063,Qatar Airways,Privilege Club,First,133556,3583,263075,Available
R0003541,S003063,Singapore Airlines,KrisFlyer,First,182411,8642,559041,Available
R0003542,S003064,Qatar Airways,Privilege Club,Business,72550,3698,136078,Available
R0003543,S003064,United Airlines,MileagePlus,Business,146042,8600,346489,Available
R0003544,S003065,Qatar Airways,Privilege Club,First,176907,5558,409674,Available
R0003545,S003065,United Airlines,MileagePlus,First,176375,9791,558696,Available
R0003546,S003065,Emirates,Skywards,First,191832,9912,477971,Available
R0003547,S003068,Emirates,Skywards,Economy,36508,17036,112042,Available
R0003548,S003068,Singapore Airlines,KrisFlyer,Economy,64350,17122,157913,Available
R0003549,S003071,Etihad Airways,Etihad Guest,Economy,32708,10585,63970,Available
R0003550,S003071,Singapore Airlines,KrisFlyer,Economy,34578,4469,75852,Available
R0003551,S003071,Qatar Airways,Privilege Club,Economy,28160,16764,91818,Available
R0003552,S003073,Singapore Airlines,KrisFlyer,Business,121292,13262,329838,Available
R0003553,S003073,Qatar Airways,Privilege Club,Business,122641,12838,248333,Available
R0003554,S003074,Etihad Airways,Etihad Guest,First,182709,7638,410669,Available
R0003555,S003076,Singapore Airlines,KrisFlyer,Economy,63305,9094,180945,Available
R0003556,S003076,Etihad Airways,Etihad Guest,Economy,44146,13369,148003,Available
R0003557,S003078,Lufthansa,Miles & More,Economy,40270,3896,86825,Available
R0003558,S003079,Singapore Airlines,KrisFlyer,Economy,42232,12878,146378,Available
R0003559,S003082,United Airlines,MileagePlus,Economy,61800,15368,126873,Available
R0003560,S003083,Etihad Airways,Etihad Guest,Business,128389,9803,332533,Available
R0003561,S003084,Air India,Flying Returns,Business,123843,5859,303715,Available
R0003562,S003084,United Airlines,MileagePlus,Business,71852,6385,231141,Available
R0003563,S003086,Singapore Airlines,KrisFlyer,Economy,40581,15819,144685,Available
R0003564,S003087,Singapore Airlines,KrisFlyer,Business,68402,11449,194453,Available
R0003565,S003087,Etihad Airways,Etihad Guest,Business,90153,11238,204195,Available
R0003566,S003088,United Airlines,MileagePlus,Business,84830,4752,243109,Available
R0003567,S003089,Air Canada,Aeroplan,Economy,60715,9669,120993,Available
R0003568,S003090,Lufthansa,Miles & More,Economy,49254,11966,162762,Available
R0003569,S003092,Emirates,Skywards,Economy,57174,17511,177056,Available
R0003570,S003093,United Airlines,MileagePlus,Business,125358,6125,371396,Available
R0003571,S003094,Air Canada,Aeroplan,Economy,38885,10542,106396,Available
R0003572,S003094,United Airlines,MileagePlus,Economy,55553,8125,170593,Available
R0003573,S003095,Qatar Airways,Privilege Club,Economy,53325,17873,150779,Available
R0003574,S003095,Emirates,Skywards,Economy,27808,7351,69150,Available
R0003575,S003096,Air Canada,Aeroplan,Economy,36813,11847,73515,Available
R0003576,S003097,Air Canada,Aeroplan,Business,114797,8860,204874,Available
R0003577,S003098,Emirates,Skywards,Economy,36787,3895,75746,Available
R0003578,S003098,Qatar Airways,Privilege Club,Economy,40026,8014,86748,Available
R0003579,S003098,Etihad Airways,Etihad Guest,Economy,33692,7042,66553,Available
R0003580,S003099,Emirates,Skywards,Economy,29838,9521,79972,Available
R0003581,S003099,Singapore Airlines,KrisFlyer,Economy,30071,7448,93614,Available
R0003582,S003099,Air India,Flying Returns,Economy,41544,16535,99260,Available
R0003583,S003100,United Airlines,MileagePlus,Business,73241,17518,245947,Available
R0003584,S003100,Air India,Flying Returns,Business,122468,6992,318512,Available
R0003585,S003102,Lufthansa,Miles & More,Economy,57505,11286,118667,Available
R0003586,S003103,Qatar Airways,Privilege Club,Economy,47674,8437,90601,Available
R0003587,S003103,Lufthansa,Miles & More,Economy,45975,10266,119581,Available
R0003588,S003105,Air Canada,Aeroplan,First,175259,13308,541303,Available
R0003589,S003105,Emirates,Skywards,First,167768,6132,334762,Available
R0003590,S003107,Etihad Airways,Etihad Guest,Economy,38063,5526,78912,Available
R0003591,S003107,Lufthansa,Miles & More,Economy,27626,7493,84623,Available
R0003592,S003108,Air India,Flying Returns,Economy,62235,3786,176801,Available
R0003593,S003108,Qatar Airways,Privilege Club,Economy,60362,9193,136523,Available
R0003594,S003109,Qatar Airways,Privilege Club,Business,102662,17055,343207,Available
R0003595,S003109,Singapore Airlines,KrisFlyer,Business,137682,16837,348083,Available
R0003596,S003110,United Airlines,MileagePlus,Business,96599,6132,191199,Available
R0003597,S003111,Qatar Airways,Privilege Club,Business,68453,17945,146796,Available
R0003598,S003111,Air Canada,Aeroplan,Business,100800,14714,244677,Available
R0003599,S003112,Air India,Flying Returns,Business,111344,9482,295344,Available
R0003600,S003112,Qatar Airways,Privilege Club,Business,79600,14199,228402,Available
R0003601,S003113,Emirates,Skywards,Business,99370,12656,326000,Available
R0003602,S003113,Etihad Airways,Etihad Guest,Business,140075,9092,368399,Available
R0003603,S003114,Lufthansa,Miles & More,Business,72507,11405,164125,Available
R0003604,S003115,Qatar Airways,Privilege Club,Business,132804,15636,365504,Available
R0003605,S003116,Air Canada,Aeroplan,Economy,62582,7305,191709,Available
R0003606,S003116,Lufthansa,Miles & More,Economy,64265,5067,173614,Available
R0003607,S003116,Emirates,Skywards,Economy,46065,8896,126611,Available
R0003608,S003117,Air India,Flying Returns,Economy,44377,16739,150374,Available
R0003609,S003117,Emirates,Skywards,Economy,50509,7272,100288,Available
R0003610,S003118,Lufthansa,Miles & More,Economy,30485,15308,82752,Available
R0003611,S003119,Air Canada,Aeroplan,Economy,64460,12764,173233,Available
R0003612,S003121,Singapore Airlines,KrisFlyer,Economy,60426,17346,153461,Available
R0003613,S003122,Emirates,Skywards,Business,62697,6683,141701,Available
R0003614,S003123,Etihad Airways,Etihad Guest,Economy,45143,5314,99304,Available
R0003615,S003124,Singapore Airlines,KrisFlyer,Business,128450,4535,294779,Available
R0003616,S003124,Qatar Airways,Privilege Club,Business,93036,5641,157139,Available
R0003617,S003125,Etihad Airways,Etihad Guest,Economy,36910,7151,76731,Available
R0003618,S003126,United Airlines,MileagePlus,Economy,61817,5922,137745,Available
R0003619,S003126,Etihad Airways,Etihad Guest,Economy,64158,12077,191858,Available
R0003620,S003127,United Airlines,MileagePlus,Economy,53631,4343,105966,Available
R0003621,S003127,Qatar Airways,Privilege Club,Economy,30582,8149,88325,Available
R0003622,S003128,Air India,Flying Returns,Business,91600,17189,202208,Available
R0003623,S003128,Singapore Airlines,KrisFlyer,Business,98835,6386,216745,Available
R0003624,S003128,Lufthansa,Miles & More,Business,102439,13438,250584,Available
R0003625,S003129,Air India,Flying Returns,Economy,52302,6114,100349,Available
R0003626,S003129,United Airlines,MileagePlus,Economy,49619,13296,104183,Available
R0003627,S003129,Lufthansa,Miles & More,Economy,50704,17175,179096,Available
R0003628,S003130,Air India,Flying Returns,Economy,43246,15130,137305,Available
R0003629,S003130,Qatar Airways,Privilege Club,Economy,47209,5163,147114,Available
R0003630,S003132,United Airlines,MileagePlus,Business,147460,15616,463629,Available
R0003631,S003132,Qatar Airways,Privilege Club,Business,91871,14262,185354,Available
R0003632,S003133,Air Canada,Aeroplan,Economy,63156,6653,129438,Available
R0003633,S003133,Air India,Flying Returns,Economy,31156,16781,74305,Available
R0003634,S003134,Air India,Flying Returns,First,156854,11010,483342,Available
R0003635,S003134,Etihad Airways,Etihad Guest,First,156800,7169,459853,Available
R0003636,S003136,Qatar Airways,Privilege Club,Economy,36097,8082,113791,Available
R0003637,S003137,Lufthansa,Miles & More,Business,119698,17477,227610,Available
R0003638,S003139,Air India,Flying Returns,Business,100058,11728,247743,Available
R0003639,S003140,Qatar Airways,Privilege Club,Economy,57474,16966,181946,Available
R0003640,S003140,Etihad Airways,Etihad Guest,Economy,54447,13784,155882,Available
R0003641,S003142,Singapore Airlines,KrisFlyer,Business,83267,4694,156282,Available
R0003642,S003143,Etihad Airways,Etihad Guest,Business,135118,10617,265840,Available
R0003643,S003143,Emirates,Skywards,Business,71095,7317,205603,Available
R0003644,S003144,Air Canada,Aeroplan,Economy,60682,8404,111194,Available
R0003645,S003144,United Airlines,MileagePlus,Economy,63453,16459,145421,Available
R0003646,S003145,Emirates,Skywards,Economy,28862,3588,84087,Available
R0003647,S003147,Lufthansa,Miles & More,Business,111399,15222,267098,Available
R0003648,S003148,Lufthansa,Miles & More,Economy,25889,10830,85081,Available
R0003649,S003148,Qatar Airways,Privilege Club,Economy,48225,13745,146003,Available
R0003650,S003148,Emirates,Skywards,Economy,55765,11908,123286,Available
R0003651,S003149,Qatar Airways,Privilege Club,Economy,56183,8862,176120,Available
R0003652,S003149,United Airlines,MileagePlus,Economy,62982,5525,159156,Available
R0003653,S003149,Emirates,Skywards,Economy,41480,6352,114500,Available
R0003654,S003152,Lufthansa,Miles & More,Economy,31353,16528,96343,Available
R0003655,S003153,Lufthansa,Miles & More,Economy,57380,17616,120581,Available
R0003656,S003153,Air India,Flying Returns,Economy,49100,6549,107864,Available
R0003657,S003155,Lufthansa,Miles & More,Economy,62106,5259,126758,Available
R0003658,S003156,Singapore Airlines,KrisFlyer,Economy,44946,4573,82184,Available
R0003659,S003158,Air India,Flying Returns,Economy,61042,3597,117835,Available
R0003660,S003158,Etihad Airways,Etihad Guest,Economy,41084,17807,89984,Available
R0003661,S003159,Air Canada,Aeroplan,Business,125383,7483,218214,Available
R0003662,S003159,Air India,Flying Returns,Business,81328,5957,255398,Available
R0003663,S003160,Air India,Flying Returns,Economy,56545,12375,179262,Available
R0003664,S003162,United Airlines,MileagePlus,Economy,34739,15256,121623,Available
R0003665,S003162,Air Canada,Aeroplan,Economy,31615,6836,77458,Available
R0003666,S003162,Qatar Airways,Privilege Club,Economy,62976,8986,148644,Available
R0003667,S003164,Emirates,Skywards,Business,131743,4269,266087,Available
R0003668,S003165,Air India,Flying Returns,Economy,34675,3869,102919,Available
R0003669,S003167,Air India,Flying Returns,Business,60643,7779,175443,Available
R0003670,S003167,Air Canada,Aeroplan,Business,107281,11368,277755,Available
R0003671,S003169,Air Canada,Aeroplan,Economy,63794,13300,123583,Available
R0003672,S003170,Air India,Flying Returns,Business,99923,4804,186612,Available
R0003673,S003171,Emirates,Skywards,Economy,31454,7475,86115,Available
R0003674,S003174,United Airlines,MileagePlus,Economy,41351,10120,120386,Available
R0003675,S003174,Etihad Airways,Etihad Guest,Economy,30877,5421,61259,Available
R0003676,S003176,Air Canada,Aeroplan,Economy,38504,7819,79789,Available
R0003677,S003176,Singapore Airlines,KrisFlyer,Economy,58587,16794,182228,Available
R0003678,S003177,Air India,Flying Returns,Business,131356,8616,373004,Available
R0003679,S003178,Lufthansa,Miles & More,Business,121097,9189,386978,Available
R0003680,S003178,Etihad Airways,Etihad Guest,Business,91194,5374,251440,Available
R0003681,S003180,Singapore Airlines,KrisFlyer,Economy,35982,12651,106896,Available
R0003682,S003180,Air Canada,Aeroplan,Economy,25477,12047,86298,Available
R0003683,S003181,Air Canada,Aeroplan,Business,74139,7414,172253,Available
R0003684,S003182,Air Canada,Aeroplan,Economy,63300,15421,119956,Available
R0003685,S003182,Etihad Airways,Etihad Guest,Economy,48828,14334,169385,Available
R0003686,S003183,United Airlines,MileagePlus,Economy,47407,12710,148449,Available
R0003687,S003183,Emirates,Skywards,Economy,36896,4307,87855,Available
R0003688,S003185,Lufthansa,Miles & More,Economy,47865,17466,95396,Available
R0003689,S003185,Etihad Airways,Etihad Guest,Economy,61585,3913,151806,Available
R0003690,S003186,Singapore Airlines,KrisFlyer,Business,89000,6124,204043,Available
R0003691,S003186,Air Canada,Aeroplan,Business,84270,8707,248953,Available
R0003692,S003188,Qatar Airways,Privilege Club,Economy,41469,7187,123043,Available
R0003693,S003189,Etihad Airways,Etihad Guest,Business,143662,4234,337819,Available
R0003694,S003189,Qatar Airways,Privilege Club,Business,125588,5237,307178,Available
R0003695,S003190,Qatar Airways,Privilege Club,First,205474,9627,602891,Available
R0003696,S003190,Air Canada,Aeroplan,First,207936,15319,589495,Available
R0003697,S003191,Emirates,Skywards,Economy,29491,14052,89509,Available
R0003698,S003191,Air India,Flying Returns,Economy,33100,8305,96433,Available
R0003699,S003191,United Airlines,MileagePlus,Economy,53173,17309,127642,Available
R0003700,S003192,United Airlines,MileagePlus,Economy,63327,14418,130216,Available
R0003701,S003192,Lufthansa,Miles & More,Economy,60247,9287,177822,Available
R0003702,S003193,Lufthansa,Miles & More,First,202930,13723,389016,Available
R0003703,S003194,Etihad Airways,Etihad Guest,First,134039,10291,249372,Available
R0003704,S003196,Air Canada,Aeroplan,Economy,44440,17854,129950,Available
R0003705,S003197,United Airlines,MileagePlus,Economy,58814,5479,106633,Available
R0003706,S003198,Qatar Airways,Privilege Club,Economy,59169,17179,143102,Available
R0003707,S003198,United Airlines,MileagePlus,Economy,50732,11292,150984,Available
R0003708,S003199,United Airlines,MileagePlus,Business,89312,12199,174603,Available
R0003709,S003201,United Airlines,MileagePlus,Economy,62334,11041,209143,Available
R0003710,S003204,Lufthansa,Miles & More,Economy,44303,3657,134658,Available
R0003711,S003204,Etihad Airways,Etihad Guest,Economy,55056,6937,142121,Available
R0003712,S003207,United Airlines,MileagePlus,Business,91518,3845,162981,Available
R0003713,S003207,Air Canada,Aeroplan,Business,132849,5005,269778,Available
R0003714,S003208,Air India,Flying Returns,Economy,44593,4193,79226,Available
R0003715,S003208,United Airlines,MileagePlus,Economy,46694,8266,144711,Available
R0003716,S003208,Qatar Airways,Privilege Club,Economy,25177,17174,69492,Available
R0003717,S003209,Qatar Airways,Privilege Club,Economy,51575,9550,159648,Available
R0003718,S003209,Air Canada,Aeroplan,Economy,25734,8968,90696,Available
R0003719,S003210,Etihad Airways,Etihad Guest,Economy,25720,7844,82750,Available
R0003720,S003211,Air Canada,Aeroplan,Economy,54565,7698,117099,Available
R0003721,S003211,United Airlines,MileagePlus,Economy,45849,10475,156272,Available
R0003722,S003212,Emirates,Skywards,Economy,55632,16981,165410,Available
R0003723,S003212,Etihad Airways,Etihad Guest,Economy,56614,8278,152499,Available
R0003724,S003213,United Airlines,MileagePlus,Economy,58816,12097,190098,Available
R0003725,S003213,Air India,Flying Returns,Economy,32049,5116,101560,Available
R0003726,S003213,Emirates,Skywards,Economy,41863,16071,137073,Available
R0003727,S003214,Air Canada,Aeroplan,Economy,26369,14125,82623,Available
R0003728,S003216,Air Canada,Aeroplan,Economy,37491,13428,106839,Available
R0003729,S003216,Air India,Flying Returns,Economy,59560,15412,151591,Available
R0003730,S003217,Etihad Airways,Etihad Guest,Economy,50350,10593,142280,Available
R0003731,S003217,Qatar Airways,Privilege Club,Economy,26055,14057,87621,Available
R0003732,S003218,Air India,Flying Returns,Economy,39032,12929,107498,Available
R0003733,S003218,Qatar Airways,Privilege Club,Economy,26600,17239,77512,Available
R0003734,S003218,Singapore Airlines,KrisFlyer,Economy,33223,9441,66693,Available
R0003735,S003219,Etihad Airways,Etihad Guest,First,211648,14359,496082,Available
R0003736,S003221,Air India,Flying Returns,Economy,39060,15327,90132,Available
R0003737,S003222,United Airlines,MileagePlus,Business,115072,4708,207639,Available
R0003738,S003222,Qatar Airways,Privilege Club,Business,121018,4900,360957,Available
R0003739,S003224,Emirates,Skywards,Business,148347,16563,418484,Available
R0003740,S003224,Etihad Airways,Etihad Guest,Business,61180,4379,183453,Available
R0003741,S003224,Air Canada,Aeroplan,Business,122990,6352,329403,Available
R0003742,S003227,Etihad Airways,Etihad Guest,Business,91703,6646,162803,Available
R0003743,S003227,Singapore Airlines,KrisFlyer,Business,79144,15992,143495,Available
R0003744,S003227,Air Canada,Aeroplan,Business,85401,17093,185690,Available
R0003745,S003228,Air India,Flying Returns,Economy,52773,15753,112721,Available
R0003746,S003230,Qatar Airways,Privilege Club,Economy,27543,6652,65765,Available
R0003747,S003232,Qatar Airways,Privilege Club,First,133647,12644,391218,Available
R0003748,S003232,Emirates,Skywards,First,144952,6928,413313,Available
R0003749,S003233,Air Canada,Aeroplan,Economy,52049,4320,110476,Available
R0003750,S003234,Etihad Airways,Etihad Guest,First,144262,12865,379712,Available
R0003751,S003234,Lufthansa,Miles & More,First,135926,4418,353202,Available
R0003752,S003236,Emirates,Skywards,Economy,48624,14041,128313,Available
R0003753,S003237,Air Canada,Aeroplan,Economy,48060,14299,138347,Available
R0003754,S003237,Qatar Airways,Privilege Club,Economy,30572,16304,96987,Available
R0003755,S003238,Etihad Airways,Etihad Guest,Business,99526,8242,238366,Available
R0003756,S003239,United Airlines,MileagePlus,Economy,39083,3691,106501,Available
R0003757,S003240,Emirates,Skywards,Economy,64926,5509,129290,Available
R0003758,S003240,United Airlines,MileagePlus,Economy,44106,8623,134244,Available
R0003759,S003242,Emirates,Skywards,Business,142131,9447,310925,Available
R0003760,S003243,Emirates,Skywards,Economy,50937,7827,167068,Available
R0003761,S003243,Air India,Flying Returns,Economy,31206,9913,61424,Available
R0003762,S003243,Etihad Airways,Etihad Guest,Economy,32766,11980,98216,Available
R0003763,S003244,Singapore Airlines,KrisFlyer,Business,117918,8723,370188,Available
R0003764,S003244,Lufthansa,Miles & More,Business,99639,8744,194106,Available
R0003765,S003244,Qatar Airways,Privilege Club,Business,109393,8573,296273,Available
R0003766,S003245,United Airlines,MileagePlus,Economy,41195,8695,75600,Available
R0003767,S003245,Lufthansa,Miles & More,Economy,45301,7262,145493,Available
R0003768,S003245,Air Canada,Aeroplan,Economy,51071,3869,120868,Available
R0003769,S003248,Air India,Flying Returns,First,172560,7467,444476,Available
R0003770,S003250,Qatar Airways,Privilege Club,Economy,57598,16947,154551,Available
R0003771,S003250,Air India,Flying Returns,Economy,39798,12713,108394,Available
R0003772,S003250,Air Canada,Aeroplan,Economy,42483,7453,135286,Available
R0003773,S003252,Qatar Airways,Privilege Club,Economy,38802,3546,105085,Available
R0003774,S003252,Lufthansa,Miles & More,Economy,44925,13141,98499,Available
R0003775,S003253,United Airlines,MileagePlus,Business,130875,5908,245336,Available
R0003776,S003254,Qatar Airways,Privilege Club,Economy,36611,11817,89440,Available
R0003777,S003254,Lufthansa,Miles & More,Economy,30933,10914,63699,Available
R0003778,S003254,Emirates,Skywards,Economy,58290,13115,108783,Available
R0003779,S003257,Singapore Airlines,KrisFlyer,Economy,64353,5038,140293,Available
R0003780,S003257,Etihad Airways,Etihad Guest,Economy,31542,8295,88164,Available
R0003781,S003258,Singapore Airlines,KrisFlyer,Business,102659,17403,279562,Available
R0003782,S003258,Qatar Airways,Privilege Club,Business,89874,16857,208955,Available
R0003783,S003261,Singapore Airlines,KrisFlyer,First,162946,9576,497113,Available
R0003784,S003262,Singapore Airlines,KrisFlyer,Economy,26719,15651,66999,Available
R0003785,S003266,Lufthansa,Miles & More,Economy,29220,4616,91242,Available
R0003786,S003267,Singapore Airlines,KrisFlyer,Business,76269,6313,198197,Available
R0003787,S003267,Air India,Flying Returns,Business,135558,5451,420971,Available
R0003788,S003267,Lufthansa,Miles & More,Business,100656,5953,327768,Available
R0003789,S003270,United Airlines,MileagePlus,Business,60341,15709,184897,Available
R0003790,S003271,Air Canada,Aeroplan,Business,68902,14752,212723,Available
R0003791,S003271,Air India,Flying Returns,Business,147262,16623,390559,Available
R0003792,S003271,Etihad Airways,Etihad Guest,Business,106929,17266,268317,Available
R0003793,S003272,United Airlines,MileagePlus,Economy,31858,10056,111506,Available
R0003794,S003275,Etihad Airways,Etihad Guest,Economy,32216,5540,107593,Available
R0003795,S003275,Lufthansa,Miles & More,Economy,25069,8300,71316,Available
R0003796,S003276,Qatar Airways,Privilege Club,Economy,62584,10297,158691,Available
R0003797,S003276,Etihad Airways,Etihad Guest,Economy,34116,8091,100019,Available
R0003798,S003276,Lufthansa,Miles & More,Economy,41158,6669,76031,Available
R0003799,S003277,Emirates,Skywards,First,146912,6793,431314,Available
R0003800,S003277,Air Canada,Aeroplan,First,147368,17867,412167,Available
R0003801,S003277,Air India,Flying Returns,First,208983,9680,613267,Available
R0003802,S003278,Singapore Airlines,KrisFlyer,Economy,27610,14489,96338,Available
R0003803,S003278,Air India,Flying Returns,Economy,27001,4804,90781,Available
R0003804,S003279,Qatar Airways,Privilege Club,Economy,62737,12445,131862,Available
R0003805,S003281,United Airlines,MileagePlus,Business,137117,4568,387734,Available
R0003806,S003284,Air India,Flying Returns,Economy,32017,5372,99539,Available
R0003807,S003285,Air Canada,Aeroplan,Business,145134,15298,280616,Available
R0003808,S003285,United Airlines,MileagePlus,Business,98059,13177,185420,Available
R0003809,S003288,Qatar Airways,Privilege Club,Economy,29512,14916,96097,Available
R0003810,S003288,Air Canada,Aeroplan,Economy,56642,16739,180955,Available
R0003811,S003290,Singapore Airlines,KrisFlyer,Economy,42522,13377,135887,Available
R0003812,S003291,Emirates,Skywards,Economy,29723,14508,100281,Available
R0003813,S003292,United Airlines,MileagePlus,Business,139437,17989,359607,Available
R0003814,S003292,Air India,Flying Returns,Business,91917,12343,242700,Available
R0003815,S003293,Air India,Flying Returns,First,189143,8798,527229,Available
R0003816,S003294,Lufthansa,Miles & More,Economy,58162,3971,180255,Available
R0003817,S003296,Air Canada,Aeroplan,Economy,54375,10774,145887,Available
R0003818,S003296,Lufthansa,Miles & More,Economy,54578,5973,175063,Available
R0003819,S003297,Air Canada,Aeroplan,Business,86932,9541,208122,Available
R0003820,S003299,Etihad Airways,Etihad Guest,Economy,25446,16755,82754,Available
R0003821,S003299,Lufthansa,Miles & More,Economy,34785,4478,96741,Available
R0003822,S003299,United Airlines,MileagePlus,Economy,43808,5473,128695,Available
R0003823,S003300,Etihad Airways,Etihad Guest,Business,78325,14845,161539,Available
R0003824,S003301,Lufthansa,Miles & More,Business,95112,6254,283733,Available
R0003825,S003301,Etihad Airways,Etihad Guest,Business,120848,10091,357923,Available
R0003826,S003302,Air India,Flying Returns,Business,64456,5289,152856,Available
R0003827,S003303,Emirates,Skywards,Business,132425,9009,363696,Available
R0003828,S003303,Qatar Airways,Privilege Club,Business,105376,14331,270250,Available
R0003829,S003304,United Airlines,MileagePlus,Business,147680,17120,465293,Available
R0003830,S003304,Qatar Airways,Privilege Club,Business,128750,9866,235376,Available
R0003831,S003305,Etihad Airways,Etihad Guest,Business,104888,4322,220674,Available
R0003832,S003305,Lufthansa,Miles & More,Business,92494,12124,259137,Available
R0003833,S003306,Emirates,Skywards,Economy,37342,14495,90860,Available
R0003834,S003307,United Airlines,MileagePlus,Economy,29142,14492,96261,Available
R0003835,S003308,Lufthansa,Miles & More,Economy,28350,15065,98062,Available
R0003836,S003308,Air India,Flying Returns,Economy,33716,15477,84848,Available
R0003837,S003308,Qatar Airways,Privilege Club,Economy,31901,12141,88866,Available
R0003838,S003309,Etihad Airways,Etihad Guest,Economy,31197,5279,93883,Available
R0003839,S003311,Etihad Airways,Etihad Guest,Economy,56068,4505,109563,Available
R0003840,S003311,Air Canada,Aeroplan,Economy,35464,9993,104406,Available
R0003841,S003313,United Airlines,MileagePlus,Economy,30176,10442,61883,Available
R0003842,S003313,Emirates,Skywards,Economy,43254,15410,138579,Available
R0003843,S003313,Lufthansa,Miles & More,Economy,35637,16650,123180,Available
R0003844,S003315,Qatar Airways,Privilege Club,Economy,52922,14128,125139,Available
R0003845,S003315,Air India,Flying Returns,Economy,36647,6982,88703,Available
R0003846,S003315,Air Canada,Aeroplan,Economy,32941,3727,87464,Available
R0003847,S003318,Etihad Airways,Etihad Guest,Business,143067,8335,243513,Available
R0003848,S003318,Air India,Flying Returns,Business,109857,15112,344932,Available
R0003849,S003320,Singapore Airlines,KrisFlyer,Business,139267,17818,259990,Available
R0003850,S003322,Qatar Airways,Privilege Club,First,155516,15897,273397,Available
R0003851,S003322,Air India,Flying Returns,First,179260,6010,433535,Available
R0003852,S003323,Qatar Airways,Privilege Club,Economy,61807,8732,170453,Available
R0003853,S003323,Singapore Airlines,KrisFlyer,Economy,38925,4568,76756,Available
R0003854,S003325,Etihad Airways,Etihad Guest,First,166773,6725,282301,Available
R0003855,S003325,Air India,Flying Returns,First,122936,8061,341118,Available
R0003856,S003326,Qatar Airways,Privilege Club,Business,95617,4241,284411,Available
R0003857,S003326,Emirates,Skywards,Business,138016,11845,264289,Available
R0003858,S003328,Lufthansa,Miles & More,Business,99072,3998,165741,Available
R0003859,S003328,Air India,Flying Returns,Business,89830,9869,258162,Available
R0003860,S003329,Emirates,Skywards,Economy,29681,10227,71700,Available
R0003861,S003329,Singapore Airlines,KrisFlyer,Economy,48264,7957,120035,Available
R0003862,S003330,Etihad Airways,Etihad Guest,Business,137566,7484,358162,Available
R0003863,S003330,Lufthansa,Miles & More,Business,83924,17635,182203,Available
R0003864,S003330,United Airlines,MileagePlus,Business,140269,14175,371439,Available
R0003865,S003332,United Airlines,MileagePlus,First,161299,15256,338223,Available
R0003866,S003334,Air Canada,Aeroplan,Business,145308,9964,282308,Available
R0003867,S003335,Air India,Flying Returns,Economy,32978,5758,77642,Available
R0003868,S003337,Qatar Airways,Privilege Club,Economy,25170,10011,74378,Available
R0003869,S003338,Singapore Airlines,KrisFlyer,Business,111461,13439,255325,Available
R0003870,S003338,Qatar Airways,Privilege Club,Business,141315,10715,380889,Available
R0003871,S003339,United Airlines,MileagePlus,First,116225,15617,266347,Available
R0003872,S003340,Qatar Airways,Privilege Club,Business,101694,7633,249112,Available
R0003873,S003340,United Airlines,MileagePlus,Business,68078,12262,216481,Available
R0003874,S003341,Emirates,Skywards,Business,82810,13725,267234,Available
R0003875,S003342,Air India,Flying Returns,Business,100394,12945,191944,Available
R0003876,S003342,Etihad Airways,Etihad Guest,Business,118906,13322,352350,Available
R0003877,S003344,Air India,Flying Returns,Economy,64013,12068,167416,Available
R0003878,S003344,Etihad Airways,Etihad Guest,Economy,53051,7593,127509,Available
R0003879,S003346,Emirates,Skywards,Economy,34425,15824,83108,Available
R0003880,S003347,Singapore Airlines,KrisFlyer,Economy,47833,15801,124321,Available
R0003881,S003348,Qatar Airways,Privilege Club,Economy,57045,17381,172367,Available
R0003882,S003350,Emirates,Skywards,Economy,41673,5774,106190,Available
R0003883,S003350,United Airlines,MileagePlus,Economy,45654,14984,146034,Available
R0003884,S003350,Air India,Flying Returns,Economy,42230,6309,116771,Available
R0003885,S003351,Qatar Airways,Privilege Club,Business,87522,11858,220940,Available
R0003886,S003352,Lufthansa,Miles & More,Business,89108,14884,274783,Available
R0003887,S003353,United Airlines,MileagePlus,Business,118734,4838,354252,Available
R0003888,S003354,Lufthansa,Miles & More,Business,86702,7586,236899,Available
R0003889,S003355,Etihad Airways,Etihad Guest,Business,143613,10895,304029,Available
R0003890,S003355,Qatar Airways,Privilege Club,Business,77330,7755,234913,Available
R0003891,S003356,Air India,Flying Returns,Economy,34847,8372,96659,Available
R0003892,S003357,Qatar Airways,Privilege Club,Economy,26985,13665,75241,Available
R0003893,S003357,Lufthansa,Miles & More,Economy,47847,16735,104441,Available
R0003894,S003357,Etihad Airways,Etihad Guest,Economy,47617,16337,123278,Available
R0003895,S003358,Air India,Flying Returns,First,143451,10675,346221,Available
R0003896,S003359,Lufthansa,Miles & More,Economy,25751,11095,76465,Available
R0003897,S003360,Singapore Airlines,KrisFlyer,Business,81219,4406,255994,Available
R0003898,S003360,Air India,Flying Returns,Business,98422,17952,295277,Available
R0003899,S003362,Air Canada,Aeroplan,Economy,48034,10061,98986,Available
R0003900,S003364,Emirates,Skywards,Business,99159,5868,254514,Available
R0003901,S003364,Air Canada,Aeroplan,Business,87405,15086,214145,Available
R0003902,S003366,Emirates,Skywards,First,193744,6466,420461,Available
R0003903,S003366,United Airlines,MileagePlus,First,194135,5905,616627,Available
R0003904,S003367,Air India,Flying Returns,Business,85507,14708,254944,Available
R0003905,S003367,Emirates,Skywards,Business,100223,7788,277790,Available
R0003906,S003369,Etihad Airways,Etihad Guest,Business,139090,9157,434679,Available
R0003907,S003369,Lufthansa,Miles & More,Business,116597,16946,333163,Available
R0003908,S003370,Air Canada,Aeroplan,Economy,32859,8637,76556,Available
R0003909,S003371,Lufthansa,Miles & More,Business,73780,9452,197663,Available
R0003910,S003371,Singapore Airlines,KrisFlyer,Business,83705,9453,207633,Available
R0003911,S003372,Emirates,Skywards,Economy,34132,5280,69063,Available
R0003912,S003372,Qatar Airways,Privilege Club,Economy,61277,15163,135848,Available
R0003913,S003372,Air India,Flying Returns,Economy,55155,3658,155179,Available
R0003914,S003373,Qatar Airways,Privilege Club,Business,99050,17224,186186,Available
R0003915,S003374,Qatar Airways,Privilege Club,Business,127594,9319,309619,Available
R0003916,S003375,Etihad Airways,Etihad Guest,Business,83119,16798,273791,Available
R0003917,S003375,Qatar Airways,Privilege Club,Business,115636,4469,284314,Available
R0003918,S003379,Emirates,Skywards,Business,121807,12010,343637,Available
R0003919,S003380,Emirates,Skywards,Business,96888,5326,240731,Available
R0003920,S003380,Qatar Airways,Privilege Club,Business,83374,7258,270796,Available
R0003921,S003380,Etihad Airways,Etihad Guest,Business,61680,8642,183299,Available
R0003922,S003381,Lufthansa,Miles & More,Economy,55228,11942,144378,Available
R0003923,S003381,Emirates,Skywards,Economy,30933,8856,83474,Available
R0003924,S003382,Air Canada,Aeroplan,Business,134027,10618,433033,Available
R0003925,S003382,Qatar Airways,Privilege Club,Business,145881,6028,283015,Available
R0003926,S003383,Air India,Flying Returns,First,142753,13256,324504,Available
R0003927,S003387,Lufthansa,Miles & More,Business,145642,10776,261111,Available
R0003928,S003387,Singapore Airlines,KrisFlyer,Business,137942,13299,399399,Available
R0003929,S003387,United Airlines,MileagePlus,Business,68873,17483,201772,Available
R0003930,S003389,United Airlines,MileagePlus,Economy,50308,12611,168953,Available
R0003931,S003389,Emirates,Skywards,Economy,46601,16341,115218,Available
R0003932,S003390,Etihad Airways,Etihad Guest,Business,129892,10796,372961,Available
R0003933,S003390,Singapore Airlines,KrisFlyer,Business,140293,9148,435645,Available
R0003934,S003391,Air India,Flying Returns,Business,76937,8082,221357,Available
R0003935,S003392,Qatar Airways,Privilege Club,Economy,27612,14424,58889,Available
R0003936,S003393,Qatar Airways,Privilege Club,Economy,53365,14957,122441,Available
R0003937,S003395,Emirates,Skywards,Economy,29247,8895,64398,Available
R0003938,S003395,Air India,Flying Returns,Economy,35520,5121,102713,Available
R0003939,S003396,Lufthansa,Miles & More,Economy,28307,6469,64863,Available
R0003940,S003398,Singapore Airlines,KrisFlyer,Economy,44613,12696,138652,Available
R0003941,S003400,Air Canada,Aeroplan,Business,105697,4452,256664,Available
R0003942,S003400,Lufthansa,Miles & More,Business,100648,6490,262851,Available
R0003943,S003400,Etihad Airways,Etihad Guest,Business,108713,7083,287066,Available
R0003944,S003401,Emirates,Skywards,Economy,27499,7779,75370,Available
R0003945,S003401,Singapore Airlines,KrisFlyer,Economy,64615,16368,186079,Available
R0003946,S003402,Emirates,Skywards,First,116999,14669,338863,Available
R0003947,S003403,Etihad Airways,Etihad Guest,Business,124828,5006,276695,Available
R0003948,S003407,Singapore Airlines,KrisFlyer,Economy,43020,12549,119914,Available
R0003949,S003407,Air India,Flying Returns,Economy,32981,5068,82377,Available
R0003950,S003408,United Airlines,MileagePlus,Economy,40108,3930,84519,Available
R0003951,S003408,Air India,Flying Returns,Economy,63915,7932,150735,Available
R0003952,S003410,Qatar Airways,Privilege Club,Business,122148,10050,325497,Available
R0003953,S003411,Air Canada,Aeroplan,Business,91819,16108,255100,Available
R0003954,S003411,United Airlines,MileagePlus,Business,144738,17620,260878,Available
R0003955,S003412,Singapore Airlines,KrisFlyer,Economy,40564,16722,100011,Available
R0003956,S003412,Air Canada,Aeroplan,Economy,56438,4167,173641,Available
R0003957,S003413,Air Canada,Aeroplan,Business,137826,7692,399583,Available
R0003958,S003414,Emirates,Skywards,Business,93120,10665,253078,Available
R0003959,S003415,United Airlines,MileagePlus,First,207160,4569,631961,Available
R0003960,S003415,Lufthansa,Miles & More,First,149658,15151,459496,Available
R0003961,S003417,Lufthansa,Miles & More,Business,115937,16254,368112,Available
R0003962,S003417,United Airlines,MileagePlus,Business,147445,7477,363273,Available
R0003963,S003418,Air Canada,Aeroplan,Business,91013,4315,185775,Available
R0003964,S003419,Singapore Airlines,KrisFlyer,Business,65221,4804,126385,Available
R0003965,S003419,Lufthansa,Miles & More,Business,74880,7447,130866,Available
R0003966,S003419,Air India,Flying Returns,Business,106096,6578,332758,Available
R0003967,S003420,Etihad Airways,Etihad Guest,Business,102497,12822,309251,Available
R0003968,S003420,Air Canada,Aeroplan,Business,142288,6728,443201,Available
R0003969,S003420,Emirates,Skywards,Business,148947,4219,300391,Available
R0003970,S003421,Emirates,Skywards,Economy,49671,4314,159203,Available
R0003971,S003422,Qatar Airways,Privilege Club,First,145367,8379,244104,Available
R0003972,S003423,Etihad Airways,Etihad Guest,Economy,49779,7652,117246,Available
R0003973,S003423,Qatar Airways,Privilege Club,Economy,44846,6626,137206,Available
R0003974,S003423,Emirates,Skywards,Economy,40446,7243,116332,Available
R0003975,S003424,Air India,Flying Returns,Business,130707,17453,417492,Available
R0003976,S003424,Etihad Airways,Etihad Guest,Business,71718,15011,219055,Available
R0003977,S003426,Lufthansa,Miles & More,Economy,42908,8791,78918,Available
R0003978,S003426,Etihad Airways,Etihad Guest,Economy,34952,7792,93786,Available
R0003979,S003427,Etihad Airways,Etihad Guest,Business,74192,5968,205518,Available
R0003980,S003428,Singapore Airlines,KrisFlyer,Business,122085,16139,271632,Available
R0003981,S003429,Air India,Flying Returns,Economy,32133,4938,56592,Available
R0003982,S003430,Air Canada,Aeroplan,First,189273,7179,393287,Available
R0003983,S003430,Emirates,Skywards,First,121345,5203,335187,Available
R0003984,S003431,Singapore Airlines,KrisFlyer,Business,96791,17322,254083,Available
R0003985,S003431,Etihad Airways,Etihad Guest,Business,127369,15790,315747,Available
R0003986,S003432,Lufthansa,Miles & More,Economy,27010,15610,100042,Available
R0003987,S003433,United Airlines,MileagePlus,Economy,41993,13701,119587,Available
R0003988,S003434,Air India,Flying Returns,Business,87773,12981,270903,Available
R0003989,S003434,United Airlines,MileagePlus,Business,123468,11654,243475,Available
R0003990,S003435,United Airlines,MileagePlus,Economy,54468,4626,99951,Available
R0003991,S003437,Qatar Airways,Privilege Club,Economy,34433,16283,93507,Available
R0003992,S003438,United Airlines,MileagePlus,Economy,43474,5075,135888,Available
R0003993,S003439,United Airlines,MileagePlus,Business,104239,13109,191321,Available
R0003994,S003440,Emirates,Skywards,Economy,54578,4254,178413,Available
R0003995,S003440,Air Canada,Aeroplan,Economy,61569,15142,173272,Available
R0003996,S003442,Lufthansa,Miles & More,Economy,28555,10196,56076,Available
R0003997,S003443,Air Canada,Aeroplan,Economy,45568,9213,94879,Available
R0003998,S003443,Emirates,Skywards,Economy,51919,16128,121001,Available
R0003999,S003444,Air Canada,Aeroplan,Economy,62356,10292,206385,Available
R0004000,S003444,Air India,Flying Returns,Economy,26767,17349,69950,Available
R0004001,S003447,Qatar Airways,Privilege Club,Economy,48959,6509,117238,Available
R0004002,S003447,Singapore Airlines,KrisFlyer,Economy,45967,17042,94784,Available
R0004003,S003448,Etihad Airways,Etihad Guest,Economy,64475,16184,177960,Available
R0004004,S003449,Lufthansa,Miles & More,Economy,39850,8657,86985,Available
R0004005,S003449,Air India,Flying Returns,Economy,37957,12473,85966,Available
R0004006,S003449,United Airlines,MileagePlus,Economy,52783,10485,161037,Available
R0004007,S003450,Air India,Flying Returns,Economy,30515,8430,63454,Available
R0004008,S003450,Air Canada,Aeroplan,Economy,27288,6171,68009,Available
R0004009,S003451,Air India,Flying Returns,Business,66935,8808,150941,Available
R0004010,S003451,Singapore Airlines,KrisFlyer,Business,113348,11597,335749,Available
R0004011,S003452,United Airlines,MileagePlus,Economy,44252,17934,99635,Available
R0004012,S003452,Lufthansa,Miles & More,Economy,28037,6805,82629,Available
R0004013,S003453,United Airlines,MileagePlus,Economy,57880,7741,139426,Available
R0004014,S003455,Air Canada,Aeroplan,Economy,35128,11237,100915,Available
R0004015,S003459,Emirates,Skywards,Business,126655,16019,401753,Available
R0004016,S003460,Singapore Airlines,KrisFlyer,Business,61504,4364,183202,Available
R0004017,S003460,Air India,Flying Returns,Business,142409,17931,258072,Available
R0004018,S003461,Qatar Airways,Privilege Club,Economy,61056,17924,196631,Available
R0004019,S003462,Qatar Airways,Privilege Club,Business,147848,12363,319013,Available
R0004020,S003463,Lufthansa,Miles & More,Business,122137,9925,397974,Available
R0004021,S003464,Etihad Airways,Etihad Guest,First,119340,17802,367669,Available
R0004022,S003465,Air Canada,Aeroplan,Business,135427,5042,373077,Available
R0004023,S003465,United Airlines,MileagePlus,Business,84121,11169,189895,Available
R0004024,S003466,Singapore Airlines,KrisFlyer,Business,112832,12216,223455,Available
R0004025,S003466,Qatar Airways,Privilege Club,Business,76976,10582,185445,Available
R0004026,S003467,Lufthansa,Miles & More,Economy,27959,16781,82300,Available
R0004027,S003468,Qatar Airways,Privilege Club,Business,66714,4308,136050,Available
R0004028,S003470,United Airlines,MileagePlus,Economy,49122,16247,138407,Available
R0004029,S003471,Air Canada,Aeroplan,Business,102029,17656,227597,Available
R0004030,S003471,Lufthansa,Miles & More,Business,130087,10322,219966,Available
R0004031,S003474,Emirates,Skywards,Business,95661,4415,167713,Available
R0004032,S003474,United Airlines,MileagePlus,Business,76010,4043,162487,Available
R0004033,S003475,Singapore Airlines,KrisFlyer,Economy,28296,4571,78400,Available
R0004034,S003476,Singapore Airlines,KrisFlyer,Economy,26028,15764,93211,Available
R0004035,S003477,Etihad Airways,Etihad Guest,Economy,44743,12033,123592,Available
R0004036,S003477,Air India,Flying Returns,Economy,54674,7301,134367,Available
R0004037,S003477,Air Canada,Aeroplan,Economy,50539,10890,156143,Available
R0004038,S003478,Air Canada,Aeroplan,Economy,46347,16491,143116,Available
R0004039,S003481,Air India,Flying Returns,Economy,43201,15748,90236,Available
R0004040,S003481,Qatar Airways,Privilege Club,Economy,57499,4767,140611,Available
R0004041,S003482,Emirates,Skywards,Economy,51299,15753,143155,Available
R0004042,S003483,Air India,Flying Returns,Business,109890,14362,249934,Available
R0004043,S003483,Etihad Airways,Etihad Guest,Business,63163,5687,197096,Available
R0004044,S003483,Lufthansa,Miles & More,Business,116370,11920,317597,Available
R0004045,S003484,Etihad Airways,Etihad Guest,Business,90875,14599,251130,Available
R0004046,S003484,United Airlines,MileagePlus,Business,95392,12608,175659,Available
R0004047,S003484,Air India,Flying Returns,Business,90055,11009,171749,Available
R0004048,S003485,Singapore Airlines,KrisFlyer,Economy,30815,11532,98537,Available
R0004049,S003485,United Airlines,MileagePlus,Economy,41684,8625,100741,Available
R0004050,S003486,Emirates,Skywards,Economy,42578,3793,112761,Available
R0004051,S003486,Air India,Flying Returns,Economy,49606,16393,141120,Available
R0004052,S003486,Etihad Airways,Etihad Guest,Economy,49574,8717,101410,Available
R0004053,S003487,United Airlines,MileagePlus,Economy,32723,4109,94489,Available
R0004054,S003487,Air Canada,Aeroplan,Economy,36423,16650,127673,Available
R0004055,S003487,Singapore Airlines,KrisFlyer,Economy,50230,9645,102631,Available
R0004056,S003488,Qatar Airways,Privilege Club,Business,64995,6909,208257,Available
R0004057,S003488,Lufthansa,Miles & More,Business,115475,4476,330360,Available
R0004058,S003492,Lufthansa,Miles & More,Business,105713,17185,218043,Available
R0004059,S003492,Etihad Airways,Etihad Guest,Business,64412,5951,150489,Available
R0004060,S003492,Emirates,Skywards,Business,139415,4133,373414,Available
R0004061,S003494,Lufthansa,Miles & More,Economy,59536,3732,163943,Available
R0004062,S003494,United Airlines,MileagePlus,Economy,51999,9405,166070,Available
R0004063,S003495,Qatar Airways,Privilege Club,Economy,63427,11713,133924,Available
R0004064,S003495,United Airlines,MileagePlus,Economy,37319,6882,77992,Available
R0004065,S003495,Lufthansa,Miles & More,Economy,26160,3983,79555,Available
R0004066,S003496,Qatar Airways,Privilege Club,Business,95097,15822,171492,Available
R0004067,S003496,Etihad Airways,Etihad Guest,Business,73574,17774,145843,Available
R0004068,S003497,Qatar Airways,Privilege Club,Business,107878,3623,246631,Available
R0004069,S003497,United Airlines,MileagePlus,Business,86478,5126,274602,Available
R0004070,S003498,Etihad Airways,Etihad Guest,Business,120628,9122,370246,Available
R0004071,S003499,Qatar Airways,Privilege Club,Business,115071,6811,222136,Available
R0004072,S003500,Air Canada,Aeroplan,Economy,62143,12495,181364,Available
R0004073,S003500,Etihad Airways,Etihad Guest,Economy,34324,15204,114702,Available
R0004074,S003501,Qatar Airways,Privilege Club,Economy,37316,15956,123367,Available
R0004075,S003503,Qatar Airways,Privilege Club,Business,92346,13170,252715,Available
R0004076,S003505,Air Canada,Aeroplan,Economy,55779,11506,188809,Available
R0004077,S003505,Etihad Airways,Etihad Guest,Economy,50460,12674,116278,Available
R0004078,S003506,Singapore Airlines,KrisFlyer,Business,95919,3618,157095,Available
R0004079,S003506,Air India,Flying Returns,Business,140439,10218,262672,Available
R0004080,S003507,Air Canada,Aeroplan,Economy,60531,10192,107305,Available
R0004081,S003508,United Airlines,MileagePlus,Business,123163,4573,297640,Available
R0004082,S003508,Lufthansa,Miles & More,Business,87730,4035,148367,Available
R0004083,S003509,Air India,Flying Returns,Economy,25025,12198,56508,Available
R0004084,S003510,Singapore Airlines,KrisFlyer,First,122083,9922,255221,Available
R0004085,S003510,Etihad Airways,Etihad Guest,First,197897,16286,422123,Available
R0004086,S003513,Lufthansa,Miles & More,Business,66984,8617,212280,Available
R0004087,S003513,Emirates,Skywards,Business,140733,7342,297269,Available
R0004088,S003514,United Airlines,MileagePlus,Economy,40869,3595,127780,Available
R0004089,S003515,Etihad Airways,Etihad Guest,Economy,59424,12499,169350,Available
R0004090,S003515,Air Canada,Aeroplan,Economy,46514,16875,131610,Available
R0004091,S003516,Etihad Airways,Etihad Guest,Business,141999,12331,340707,Available
R0004092,S003516,Air India,Flying Returns,Business,108388,8870,222679,Available
R0004093,S003520,Singapore Airlines,KrisFlyer,Business,141949,4493,407524,Available
R0004094,S003521,Lufthansa,Miles & More,Economy,40408,12749,126504,Available
R0004095,S003521,Qatar Airways,Privilege Club,Economy,59708,10331,196634,Available
R0004096,S003522,Air Canada,Aeroplan,Business,67694,13641,188311,Available
R0004097,S003526,Qatar Airways,Privilege Club,Business,74720,12422,185569,Available
R0004098,S003527,Qatar Airways,Privilege Club,Economy,25403,15452,83377,Available
R0004099,S003527,Lufthansa,Miles & More,Economy,27080,16189,76342,Available
R0004100,S003527,Singapore Airlines,KrisFlyer,Economy,37151,11960,107103,Available
R0004101,S003528,Air Canada,Aeroplan,Business,61909,12672,117738,Available
R0004102,S003528,Singapore Airlines,KrisFlyer,Business,111796,13451,255757,Available
R0004103,S003529,Air Canada,Aeroplan,Economy,29027,10800,67676,Available
R0004104,S003531,Qatar Airways,Privilege Club,Business,134415,9616,373524,Available
R0004105,S003532,Lufthansa,Miles & More,Economy,53122,11366,143229,Available
R0004106,S003533,Singapore Airlines,KrisFlyer,Business,66276,14450,137257,Available
R0004107,S003533,Air India,Flying Returns,Business,139518,13774,340067,Available
R0004108,S003534,Air Canada,Aeroplan,Business,71967,5459,208721,Available
R0004109,S003534,United Airlines,MileagePlus,Business,114619,14113,343494,Available
R0004110,S003535,United Airlines,MileagePlus,Economy,30633,11176,63386,Available
R0004111,S003536,Qatar Airways,Privilege Club,Economy,30897,15460,95218,Available
R0004112,S003538,Etihad Airways,Etihad Guest,First,130075,16104,312495,Available
R0004113,S003538,Lufthansa,Miles & More,First,189914,14661,371273,Available
R0004114,S003542,United Airlines,MileagePlus,Economy,38568,10716,89227,Available
R0004115,S003542,Etihad Airways,Etihad Guest,Economy,25738,16506,98110,Available
R0004116,S003543,Qatar Airways,Privilege Club,Business,82654,4050,143827,Available
R0004117,S003543,Lufthansa,Miles & More,Business,116192,16174,237892,Available
R0004118,S003544,Air Canada,Aeroplan,Economy,31879,13135,107370,Available
R0004119,S003544,Lufthansa,Miles & More,Economy,61343,14427,199462,Available
R0004120,S003545,Air India,Flying Returns,Business,135889,6187,241422,Available
R0004121,S003549,Qatar Airways,Privilege Club,Business,115847,3973,343526,Available
R0004122,S003550,Etihad Airways,Etihad Guest,Business,101728,12792,240714,Available
R0004123,S003550,Lufthansa,Miles & More,Business,61112,10293,114305,Available
R0004124,S003551,Air Canada,Aeroplan,First,194248,17311,523392,Available
R0004125,S003551,Etihad Airways,Etihad Guest,First,153188,8066,469946,Available
R0004126,S003552,Air India,Flying Returns,First,115778,8934,204759,Available
R0004127,S003552,Singapore Airlines,KrisFlyer,First,166169,5080,476329,Available
R0004128,S003553,United Airlines,MileagePlus,First,199053,8176,620671,Available
R0004129,S003553,Air Canada,Aeroplan,First,131702,11316,431483,Available
R0004130,S003554,United Airlines,MileagePlus,Business,128714,12546,291555,Available
R0004131,S003556,Qatar Airways,Privilege Club,Business,81344,7526,144240,Available
R0004132,S003557,Emirates,Skywards,Economy,39134,13087,105156,Available
R0004133,S003558,Singapore Airlines,KrisFlyer,Economy,51803,5906,156225,Available
R0004134,S003558,Qatar Airways,Privilege Club,Economy,33867,12318,86230,Available
R0004135,S003560,Emirates,Skywards,Economy,31696,5532,90656,Available
R0004136,S003560,Air India,Flying Returns,Economy,61310,5196,199832,Available
R0004137,S003561,Etihad Airways,Etihad Guest,Economy,37416,11434,110050,Available
R0004138,S003561,Lufthansa,Miles & More,Economy,57168,12809,186412,Available
R0004139,S003562,Lufthansa,Miles & More,Economy,31908,11642,89116,Available
R0004140,S003562,Air Canada,Aeroplan,Economy,50117,10738,128436,Available
R0004141,S003563,Lufthansa,Miles & More,Business,144469,13650,288599,Available
R0004142,S003563,Air Canada,Aeroplan,Business,139648,4333,302200,Available
R0004143,S003566,Lufthansa,Miles & More,Economy,37985,10515,130417,Available
R0004144,S003567,Air Canada,Aeroplan,Business,106154,7278,251374,Available
R0004145,S003567,Etihad Airways,Etihad Guest,Business,131772,4145,216320,Available
R0004146,S003567,Qatar Airways,Privilege Club,Business,102421,5778,323497,Available
R0004147,S003569,United Airlines,MileagePlus,First,179590,15755,434793,Available
R0004148,S003569,Qatar Airways,Privilege Club,First,216704,11737,673978,Available
R0004149,S003570,Air India,Flying Returns,First,111894,9156,261432,Available
R0004150,S003570,Emirates,Skywards,First,166902,7443,381522,Available
R0004151,S003571,Etihad Airways,Etihad Guest,First,146177,7377,302419,Available
R0004152,S003572,Qatar Airways,Privilege Club,Economy,38044,8274,103986,Available
R0004153,S003573,Emirates,Skywards,Economy,57415,14589,155087,Available
R0004154,S003573,Qatar Airways,Privilege Club,Economy,62947,5515,182352,Available
R0004155,S003574,Singapore Airlines,KrisFlyer,Business,109852,9983,330607,Available
R0004156,S003574,Qatar Airways,Privilege Club,Business,123539,6769,320133,Available
R0004157,S003576,United Airlines,MileagePlus,Business,126626,11860,337012,Available
R0004158,S003576,Air Canada,Aeroplan,Business,118084,14625,271218,Available
R0004159,S003576,Singapore Airlines,KrisFlyer,Business,140486,10286,359335,Available
R0004160,S003579,Singapore Airlines,KrisFlyer,Economy,50598,13426,161153,Available
R0004161,S003580,Air India,Flying Returns,Economy,56059,6389,101631,Available
R0004162,S003581,Air India,Flying Returns,Business,119709,14274,382763,Available
R0004163,S003581,United Airlines,MileagePlus,Business,63645,5621,139196,Available
R0004164,S003581,Emirates,Skywards,Business,80264,12056,215210,Available
R0004165,S003582,Air Canada,Aeroplan,First,173624,4811,312859,Available
R0004166,S003582,Air India,Flying Returns,First,117736,12303,279362,Available
R0004167,S003582,Emirates,Skywards,First,176159,11116,444611,Available
R0004168,S003584,Qatar Airways,Privilege Club,First,198865,6908,534351,Available
R0004169,S003586,Qatar Airways,Privilege Club,Business,81104,11007,198036,Available
R0004170,S003586,Etihad Airways,Etihad Guest,Business,71802,14269,158121,Available
R0004171,S003587,Etihad Airways,Etihad Guest,Business,108792,13562,355995,Available
R0004172,S003587,Air India,Flying Returns,Business,101296,11746,261934,Available
R0004173,S003589,Lufthansa,Miles & More,Economy,51477,6367,107779,Available
R0004174,S003589,United Airlines,MileagePlus,Economy,49406,10902,136042,Available
R0004175,S003591,Singapore Airlines,KrisFlyer,Business,103338,13195,192380,Available
R0004176,S003592,Air India,Flying Returns,Business,106049,9068,180383,Available
R0004177,S003593,United Airlines,MileagePlus,Economy,40169,10697,125128,Available
R0004178,S003593,Air Canada,Aeroplan,Economy,46134,14095,114279,Available
R0004179,S003593,Emirates,Skywards,Economy,57852,12557,130332,Available
R0004180,S003594,Air Canada,Aeroplan,Business,113679,12307,309670,Available
R0004181,S003594,Etihad Airways,Etihad Guest,Business,146234,15671,327311,Available
R0004182,S003595,Etihad Airways,Etihad Guest,Economy,42267,6171,124297,Available
R0004183,S003595,Emirates,Skywards,Economy,46570,9446,91247,Available
R0004184,S003596,Air Canada,Aeroplan,Economy,51314,15820,151865,Available
R0004185,S003598,Air India,Flying Returns,Economy,59568,3571,193751,Available
R0004186,S003602,Emirates,Skywards,Economy,35173,7987,99228,Available
R0004187,S003603,Lufthansa,Miles & More,Economy,39219,4437,100767,Available
R0004188,S003603,United Airlines,MileagePlus,Economy,32435,6024,59056,Available
R0004189,S003604,Etihad Airways,Etihad Guest,Economy,36521,16050,84612,Available
R0004190,S003604,Air Canada,Aeroplan,Economy,30645,3984,56019,Available
R0004191,S003605,Air India,Flying Returns,Economy,30248,6112,65753,Available
R0004192,S003605,Singapore Airlines,KrisFlyer,Economy,38344,14130,113634,Available
R0004193,S003607,Emirates,Skywards,Economy,50035,10985,142623,Available
R0004194,S003608,Singapore Airlines,KrisFlyer,Economy,45891,14425,153949,Available
R0004195,S003608,Qatar Airways,Privilege Club,Economy,29133,14658,73085,Available
R0004196,S003608,United Airlines,MileagePlus,Economy,52891,6614,147134,Available
R0004197,S003609,Emirates,Skywards,Business,78416,4757,212203,Available
R0004198,S003610,Etihad Airways,Etihad Guest,Economy,36493,3599,112116,Available
R0004199,S003610,Air Canada,Aeroplan,Economy,52533,7277,121923,Available
R0004200,S003612,Air India,Flying Returns,Economy,59803,6879,190840,Available
R0004201,S003612,Lufthansa,Miles & More,Economy,29242,15689,69029,Available
R0004202,S003615,Qatar Airways,Privilege Club,Economy,43679,13205,120945,Available
R0004203,S003616,Emirates,Skywards,Economy,42652,13201,103195,Available
R0004204,S003617,Qatar Airways,Privilege Club,Economy,50988,6082,130984,Available
R0004205,S003617,Singapore Airlines,KrisFlyer,Economy,25095,7720,58408,Available
R0004206,S003618,Etihad Airways,Etihad Guest,Business,116502,12109,266138,Available
R0004207,S003621,Emirates,Skywards,Economy,31227,8300,62714,Available
R0004208,S003621,Etihad Airways,Etihad Guest,Economy,39703,11389,94622,Available
R0004209,S003621,Air India,Flying Returns,Economy,50595,13715,110393,Available
R0004210,S003622,Emirates,Skywards,Economy,46864,4216,125820,Available
R0004211,S003622,Singapore Airlines,KrisFlyer,Economy,45543,9929,137066,Available
R0004212,S003624,Air India,Flying Returns,Business,125277,7379,287958,Available
R0004213,S003625,Lufthansa,Miles & More,Business,114925,15752,298865,Available
R0004214,S003625,United Airlines,MileagePlus,Business,141604,14819,422052,Available
R0004215,S003626,Air Canada,Aeroplan,Economy,30290,15892,72034,Available
R0004216,S003626,Qatar Airways,Privilege Club,Economy,31111,10724,107522,Available
R0004217,S003627,Air Canada,Aeroplan,Business,98819,14723,206061,Available
R0004218,S003627,Etihad Airways,Etihad Guest,Business,80913,17758,161533,Available
R0004219,S003630,Singapore Airlines,KrisFlyer,Business,94708,17566,259768,Available
R0004220,S003631,Air India,Flying Returns,Economy,42558,12851,99702,Available
R0004221,S003631,Air Canada,Aeroplan,Economy,44921,11091,119068,Available
R0004222,S003632,Etihad Airways,Etihad Guest,Business,137928,17422,285928,Available
R0004223,S003633,Emirates,Skywards,Business,77340,4823,168783,Available
R0004224,S003634,Air India,Flying Returns,Economy,58694,7337,159902,Available
R0004225,S003636,Emirates,Skywards,Business,134074,15201,304403,Available
R0004226,S003636,Lufthansa,Miles & More,Business,138167,5605,290993,Available
R0004227,S003637,Air India,Flying Returns,Economy,31053,4204,61912,Available
R0004228,S003638,Singapore Airlines,KrisFlyer,Business,61247,4270,158280,Available
R0004229,S003638,Air Canada,Aeroplan,Business,115042,16558,316741,Available
R0004230,S003639,Etihad Airways,Etihad Guest,Economy,49525,4568,127027,Available
R0004231,S003640,Qatar Airways,Privilege Club,Business,76256,14405,253809,Available
R0004232,S003640,Etihad Airways,Etihad Guest,Business,129431,6925,302631,Available
R0004233,S003640,Singapore Airlines,KrisFlyer,Business,92643,9715,173654,Available
R0004234,S003641,Air India,Flying Returns,Business,136357,3759,271493,Available
R0004235,S003642,Lufthansa,Miles & More,Economy,43543,6263,84496,Available
R0004236,S003644,Air Canada,Aeroplan,Business,74076,11340,183337,Available
R0004237,S003644,United Airlines,MileagePlus,Business,124873,15153,278631,Available
R0004238,S003645,Etihad Airways,Etihad Guest,Economy,38801,15062,123931,Available
R0004239,S003645,Lufthansa,Miles & More,Economy,45548,11683,156711,Available
R0004240,S003646,Etihad Airways,Etihad Guest,Economy,56686,5946,126657,Available
R0004241,S003646,Qatar Airways,Privilege Club,Economy,42807,10007,129500,Available
R0004242,S003647,Lufthansa,Miles & More,Economy,56117,14199,151998,Available
R0004243,S003647,Air India,Flying Returns,Economy,35444,14715,92967,Available
R0004244,S003649,Qatar Airways,Privilege Club,First,159550,11875,462566,Available
R0004245,S003650,United Airlines,MileagePlus,Economy,62171,16204,189371,Available
R0004246,S003651,Qatar Airways,Privilege Club,Business,77693,11076,178432,Available
R0004247,S003652,Etihad Airways,Etihad Guest,Economy,58969,17778,128780,Available
R0004248,S003652,Air India,Flying Returns,Economy,41392,8970,84264,Available
R0004249,S003653,Air Canada,Aeroplan,First,166707,5114,274794,Available
R0004250,S003654,Qatar Airways,Privilege Club,Business,95812,9370,241069,Available
R0004251,S003654,Air Canada,Aeroplan,Business,64370,10745,139409,Available
R0004252,S003655,Lufthansa,Miles & More,Economy,63968,10387,122545,Available
R0004253,S003655,Qatar Airways,Privilege Club,Economy,62035,10772,138998,Available
R0004254,S003658,Qatar Airways,Privilege Club,Economy,33508,8870,83816,Available
R0004255,S003662,Qatar Airways,Privilege Club,Business,61385,13709,127221,Available
R0004256,S003664,Qatar Airways,Privilege Club,Economy,35792,16500,86319,Available
R0004257,S003665,Singapore Airlines,KrisFlyer,Business,129329,5960,227732,Available
R0004258,S003666,Emirates,Skywards,Business,68709,14964,194177,Available
R0004259,S003667,Air India,Flying Returns,Business,98446,15975,204453,Available
R0004260,S003667,Etihad Airways,Etihad Guest,Business,98693,8861,285242,Available
R0004261,S003672,Air India,Flying Returns,Business,127065,3679,387680,Available
R0004262,S003673,Air Canada,Aeroplan,Business,60740,15248,115816,Available
R0004263,S003673,Singapore Airlines,KrisFlyer,Business,79470,3970,178090,Available
R0004264,S003673,Lufthansa,Miles & More,Business,89500,14410,248012,Available
R0004265,S003675,Singapore Airlines,KrisFlyer,Business,131163,17030,271499,Available
R0004266,S003675,United Airlines,MileagePlus,Business,133810,7468,222923,Available
R0004267,S003675,Air Canada,Aeroplan,Business,68184,5064,184511,Available
R0004268,S003676,Etihad Airways,Etihad Guest,Economy,57922,4615,121118,Available
R0004269,S003676,Emirates,Skywards,Economy,37287,10858,88032,Available
R0004270,S003676,Air India,Flying Returns,Economy,48102,6324,128259,Available
R0004271,S003677,Etihad Airways,Etihad Guest,Economy,29921,12650,95570,Available
R0004272,S003678,Qatar Airways,Privilege Club,Economy,26292,16974,97751,Available
R0004273,S003678,Air Canada,Aeroplan,Economy,62537,14815,189123,Available
R0004274,S003679,Singapore Airlines,KrisFlyer,Economy,46937,5954,97517,Available
R0004275,S003679,Emirates,Skywards,Economy,47278,13884,144375,Available
R0004276,S003682,Air India,Flying Returns,Business,61158,11368,203888,Available
R0004277,S003682,Lufthansa,Miles & More,Business,91204,4444,178997,Available
R0004278,S003684,Singapore Airlines,KrisFlyer,Business,124165,12307,239674,Available
R0004279,S003687,Air Canada,Aeroplan,First,134787,5740,321636,Available
R0004280,S003687,Air India,Flying Returns,First,200451,9463,370980,Available
R0004281,S003688,United Airlines,MileagePlus,First,145155,7132,275485,Available
R0004282,S003689,United Airlines,MileagePlus,Business,142897,12588,400936,Available
R0004283,S003690,Emirates,Skywards,Economy,39828,3849,71694,Available
R0004284,S003690,Air India,Flying Returns,Economy,28090,9348,82437,Available
R0004285,S003690,Singapore Airlines,KrisFlyer,Economy,58409,12405,146263,Available
R0004286,S003691,Etihad Airways,Etihad Guest,Economy,31045,9933,103778,Available
R0004287,S003692,Qatar Airways,Privilege Club,Economy,30778,3867,60798,Available
R0004288,S003693,Qatar Airways,Privilege Club,First,138537,13537,331550,Available
R0004289,S003694,Qatar Airways,Privilege Club,Economy,42102,10357,127308,Available
R0004290,S003698,Etihad Airways,Etihad Guest,Economy,32920,6662,83400,Available
R0004291,S003698,Air Canada,Aeroplan,Economy,42958,5652,90521,Available
R0004292,S003698,Qatar Airways,Privilege Club,Economy,54970,9068,163976,Available
R0004293,S003699,Lufthansa,Miles & More,Economy,44748,5345,121468,Available
R0004294,S003700,Singapore Airlines,KrisFlyer,Economy,45925,4450,89591,Available
R0004295,S003701,Air India,Flying Returns,Business,105842,7249,209424,Available
R0004296,S003702,Singapore Airlines,KrisFlyer,Economy,42017,13749,112439,Available
R0004297,S003703,Air India,Flying Returns,Business,106694,17046,284337,Available
R0004298,S003704,Singapore Airlines,KrisFlyer,Economy,29146,10465,75023,Available
R0004299,S003704,Emirates,Skywards,Economy,43856,17186,139248,Available
R0004300,S003706,Qatar Airways,Privilege Club,Economy,35598,8144,93498,Available
R0004301,S003708,Etihad Airways,Etihad Guest,Economy,35488,12203,74126,Available
R0004302,S003708,Qatar Airways,Privilege Club,Economy,26041,11127,53994,Available
R0004303,S003709,United Airlines,MileagePlus,Business,121737,12366,260044,Available
R0004304,S003710,Singapore Airlines,KrisFlyer,Economy,43434,5543,93676,Available
R0004305,S003710,Emirates,Skywards,Economy,46058,6228,89997,Available
R0004306,S003712,Air Canada,Aeroplan,First,168382,11055,313816,Available
R0004307,S003715,United Airlines,MileagePlus,Business,138962,15325,239810,Available
R0004308,S003716,Etihad Airways,Etihad Guest,Business,73023,9331,232716,Available
R0004309,S003716,United Airlines,MileagePlus,Business,99202,11771,286996,Available
R0004310,S003716,Emirates,Skywards,Business,114748,4685,237527,Available
R0004311,S003717,Air Canada,Aeroplan,Economy,33029,12149,102555,Available
R0004312,S003717,United Airlines,MileagePlus,Economy,52907,9194,149641,Available
R0004313,S003720,Qatar Airways,Privilege Club,Economy,58722,3584,155223,Available
R0004314,S003720,Etihad Airways,Etihad Guest,Economy,35953,12397,98000,Available
R0004315,S003721,United Airlines,MileagePlus,Economy,51329,14441,105157,Available
R0004316,S003722,Singapore Airlines,KrisFlyer,Business,84397,3625,178630,Available
R0004317,S003723,Singapore Airlines,KrisFlyer,Economy,36090,7124,117821,Available
R0004318,S003723,United Airlines,MileagePlus,Economy,30296,11909,105287,Available
R0004319,S003726,Air India,Flying Returns,Economy,46392,9517,116956,Available
R0004320,S003726,Singapore Airlines,KrisFlyer,Economy,34126,17315,83026,Available
R0004321,S003727,Emirates,Skywards,Business,60227,14086,133586,Available
R0004322,S003730,United Airlines,MileagePlus,Economy,31451,17009,93935,Available
R0004323,S003731,United Airlines,MileagePlus,First,172631,14286,329341,Available
R0004324,S003731,Emirates,Skywards,First,186664,12372,472948,Available
R0004325,S003732,Emirates,Skywards,First,154003,6826,355054,Available
R0004326,S003733,Qatar Airways,Privilege Club,Economy,57818,10905,154304,Available
R0004327,S003736,Air Canada,Aeroplan,Economy,63448,16241,165133,Available
R0004328,S003736,Air India,Flying Returns,Economy,45873,10962,153592,Available
R0004329,S003737,Etihad Airways,Etihad Guest,Economy,57054,4162,125592,Available
R0004330,S003738,Air India,Flying Returns,Business,97195,9068,294278,Available
R0004331,S003739,United Airlines,MileagePlus,Business,79320,17264,181401,Available
R0004332,S003739,Air Canada,Aeroplan,Business,146749,9326,281876,Available
R0004333,S003740,Qatar Airways,Privilege Club,Economy,44445,5317,140631,Available
R0004334,S003742,Singapore Airlines,KrisFlyer,Economy,61985,16267,132113,Available
R0004335,S003742,Air Canada,Aeroplan,Economy,32493,6387,71804,Available
R0004336,S003744,Etihad Airways,Etihad Guest,Economy,36356,15172,97891,Available
R0004337,S003744,Emirates,Skywards,Economy,57228,4086,178406,Available
R0004338,S003746,Qatar Airways,Privilege Club,Economy,60961,14098,125971,Available
R0004339,S003746,Singapore Airlines,KrisFlyer,Economy,29041,6252,73351,Available
R0004340,S003746,Emirates,Skywards,Economy,46002,5734,102551,Available
R0004341,S003747,Air India,Flying Returns,Business,74425,14301,172098,Available
R0004342,S003748,Air Canada,Aeroplan,Economy,61681,9304,139467,Available
R0004343,S003748,Lufthansa,Miles & More,Economy,56441,17627,162116,Available
R0004344,S003750,Qatar Airways,Privilege Club,Economy,43336,13793,124670,Available
R0004345,S003751,Air Canada,Aeroplan,Economy,52587,17057,143705,Available
R0004346,S003752,United Airlines,MileagePlus,Business,124355,15082,260738,Available
R0004347,S003753,Qatar Airways,Privilege Club,Business,127591,6875,288600,Available
R0004348,S003754,Lufthansa,Miles & More,Economy,40547,12766,131604,Available
R0004349,S003755,Lufthansa,Miles & More,Business,61526,4103,146933,Available
R0004350,S003756,Singapore Airlines,KrisFlyer,Business,145495,10235,320303,Available
R0004351,S003756,United Airlines,MileagePlus,Business,84158,7859,190736,Available
R0004352,S003757,Singapore Airlines,KrisFlyer,Business,100268,3598,174553,Available
R0004353,S003759,Qatar Airways,Privilege Club,Business,82412,12545,268373,Available
R0004354,S003759,Etihad Airways,Etihad Guest,Business,118937,12547,271279,Available
R0004355,S003759,Singapore Airlines,KrisFlyer,Business,144999,14704,305457,Available
R0004356,S003760,Air Canada,Aeroplan,Economy,45574,5150,113141,Available
R0004357,S003760,Etihad Airways,Etihad Guest,Economy,31777,10981,64976,Available
R0004358,S003761,Emirates,Skywards,Business,148493,6805,353378,Available
R0004359,S003761,United Airlines,MileagePlus,Business,89729,15917,178638,Available
R0004360,S003763,Lufthansa,Miles & More,Economy,30730,15088,81215,Available
R0004361,S003763,Air India,Flying Returns,Economy,57608,7732,122126,Available
R0004362,S003765,Etihad Airways,Etihad Guest,Economy,37522,5701,74221,Available
R0004363,S003766,Emirates,Skywards,Economy,62161,4767,175075,Available
R0004364,S003766,Qatar Airways,Privilege Club,Economy,49457,14037,106845,Available
R0004365,S003766,Singapore Airlines,KrisFlyer,Economy,38352,12980,104743,Available
R0004366,S003768,United Airlines,MileagePlus,Business,68735,12115,153446,Available
R0004367,S003768,Singapore Airlines,KrisFlyer,Business,117298,14869,287407,Available
R0004368,S003769,Lufthansa,Miles & More,Economy,58679,15493,155367,Available
R0004369,S003774,Air Canada,Aeroplan,Business,140229,5197,351179,Available
R0004370,S003774,Singapore Airlines,KrisFlyer,Business,144235,14687,320474,Available
R0004371,S003774,Qatar Airways,Privilege Club,Business,110471,14702,193845,Available
R0004372,S003775,Air Canada,Aeroplan,Economy,34179,13128,106065,Available
R0004373,S003775,Air India,Flying Returns,Economy,37801,6507,73018,Available
R0004374,S003775,Etihad Airways,Etihad Guest,Economy,44941,4369,77035,Available
R0004375,S003776,Emirates,Skywards,Business,66171,5804,158798,Available
R0004376,S003778,Singapore Airlines,KrisFlyer,Business,146490,6958,470238,Available
R0004377,S003778,Qatar Airways,Privilege Club,Business,96229,4905,177134,Available
R0004378,S003779,Air Canada,Aeroplan,Business,85833,15132,197147,Available
R0004379,S003780,Singapore Airlines,KrisFlyer,Economy,48896,11567,92790,Available
R0004380,S003780,United Airlines,MileagePlus,Economy,64419,7895,200638,Available
R0004381,S003781,Emirates,Skywards,Economy,62924,3517,185718,Available
R0004382,S003782,Lufthansa,Miles & More,Economy,51047,11035,131751,Available
R0004383,S003783,Qatar Airways,Privilege Club,Economy,60183,14269,119956,Available
R0004384,S003783,Emirates,Skywards,Economy,52970,13262,173296,Available
R0004385,S003784,Air India,Flying Returns,Economy,45938,12571,143423,Available
R0004386,S003784,Qatar Airways,Privilege Club,Economy,36463,17463,80558,Available
R0004387,S003784,Lufthansa,Miles & More,Economy,27993,16896,82486,Available
R0004388,S003785,Qatar Airways,Privilege Club,Business,96528,6195,212343,Available
R0004389,S003785,Etihad Airways,Etihad Guest,Business,136651,10651,369354,Available
R0004390,S003786,Qatar Airways,Privilege Club,Economy,46056,16966,127364,Available
R0004391,S003786,Emirates,Skywards,Economy,26897,15926,68252,Available
R0004392,S003786,Lufthansa,Miles & More,Economy,59260,17409,174860,Available
R0004393,S003788,Emirates,Skywards,Economy,32733,15459,85463,Available
R0004394,S003789,Air Canada,Aeroplan,Economy,56103,3952,96956,Available
R0004395,S003789,Air India,Flying Returns,Economy,49682,3504,96607,Available
R0004396,S003790,Air Canada,Aeroplan,Economy,49355,13211,122309,Available
R0004397,S003790,Etihad Airways,Etihad Guest,Economy,55871,8296,174363,Available
R0004398,S003791,Lufthansa,Miles & More,Economy,58976,5582,164241,Available
R0004399,S003791,Air Canada,Aeroplan,Economy,49513,3746,114977,Available
R0004400,S003792,Air Canada,Aeroplan,First,157477,12948,423003,Available
R0004401,S003792,Lufthansa,Miles & More,First,206849,7659,576478,Available
R0004402,S003797,Emirates,Skywards,Economy,48585,5007,115702,Available
R0004403,S003799,Emirates,Skywards,Economy,28834,12882,67327,Available
R0004404,S003799,Air Canada,Aeroplan,Economy,51665,16189,154950,Available
R0004405,S003801,United Airlines,MileagePlus,Economy,44606,14258,143190,Available
R0004406,S003803,Lufthansa,Miles & More,Business,66721,12650,145721,Available
R0004407,S003803,United Airlines,MileagePlus,Business,143185,16927,258817,Available
R0004408,S003805,Lufthansa,Miles & More,Economy,59791,4842,193550,Available
R0004409,S003805,Qatar Airways,Privilege Club,Economy,31214,8192,100103,Available
R0004410,S003805,Air Canada,Aeroplan,Economy,56856,8571,150015,Available
R0004411,S003806,Air India,Flying Returns,Economy,47523,15512,107996,Available
R0004412,S003806,United Airlines,MileagePlus,Economy,63685,10611,154976,Available
R0004413,S003808,Lufthansa,Miles & More,Economy,60543,16288,151448,Available
R0004414,S003808,Air Canada,Aeroplan,Economy,49168,5977,109833,Available
R0004415,S003809,Lufthansa,Miles & More,Business,85025,17215,185936,Available
R0004416,S003810,Air Canada,Aeroplan,Business,89094,9194,203185,Available
R0004417,S003810,Etihad Airways,Etihad Guest,Business,149784,3746,374098,Available
R0004418,S003811,Emirates,Skywards,Economy,56334,11710,114948,Available
R0004419,S003811,Lufthansa,Miles & More,Economy,61585,5641,151495,Available
R0004420,S003811,Qatar Airways,Privilege Club,Economy,33319,14054,97584,Available
R0004421,S003812,Air India,Flying Returns,Business,141314,13343,340746,Available
R0004422,S003813,Etihad Airways,Etihad Guest,Economy,56482,8452,188755,Available
R0004423,S003816,Etihad Airways,Etihad Guest,Economy,50302,6776,145508,Available
R0004424,S003818,Air India,Flying Returns,Business,87296,14216,229305,Available
R0004425,S003819,Etihad Airways,Etihad Guest,Economy,47860,12057,94082,Available
R0004426,S003819,Qatar Airways,Privilege Club,Economy,30801,12295,78159,Available
R0004427,S003819,Air Canada,Aeroplan,Economy,53901,10505,130716,Available
R0004428,S003820,Emirates,Skywards,First,146758,16472,292886,Available
R0004429,S003822,Air Canada,Aeroplan,Economy,58175,7306,177422,Available
R0004430,S003822,Etihad Airways,Etihad Guest,Economy,41691,7658,77414,Available
R0004431,S003822,Emirates,Skywards,Economy,55582,7546,141811,Available
R0004432,S003823,United Airlines,MileagePlus,Economy,39919,16113,118818,Available
R0004433,S003823,Air India,Flying Returns,Economy,53954,14935,144495,Available
R0004434,S003824,United Airlines,MileagePlus,Business,74354,6665,177386,Available
R0004435,S003824,Emirates,Skywards,Business,114112,14736,335270,Available
R0004436,S003825,Air India,Flying Returns,First,166566,9789,539286,Available
R0004437,S003825,Singapore Airlines,KrisFlyer,First,126758,16547,293569,Available
R0004438,S003826,United Airlines,MileagePlus,Business,85745,7363,189842,Available
R0004439,S003828,Air Canada,Aeroplan,Economy,28758,7397,98286,Available
R0004440,S003828,Lufthansa,Miles & More,Economy,55201,15529,141190,Available
R0004441,S003829,Air Canada,Aeroplan,Economy,46469,11460,93156,Available
R0004442,S003831,Etihad Airways,Etihad Guest,Business,104438,12374,342995,Available
R0004443,S003831,Lufthansa,Miles & More,Business,137019,17292,375803,Available
R0004444,S003832,Qatar Airways,Privilege Club,Economy,35003,12361,78503,Available
R0004445,S003832,Emirates,Skywards,Economy,59490,10799,132097,Available
R0004446,S003834,Qatar Airways,Privilege Club,Economy,53063,15648,169393,Available
R0004447,S003835,Air Canada,Aeroplan,Economy,45757,6728,127730,Available
R0004448,S003835,Lufthansa,Miles & More,Economy,29263,9055,62295,Available
R0004449,S003836,United Airlines,MileagePlus,Economy,64892,14528,194840,Available
R0004450,S003837,Air Canada,Aeroplan,Business,92053,14620,219551,Available
R0004451,S003838,Emirates,Skywards,Economy,45291,13076,116157,Available
R0004452,S003838,Lufthansa,Miles & More,Economy,51904,13571,163819,Available
R0004453,S003838,Etihad Airways,Etihad Guest,Economy,26475,7501,72870,Available
R0004454,S003839,United Airlines,MileagePlus,Economy,35992,13321,115372,Available
R0004455,S003841,Lufthansa,Miles & More,Business,71311,12685,215306,Available
R0004456,S003841,Etihad Airways,Etihad Guest,Business,75625,9888,243831,Available
R0004457,S003841,United Airlines,MileagePlus,Business,120733,8138,277896,Available
R0004458,S003843,Etihad Airways,Etihad Guest,Business,97751,16166,217788,Available
R0004459,S003843,Air India,Flying Returns,Business,149475,3776,260127,Available
R0004460,S003844,Etihad Airways,Etihad Guest,Economy,28928,14233,76239,Available
R0004461,S003844,Emirates,Skywards,Economy,44223,3777,103120,Available
R0004462,S003845,Singapore Airlines,KrisFlyer,First,152723,15284,386560,Available
R0004463,S003845,Air Canada,Aeroplan,First,172040,12580,539846,Available
R0004464,S003845,Qatar Airways,Privilege Club,First,135837,3749,379508,Available
R0004465,S003846,Qatar Airways,Privilege Club,Business,133492,7722,265465,Available
R0004466,S003846,Air Canada,Aeroplan,Business,103805,16362,328537,Available
R0004467,S003848,United Airlines,MileagePlus,Economy,27304,5647,61590,Available
R0004468,S003849,United Airlines,MileagePlus,Economy,60155,4150,130028,Available
R0004469,S003849,Singapore Airlines,KrisFlyer,Economy,48199,4936,140688,Available
R0004470,S003849,Air India,Flying Returns,Economy,60925,7734,136762,Available
R0004471,S003850,Air India,Flying Returns,Economy,33131,10959,95079,Available
R0004472,S003850,Singapore Airlines,KrisFlyer,Economy,42445,4559,95978,Available
R0004473,S003851,Air Canada,Aeroplan,Business,108885,9012,311737,Available
R0004474,S003852,United Airlines,MileagePlus,Business,132366,4234,409583,Available
R0004475,S003854,Singapore Airlines,KrisFlyer,Economy,52262,16688,140101,Available
R0004476,S003856,Singapore Airlines,KrisFlyer,Economy,30993,7538,57820,Available
R0004477,S003856,Air India,Flying Returns,Economy,61167,10370,114645,Available
R0004478,S003857,Singapore Airlines,KrisFlyer,Economy,55034,8701,129807,Available
R0004479,S003858,Qatar Airways,Privilege Club,Business,78440,15698,249366,Available
R0004480,S003859,Lufthansa,Miles & More,Economy,62799,13187,206053,Available
R0004481,S003859,Air Canada,Aeroplan,Economy,42942,8739,117799,Available
R0004482,S003860,Lufthansa,Miles & More,Business,118729,10317,309370,Available
R0004483,S003860,Etihad Airways,Etihad Guest,Business,72062,17594,230300,Available
R0004484,S003861,Air Canada,Aeroplan,Business,140760,13175,404652,Available
R0004485,S003861,Emirates,Skywards,Business,71632,9787,232889,Available
R0004486,S003862,Emirates,Skywards,Business,88860,4515,157275,Available
R0004487,S003862,Singapore Airlines,KrisFlyer,Business,117296,11288,359435,Available
R0004488,S003863,United Airlines,MileagePlus,Economy,46951,16949,127215,Available
R0004489,S003863,Singapore Airlines,KrisFlyer,Economy,25325,13272,85294,Available
R0004490,S003863,Emirates,Skywards,Economy,62655,14052,115570,Available
R0004491,S003864,United Airlines,MileagePlus,Business,72228,9174,191093,Available
R0004492,S003866,Lufthansa,Miles & More,Business,74056,15396,143764,Available
R0004493,S003867,Qatar Airways,Privilege Club,Business,114881,14957,360138,Available
R0004494,S003867,Etihad Airways,Etihad Guest,Business,119600,11765,381027,Available
R0004495,S003868,Qatar Airways,Privilege Club,Business,83074,8398,206710,Available
R0004496,S003870,United Airlines,MileagePlus,Business,132731,9044,310468,Available
R0004497,S003870,Air India,Flying Returns,Business,101263,13538,175638,Available
R0004498,S003871,United Airlines,MileagePlus,Business,104424,8878,289429,Available
R0004499,S003871,Air India,Flying Returns,Business,139988,14643,263916,Available
R0004500,S003871,Lufthansa,Miles & More,Business,79173,8983,141180,Available
R0004501,S003873,Singapore Airlines,KrisFlyer,Business,73112,7764,153440,Available
R0004502,S003873,Qatar Airways,Privilege Club,Business,135711,14383,400562,Available
R0004503,S003874,Air India,Flying Returns,Economy,28689,14622,89669,Available
R0004504,S003874,United Airlines,MileagePlus,Economy,61784,14062,179467,Available
R0004505,S003875,Etihad Airways,Etihad Guest,Economy,30080,15582,101753,Available
R0004506,S003876,Emirates,Skywards,Business,108517,16311,287647,Available
R0004507,S003877,Singapore Airlines,KrisFlyer,Economy,54351,4441,115083,Available
R0004508,S003877,Lufthansa,Miles & More,Economy,26334,16595,77651,Available
R0004509,S003878,Singapore Airlines,KrisFlyer,Economy,43458,11985,132514,Available
R0004510,S003878,Air Canada,Aeroplan,Economy,35593,7671,121562,Available
R0004511,S003879,Air Canada,Aeroplan,Economy,37362,11318,110641,Available
R0004512,S003879,Qatar Airways,Privilege Club,Economy,43835,13246,103135,Available
R0004513,S003880,Air India,Flying Returns,Economy,54951,7651,150171,Available
R0004514,S003880,Lufthansa,Miles & More,Economy,49017,10619,158933,Available
R0004515,S003882,United Airlines,MileagePlus,Business,77323,17592,254816,Available
R0004516,S003882,Air India,Flying Returns,Business,100740,9315,306619,Available
R0004517,S003883,Emirates,Skywards,Economy,56627,13413,133048,Available
R0004518,S003883,Air India,Flying Returns,Economy,26439,9244,71378,Available
R0004519,S003884,Qatar Airways,Privilege Club,Economy,62265,4643,129284,Available
R0004520,S003884,Air Canada,Aeroplan,Economy,34871,5668,85297,Available
R0004521,S003885,Singapore Airlines,KrisFlyer,Economy,42569,9391,77938,Available
R0004522,S003885,Etihad Airways,Etihad Guest,Economy,61146,7469,115868,Available
R0004523,S003886,Air India,Flying Returns,Economy,60116,9475,116482,Available
R0004524,S003886,Emirates,Skywards,Economy,37318,6671,98938,Available
R0004525,S003887,Emirates,Skywards,Economy,62065,8882,191264,Available
R0004526,S003887,Lufthansa,Miles & More,Economy,44483,4541,84449,Available
R0004527,S003887,Qatar Airways,Privilege Club,Economy,34224,4374,100353,Available
R0004528,S003889,Air India,Flying Returns,Economy,28610,14025,74972,Available
R0004529,S003889,United Airlines,MileagePlus,Economy,60230,13775,127099,Available
R0004530,S003889,Air Canada,Aeroplan,Economy,39373,5786,100105,Available
R0004531,S003891,Air Canada,Aeroplan,Business,102636,4467,319259,Available
R0004532,S003892,Singapore Airlines,KrisFlyer,First,145260,10996,297588,Available
R0004533,S003892,Emirates,Skywards,First,201789,3947,340278,Available
R0004534,S003894,Emirates,Skywards,Business,73440,13634,153077,Available
R0004535,S003897,Lufthansa,Miles & More,Economy,32257,5601,108143,Available
R0004536,S003899,Air Canada,Aeroplan,Economy,58949,9228,149341,Available
R0004537,S003899,United Airlines,MileagePlus,Economy,49610,17942,125614,Available
R0004538,S003900,Air Canada,Aeroplan,Economy,48329,16056,98309,Available
R0004539,S003900,Etihad Airways,Etihad Guest,Economy,39220,8667,111877,Available
R0004540,S003901,Lufthansa,Miles & More,Business,136432,15711,293703,Available
R0004541,S003901,Etihad Airways,Etihad Guest,Business,77666,8850,253469,Available
R0004542,S003901,Air India,Flying Returns,Business,93312,15534,289927,Available
R0004543,S003902,Singapore Airlines,KrisFlyer,First,166828,5732,458082,Available
R0004544,S003904,Emirates,Skywards,Economy,32967,11801,81673,Available
R0004545,S003904,Air Canada,Aeroplan,Economy,64750,7823,152030,Available
R0004546,S003905,Singapore Airlines,KrisFlyer,Economy,41164,11359,129936,Available
R0004547,S003908,Qatar Airways,Privilege Club,Business,82770,8265,165875,Available
R0004548,S003908,Emirates,Skywards,Business,139235,16137,248069,Available
R0004549,S003910,Air Canada,Aeroplan,Economy,26203,7817,61572,Available
R0004550,S003910,Lufthansa,Miles & More,Economy,26227,14296,96208,Available
R0004551,S003912,United Airlines,MileagePlus,Business,71320,16560,159175,Available
R0004552,S003912,Air Canada,Aeroplan,Business,118798,6702,247262,Available
R0004553,S003912,Singapore Airlines,KrisFlyer,Business,127511,6589,217691,Available
R0004554,S003913,Qatar Airways,Privilege Club,First,187494,11493,357407,Available
R0004555,S003913,Lufthansa,Miles & More,First,179175,9276,304562,Available
R0004556,S003913,Singapore Airlines,KrisFlyer,First,176638,16627,402730,Available
R0004557,S003914,Qatar Airways,Privilege Club,Business,118019,14941,225292,Available
R0004558,S003916,United Airlines,MileagePlus,Economy,53198,10509,179176,Available
R0004559,S003916,Etihad Airways,Etihad Guest,Economy,29248,7939,75017,Available
R0004560,S003917,Qatar Airways,Privilege Club,Economy,42793,8483,93694,Available
R0004561,S003917,Air India,Flying Returns,Economy,61213,14788,187412,Available
R0004562,S003918,Qatar Airways,Privilege Club,Business,84589,4035,230764,Available
R0004563,S003918,Air Canada,Aeroplan,Business,144811,17218,479223,Available
R0004564,S003919,Air Canada,Aeroplan,Business,142372,14619,274676,Available
R0004565,S003920,United Airlines,MileagePlus,Economy,48320,6226,83942,Available
R0004566,S003922,Air Canada,Aeroplan,Economy,42850,3940,75018,Available
R0004567,S003923,Lufthansa,Miles & More,Business,104578,12021,245260,Available
R0004568,S003924,Singapore Airlines,KrisFlyer,Economy,57953,10513,104898,Available
R0004569,S003925,Lufthansa,Miles & More,Economy,38980,9829,109434,Available
R0004570,S003926,Air Canada,Aeroplan,Economy,62462,15142,167910,Available
R0004571,S003926,Air India,Flying Returns,Economy,40796,17457,106337,Available
R0004572,S003926,Singapore Airlines,KrisFlyer,Economy,37044,15390,76927,Available
R0004573,S003927,Lufthansa,Miles & More,Economy,54799,9615,148612,Available
R0004574,S003927,Emirates,Skywards,Economy,37061,12986,116653,Available
R0004575,S003928,Air India,Flying Returns,Business,66623,3824,160060,Available
R0004576,S003929,Qatar Airways,Privilege Club,Business,67943,7284,164287,Available
R0004577,S003929,Singapore Airlines,KrisFlyer,Business,148501,9513,263639,Available
R0004578,S003930,Lufthansa,Miles & More,Economy,41385,14200,126050,Available
R0004579,S003930,Air India,Flying Returns,Economy,64659,7993,182393,Available
R0004580,S003932,Air India,Flying Returns,Economy,39456,10923,80426,Available
R0004581,S003932,Emirates,Skywards,Economy,33708,3813,75975,Available
R0004582,S003933,Singapore Airlines,KrisFlyer,First,214074,14262,636692,Available
R0004583,S003933,Qatar Airways,Privilege Club,First,213542,12086,417184,Available
R0004584,S003934,Etihad Airways,Etihad Guest,Economy,61859,15541,120946,Available
R0004585,S003934,Air India,Flying Returns,Economy,31820,6911,83026,Available
R0004586,S003936,Air Canada,Aeroplan,Economy,62716,14917,184519,Available
R0004587,S003937,Air India,Flying Returns,Economy,46607,13914,127526,Available
R0004588,S003938,Singapore Airlines,KrisFlyer,Economy,36306,9263,99671,Available
R0004589,S003939,Emirates,Skywards,Business,69891,16077,138409,Available
R0004590,S003940,Etihad Airways,Etihad Guest,Business,123048,12544,373269,Available
R0004591,S003941,Emirates,Skywards,Economy,26944,16443,98665,Available
R0004592,S003942,United Airlines,MileagePlus,Business,98897,15517,245298,Available
R0004593,S003944,Lufthansa,Miles & More,Business,84323,7489,203897,Available
R0004594,S003944,Emirates,Skywards,Business,70212,15262,217837,Available
R0004595,S003946,Air India,Flying Returns,Business,74751,4766,237886,Available
R0004596,S003946,Qatar Airways,Privilege Club,Business,147097,12623,455442,Available
R0004597,S003946,Emirates,Skywards,Business,68360,12153,127170,Available
R0004598,S003947,Air Canada,Aeroplan,Economy,51274,17957,125855,Available
R0004599,S003947,Qatar Airways,Privilege Club,Economy,63586,3743,207037,Available
R0004600,S003949,United Airlines,MileagePlus,Economy,28703,3612,77322,Available
R0004601,S003950,Etihad Airways,Etihad Guest,Economy,62804,5594,148712,Available
R0004602,S003951,Air Canada,Aeroplan,Business,129788,7004,224392,Available
R0004603,S003952,Air India,Flying Returns,Economy,44073,4544,79255,Available
R0004604,S003954,Qatar Airways,Privilege Club,Economy,49527,15991,172012,Available
R0004605,S003955,Etihad Airways,Etihad Guest,Economy,56772,17494,149067,Available
R0004606,S003959,Qatar Airways,Privilege Club,Economy,27055,15615,71259,Available
R0004607,S003960,Air Canada,Aeroplan,Business,146458,16090,421942,Available
R0004608,S003960,United Airlines,MileagePlus,Business,129396,11018,386564,Available
R0004609,S003961,Air Canada,Aeroplan,First,121325,12552,340534,Available
R0004610,S003962,Qatar Airways,Privilege Club,Business,65578,11762,160625,Available
R0004611,S003962,Emirates,Skywards,Business,120832,17239,336274,Available
R0004612,S003962,Air Canada,Aeroplan,Business,110387,8442,293872,Available
R0004613,S003963,Qatar Airways,Privilege Club,Business,92556,13007,184245,Available
R0004614,S003963,Lufthansa,Miles & More,Business,99847,13901,217638,Available
R0004615,S003965,United Airlines,MileagePlus,First,112478,7398,196306,Available
R0004616,S003966,Emirates,Skywards,Business,67111,6541,145697,Available
R0004617,S003966,Air Canada,Aeroplan,Business,97121,17980,300213,Available
R0004618,S003967,Singapore Airlines,KrisFlyer,First,214987,4659,462182,Available
R0004619,S003968,Qatar Airways,Privilege Club,Business,76239,5263,193261,Available
R0004620,S003968,Etihad Airways,Etihad Guest,Business,142334,11070,269401,Available
R0004621,S003969,Emirates,Skywards,Business,138223,15591,371987,Available
R0004622,S003971,Air India,Flying Returns,Economy,58809,16811,128419,Available
R0004623,S003972,Emirates,Skywards,Economy,61677,11119,110170,Available
R0004624,S003973,Qatar Airways,Privilege Club,Business,82857,10848,177728,Available
R0004625,S003973,Singapore Airlines,KrisFlyer,Business,130166,4572,417604,Available
R0004626,S003976,Qatar Airways,Privilege Club,Economy,52541,17601,104626,Available
R0004627,S003977,United Airlines,MileagePlus,Economy,33908,5357,78711,Available
R0004628,S003978,Emirates,Skywards,Business,127897,13661,347065,Available
R0004629,S003979,Singapore Airlines,KrisFlyer,Business,61621,12023,143163,Available
R0004630,S003979,Etihad Airways,Etihad Guest,Business,122688,17108,264616,Available
R0004631,S003980,Lufthansa,Miles & More,Business,142178,10834,387323,Available
R0004632,S003980,Air Canada,Aeroplan,Business,142451,4965,319031,Available
R0004633,S003981,Singapore Airlines,KrisFlyer,Economy,47532,10808,108557,Available
R0004634,S003983,Air Canada,Aeroplan,Economy,64235,17626,178058,Available
R0004635,S003986,Etihad Airways,Etihad Guest,Business,143414,16868,441895,Available
R0004636,S003988,Lufthansa,Miles & More,Business,104573,13828,222597,Available
R0004637,S003991,Air Canada,Aeroplan,Economy,33081,10741,116271,Available
R0004638,S003991,Singapore Airlines,KrisFlyer,Economy,36329,17081,125759,Available
R0004639,S003992,Air India,Flying Returns,First,192602,9022,333420,Available
R0004640,S003994,Air India,Flying Returns,Economy,62077,4789,183022,Available
R0004641,S003994,Emirates,Skywards,Economy,64285,12986,178812,Available
R0004642,S003996,Emirates,Skywards,Business,144689,12758,450944,Available
R0004643,S003996,Air India,Flying Returns,Business,87941,12965,218968,Available
R0004644,S003996,Air Canada,Aeroplan,Business,149399,16776,389270,Available
R0004645,S004000,Singapore Airlines,KrisFlyer,Business,124838,3853,256268,Available
R0004646,S004000,Emirates,Skywards,Business,135113,8627,256917,Available
R0004647,S004000,Air Canada,Aeroplan,Business,147412,17689,281686,Available
R0004648,S004001,Etihad Airways,Etihad Guest,Business,88210,14291,227832,Available
R0004649,S004001,Air Canada,Aeroplan,Business,93034,16116,310012,Available
R0004650,S004002,Air Canada,Aeroplan,Business,137983,13331,238367,Available
R0004651,S004003,Singapore Airlines,KrisFlyer,Business,148677,5600,267337,Available
R0004652,S004003,United Airlines,MileagePlus,Business,66243,16709,214946,Available
R0004653,S004003,Lufthansa,Miles & More,Business,96188,16846,185723,Available
R0004654,S004004,Emirates,Skywards,Economy,42294,5646,126467,Available
R0004655,S004005,Lufthansa,Miles & More,Economy,29852,8116,91264,Available
R0004656,S004005,Etihad Airways,Etihad Guest,Economy,55053,6683,175718,Available
R0004657,S004006,Air Canada,Aeroplan,Business,66531,5378,115224,Available
R0004658,S004006,Emirates,Skywards,Business,138076,16705,251207,Available
R0004659,S004007,Air India,Flying Returns,Business,126470,9893,402013,Available
R0004660,S004008,Air India,Flying Returns,Economy,53102,5172,138701,Available
R0004661,S004008,Lufthansa,Miles & More,Economy,52797,9780,133468,Available
R0004662,S004010,Lufthansa,Miles & More,Business,60165,7179,113746,Available
R0004663,S004011,Emirates,Skywards,Economy,59831,4691,137527,Available
R0004664,S004011,Air Canada,Aeroplan,Economy,48989,9292,111615,Available
R0004665,S004014,Qatar Airways,Privilege Club,Business,119021,17445,256721,Available
R0004666,S004015,Etihad Airways,Etihad Guest,Business,116218,7210,271440,Available
R0004667,S004015,Air India,Flying Returns,Business,126965,17904,385753,Available
R0004668,S004016,Emirates,Skywards,Economy,35090,14798,116791,Available
R0004669,S004018,Emirates,Skywards,Economy,54456,12345,118782,Available
R0004670,S004019,Air Canada,Aeroplan,Economy,42540,7555,142911,Available
R0004671,S004020,Air Canada,Aeroplan,Business,109173,15658,327608,Available
R0004672,S004021,Etihad Airways,Etihad Guest,Economy,50585,15274,106892,Available
R0004673,S004021,Emirates,Skywards,Economy,46248,9248,130529,Available
R0004674,S004022,Etihad Airways,Etihad Guest,Economy,57793,15490,114949,Available
R0004675,S004023,Emirates,Skywards,Business,72665,10748,239506,Available
R0004676,S004024,Qatar Airways,Privilege Club,Economy,41090,3992,93071,Available
R0004677,S004024,Etihad Airways,Etihad Guest,Economy,51062,14783,161628,Available
R0004678,S004025,Qatar Airways,Privilege Club,Economy,45504,9502,132927,Available
R0004679,S004029,Qatar Airways,Privilege Club,Economy,25558,13775,55389,Available
R0004680,S004033,Emirates,Skywards,First,119693,11020,239632,Available
R0004681,S004033,Air India,Flying Returns,First,118221,14526,300532,Available
R0004682,S004033,Qatar Airways,Privilege Club,First,134799,13845,435546,Available
R0004683,S004036,Singapore Airlines,KrisFlyer,Economy,59717,8009,139863,Available
R0004684,S004036,Etihad Airways,Etihad Guest,Economy,50666,3978,127145,Available
R0004685,S004037,Air India,Flying Returns,Economy,46141,5418,130750,Available
R0004686,S004037,Air Canada,Aeroplan,Economy,35492,17143,94422,Available
R0004687,S004037,Lufthansa,Miles & More,Economy,41324,17033,126124,Available
R0004688,S004039,United Airlines,MileagePlus,Economy,62210,5089,133981,Available
R0004689,S004039,Lufthansa,Miles & More,Economy,32825,7215,97443,Available
R0004690,S004040,Qatar Airways,Privilege Club,First,156590,17880,336097,Available
R0004691,S004040,Air Canada,Aeroplan,First,125397,13362,324416,Available
R0004692,S004041,Emirates,Skywards,Economy,32046,6805,97168,Available
R0004693,S004042,Air Canada,Aeroplan,Business,96713,3694,276162,Available
R0004694,S004042,Qatar Airways,Privilege Club,Business,63530,5200,191492,Available
R0004695,S004043,Qatar Airways,Privilege Club,Economy,42370,11975,107080,Available
R0004696,S004043,Lufthansa,Miles & More,Economy,47208,11067,104032,Available
R0004697,S004043,Etihad Airways,Etihad Guest,Economy,43979,12074,120626,Available
R0004698,S004044,Etihad Airways,Etihad Guest,Business,138808,16249,260195,Available
R0004699,S004044,United Airlines,MileagePlus,Business,85408,11892,267416,Available
R0004700,S004045,Lufthansa,Miles & More,Economy,44229,14338,145972,Available
R0004701,S004045,Singapore Airlines,KrisFlyer,Economy,56981,7088,141212,Available
R0004702,S004047,Qatar Airways,Privilege Club,Economy,26869,4431,53807,Available
R0004703,S004049,Etihad Airways,Etihad Guest,Economy,59265,5416,170799,Available
R0004704,S004049,Lufthansa,Miles & More,Economy,30896,17283,70966,Available
R0004705,S004050,Emirates,Skywards,Economy,40549,7847,111654,Available
R0004706,S004051,Singapore Airlines,KrisFlyer,Economy,35557,12813,88654,Available
R0004707,S004053,Qatar Airways,Privilege Club,Business,143406,16350,472548,Available
R0004708,S004053,Air Canada,Aeroplan,Business,144948,16586,416972,Available
R0004709,S004054,Air Canada,Aeroplan,Business,90711,11659,197991,Available
R0004710,S004054,United Airlines,MileagePlus,Business,137525,6532,327308,Available
R0004711,S004055,Air Canada,Aeroplan,Business,97566,15697,305301,Available
R0004712,S004055,Lufthansa,Miles & More,Business,82919,17896,261233,Available
R0004713,S004055,Etihad Airways,Etihad Guest,Business,65188,16081,221524,Available
R0004714,S004056,Air India,Flying Returns,Economy,27017,17933,86925,Available
R0004715,S004056,Air Canada,Aeroplan,Economy,33774,6245,92216,Available
R0004716,S004056,Lufthansa,Miles & More,Economy,32396,16588,99211,Available
R0004717,S004057,Emirates,Skywards,Business,124833,8053,403495,Available
R0004718,S004059,Qatar Airways,Privilege Club,Economy,54374,8222,150885,Available
R0004719,S004059,Air Canada,Aeroplan,Economy,37527,8041,76793,Available
R0004720,S004059,Singapore Airlines,KrisFlyer,Economy,59417,6141,173898,Available
R0004721,S004061,Etihad Airways,Etihad Guest,Business,128075,10194,370274,Available
R0004722,S004064,United Airlines,MileagePlus,Business,117200,3532,192952,Available
R0004723,S004064,Etihad Airways,Etihad Guest,Business,128379,5897,220186,Available
R0004724,S004066,Qatar Airways,Privilege Club,Economy,43573,5061,121887,Available
R0004725,S004066,Lufthansa,Miles & More,Economy,50948,5779,162492,Available
R0004726,S004067,Air Canada,Aeroplan,Economy,50596,5464,100713,Available
R0004727,S004068,United Airlines,MileagePlus,Business,100375,17065,202750,Available
R0004728,S004068,Etihad Airways,Etihad Guest,Business,110790,12486,214043,Available
R0004729,S004069,Singapore Airlines,KrisFlyer,Business,113342,11737,230716,Available
R0004730,S004070,Air India,Flying Returns,First,205694,10735,594276,Available
R0004731,S004070,Singapore Airlines,KrisFlyer,First,138856,14526,317065,Available
R0004732,S004070,Etihad Airways,Etihad Guest,First,212352,4578,637796,Available
R0004733,S004071,Lufthansa,Miles & More,Economy,39874,17612,133133,Available
R0004734,S004077,Etihad Airways,Etihad Guest,Economy,37337,4181,83263,Available
R0004735,S004077,United Airlines,MileagePlus,Economy,60742,9355,119808,Available
R0004736,S004079,Singapore Airlines,KrisFlyer,Economy,32989,8513,99991,Available
R0004737,S004080,Qatar Airways,Privilege Club,Business,115696,11436,200096,Available
R0004738,S004080,Air Canada,Aeroplan,Business,112715,16316,273125,Available
R0004739,S004080,Etihad Airways,Etihad Guest,Business,142782,11959,333757,Available
R0004740,S004082,Etihad Airways,Etihad Guest,Business,121968,15681,246397,Available
R0004741,S004088,Etihad Airways,Etihad Guest,Economy,49229,14702,168630,Available
R0004742,S004088,Air India,Flying Returns,Economy,59654,13208,140162,Available
R0004743,S004089,United Airlines,MileagePlus,Business,142657,15760,353048,Available
R0004744,S004093,United Airlines,MileagePlus,Economy,61972,10189,161105,Available
R0004745,S004095,Lufthansa,Miles & More,Business,109056,3803,344583,Available
R0004746,S004096,Etihad Airways,Etihad Guest,Economy,60169,6249,132448,Available
R0004747,S004096,Lufthansa,Miles & More,Economy,64620,15467,121113,Available
R0004748,S004100,Emirates,Skywards,Business,86552,10315,225555,Available
R0004749,S004100,Qatar Airways,Privilege Club,Business,116867,5618,321330,Available
R0004750,S004100,Lufthansa,Miles & More,Business,103616,8133,315360,Available
R0004751,S004101,Air India,Flying Returns,Business,146745,8836,445836,Available
R0004752,S004101,Qatar Airways,Privilege Club,Business,93285,11955,309003,Available
R0004753,S004102,Qatar Airways,Privilege Club,Economy,64733,17844,123172,Available
R0004754,S004103,Air India,Flying Returns,Economy,51522,16980,104364,Available
R0004755,S004103,Singapore Airlines,KrisFlyer,Economy,43218,14804,147124,Available
R0004756,S004106,Air Canada,Aeroplan,Business,140135,8332,382738,Available
R0004757,S004107,Qatar Airways,Privilege Club,First,169972,5121,505768,Available
R0004758,S004107,United Airlines,MileagePlus,First,198728,7037,602849,Available
R0004759,S004109,Air Canada,Aeroplan,First,204234,10977,500522,Available
R0004760,S004112,Etihad Airways,Etihad Guest,Economy,26998,7737,91368,Available
R0004761,S004112,Air Canada,Aeroplan,Economy,60824,13659,155774,Available
R0004762,S004112,United Airlines,MileagePlus,Economy,38165,12881,126904,Available
R0004763,S004114,Emirates,Skywards,Economy,48110,13624,147639,Available
R0004764,S004116,Emirates,Skywards,Economy,55683,5923,127706,Available
R0004765,S004116,Air India,Flying Returns,Economy,46172,7072,154316,Available
R0004766,S004117,Singapore Airlines,KrisFlyer,Economy,43189,14747,114633,Available
R0004767,S004117,Lufthansa,Miles & More,Economy,31395,16614,111628,Available
R0004768,S004118,Emirates,Skywards,Economy,39340,4811,75747,Available
R0004769,S004118,Lufthansa,Miles & More,Economy,44363,7403,144646,Available
R0004770,S004120,Air Canada,Aeroplan,Business,101685,3568,288354,Available
R0004771,S004121,Singapore Airlines,KrisFlyer,First,118107,4123,366115,Available
R0004772,S004121,Qatar Airways,Privilege Club,First,182526,11241,444772,Available
R0004773,S004122,United Airlines,MileagePlus,Business,141086,17860,408921,Available
R0004774,S004123,Emirates,Skywards,Business,90455,10553,246473,Available
R0004775,S004123,Qatar Airways,Privilege Club,Business,141273,17613,305147,Available
R0004776,S004123,Air India,Flying Returns,Business,100147,4879,311150,Available
R0004777,S004124,Singapore Airlines,KrisFlyer,Economy,26203,12287,58357,Available
R0004778,S004125,Lufthansa,Miles & More,Business,67256,10410,134231,Available
R0004779,S004126,Etihad Airways,Etihad Guest,Economy,49890,5077,123066,Available
R0004780,S004126,Qatar Airways,Privilege Club,Economy,58124,10753,177485,Available
R0004781,S004126,Lufthansa,Miles & More,Economy,64385,3796,126617,Available
R0004782,S004127,Qatar Airways,Privilege Club,Business,124801,11905,280298,Available
R0004783,S004128,Air India,Flying Returns,Economy,28747,7397,69358,Available
R0004784,S004128,United Airlines,MileagePlus,Economy,34990,12525,72858,Available
R0004785,S004128,Qatar Airways,Privilege Club,Economy,25557,16113,68713,Available
R0004786,S004129,Etihad Airways,Etihad Guest,Business,67179,3687,200422,Available
R0004787,S004131,Etihad Airways,Etihad Guest,Economy,44246,13461,96836,Available
R0004788,S004131,United Airlines,MileagePlus,Economy,60785,11581,132464,Available
R0004789,S004132,Qatar Airways,Privilege Club,Economy,35687,12481,103019,Available
R0004790,S004135,Etihad Airways,Etihad Guest,Economy,52148,10574,166828,Available
R0004791,S004136,Singapore Airlines,KrisFlyer,Business,74449,17257,209379,Available
R0004792,S004137,Qatar Airways,Privilege Club,Economy,27980,3772,56013,Available
R0004793,S004138,Etihad Airways,Etihad Guest,Business,99690,11659,239146,Available
R0004794,S004138,Singapore Airlines,KrisFlyer,Business,143198,13544,386710,Available
R0004795,S004139,Etihad Airways,Etihad Guest,Economy,32096,16365,92263,Available
R0004796,S004139,Air Canada,Aeroplan,Economy,32402,8243,71172,Available
R0004797,S004141,Singapore Airlines,KrisFlyer,Business,83777,8692,272029,Available
R0004798,S004141,Air Canada,Aeroplan,Business,124600,15223,328972,Available
R0004799,S004141,Air India,Flying Returns,Business,92242,6291,156435,Available
R0004800,S004142,Singapore Airlines,KrisFlyer,Economy,58296,5946,167110,Available
R0004801,S004143,Emirates,Skywards,Economy,26743,17654,82000,Available
R0004802,S004144,Air India,Flying Returns,Business,83520,10530,269786,Available
R0004803,S004146,Singapore Airlines,KrisFlyer,Business,67776,12808,176064,Available
R0004804,S004146,Air India,Flying Returns,Business,78219,8681,242090,Available
R0004805,S004148,Air India,Flying Returns,Economy,31571,9942,64176,Available
R0004806,S004149,Emirates,Skywards,Business,138175,4727,269800,Available
R0004807,S004149,Etihad Airways,Etihad Guest,Business,122410,14496,344601,Available
R0004808,S004151,Air Canada,Aeroplan,Economy,37592,11848,109086,Available
R0004809,S004151,Qatar Airways,Privilege Club,Economy,51906,10958,168384,Available
R0004810,S004155,United Airlines,MileagePlus,Economy,64457,16357,147066,Available
R0004811,S004155,Emirates,Skywards,Economy,36523,9526,112899,Available
R0004812,S004155,Singapore Airlines,KrisFlyer,Economy,32739,17216,90352,Available
R0004813,S004157,United Airlines,MileagePlus,Economy,62919,3621,192490,Available
R0004814,S004157,Lufthansa,Miles & More,Economy,35854,14437,77984,Available
R0004815,S004159,Qatar Airways,Privilege Club,Economy,41821,11164,128006,Available
R0004816,S004159,Singapore Airlines,KrisFlyer,Economy,34698,15901,102603,Available
R0004817,S004159,Lufthansa,Miles & More,Economy,37441,9924,83397,Available
R0004818,S004160,Lufthansa,Miles & More,Business,116558,12915,298520,Available
R0004819,S004164,Lufthansa,Miles & More,Economy,35580,12783,100796,Available
R0004820,S004165,Qatar Airways,Privilege Club,Economy,48357,4022,91903,Available
R0004821,S004165,Emirates,Skywards,Economy,61981,4710,134760,Available
R0004822,S004165,Air India,Flying Returns,Economy,61935,5333,193893,Available
R0004823,S004166,Qatar Airways,Privilege Club,Business,90338,5478,246352,Available
R0004824,S004166,Lufthansa,Miles & More,Business,145075,8638,368605,Available
R0004825,S004167,Lufthansa,Miles & More,First,146943,10986,249508,Available
R0004826,S004168,Emirates,Skywards,Economy,48332,13692,162137,Available
R0004827,S004168,Singapore Airlines,KrisFlyer,Economy,33420,14666,121211,Available
R0004828,S004169,Etihad Airways,Etihad Guest,Economy,32687,5496,80000,Available
R0004829,S004169,Air Canada,Aeroplan,Economy,52970,7845,135722,Available
R0004830,S004170,Qatar Airways,Privilege Club,Economy,25239,17113,58299,Available
R0004831,S004170,Air India,Flying Returns,Economy,27871,5702,82851,Available
R0004832,S004171,Air India,Flying Returns,Economy,25047,5894,74370,Available
R0004833,S004174,Air Canada,Aeroplan,Business,110134,12775,355375,Available
R0004834,S004174,Air India,Flying Returns,Business,92416,13418,198056,Available
R0004835,S004176,Etihad Airways,Etihad Guest,Business,85682,16297,190626,Available
R0004836,S004176,Air India,Flying Returns,Business,143323,6885,257410,Available
R0004837,S004177,United Airlines,MileagePlus,Economy,62175,17875,148527,Available
R0004838,S004179,Air India,Flying Returns,Business,87856,13191,158248,Available
R0004839,S004179,Qatar Airways,Privilege Club,Business,140655,5415,259545,Available
R0004840,S004180,Emirates,Skywards,Business,88905,6419,217271,Available
R0004841,S004183,Air Canada,Aeroplan,Business,109195,8341,316201,Available
R0004842,S004183,Qatar Airways,Privilege Club,Business,120067,13667,210497,Available
R0004843,S004185,Air Canada,Aeroplan,Economy,33206,13959,73305,Available
R0004844,S004185,United Airlines,MileagePlus,Economy,45951,5205,120265,Available
R0004845,S004186,United Airlines,MileagePlus,Business,60645,14093,120073,Available
R0004846,S004186,Air Canada,Aeroplan,Business,145388,6321,422237,Available
R0004847,S004188,Etihad Airways,Etihad Guest,Economy,47598,6622,132744,Available
R0004848,S004188,Lufthansa,Miles & More,Economy,59795,8160,115312,Available
R0004849,S004192,Air India,Flying Returns,Economy,41038,3952,82337,Available
R0004850,S004192,Qatar Airways,Privilege Club,Economy,43927,8195,140487,Available
R0004851,S004195,Emirates,Skywards,Business,96274,7116,238913,Available
R0004852,S004196,Etihad Airways,Etihad Guest,Business,95593,6335,270914,Available
R0004853,S004197,Emirates,Skywards,First,111296,12126,219577,Available
R0004854,S004197,Air India,Flying Returns,First,115993,14889,200685,Available
R0004855,S004200,Air India,Flying Returns,Economy,57074,3999,157924,Available
R0004856,S004200,Air Canada,Aeroplan,Economy,35976,5346,115059,Available
R0004857,S004202,United Airlines,MileagePlus,Business,124687,8454,318259,Available
R0004858,S004203,Emirates,Skywards,Business,116348,11338,220154,Available
R0004859,S004204,Air India,Flying Returns,First,147073,13948,429354,Available
R0004860,S004204,United Airlines,MileagePlus,First,195871,8181,633128,Available
R0004861,S004205,United Airlines,MileagePlus,Business,92627,11314,259986,Available
R0004862,S004205,Qatar Airways,Privilege Club,Business,128770,6501,284966,Available
R0004863,S004207,Singapore Airlines,KrisFlyer,Economy,25266,12827,64659,Available
R0004864,S004207,Air Canada,Aeroplan,Economy,55733,17414,184183,Available
R0004865,S004208,United Airlines,MileagePlus,Economy,27069,6070,86265,Available
R0004866,S004208,Emirates,Skywards,Economy,54544,10853,146102,Available
R0004867,S004209,Emirates,Skywards,Economy,35995,15509,85697,Available
R0004868,S004210,Air Canada,Aeroplan,Economy,48954,9491,134179,Available
R0004869,S004211,Qatar Airways,Privilege Club,Economy,53236,3590,124712,Available
R0004870,S004211,Etihad Airways,Etihad Guest,Economy,32807,17036,80028,Available
R0004871,S004213,Air India,Flying Returns,Business,147763,10117,350926,Available
R0004872,S004213,United Airlines,MileagePlus,Business,70199,8526,189729,Available
R0004873,S004214,Emirates,Skywards,Business,75166,15522,177271,Available
R0004874,S004216,Emirates,Skywards,Economy,27920,17445,105664,Available
R0004875,S004216,Air Canada,Aeroplan,Economy,63379,10413,184119,Available
R0004876,S004216,Singapore Airlines,KrisFlyer,Economy,37398,14502,114175,Available
R0004877,S004217,United Airlines,MileagePlus,Economy,62721,15788,213118,Available
R0004878,S004217,Singapore Airlines,KrisFlyer,Economy,47078,8595,121843,Available
R0004879,S004219,Qatar Airways,Privilege Club,Economy,54255,10123,147784,Available
R0004880,S004223,Emirates,Skywards,Economy,42678,14586,146246,Available
R0004881,S004223,United Airlines,MileagePlus,Economy,34380,11922,117565,Available
R0004882,S004225,Air India,Flying Returns,Economy,41804,15789,126508,Available
R0004883,S004225,Emirates,Skywards,Economy,37100,9090,74344,Available
R0004884,S004226,Emirates,Skywards,Business,96652,4853,273327,Available
R0004885,S004228,Etihad Airways,Etihad Guest,Business,80925,17942,195840,Available
R0004886,S004228,Air Canada,Aeroplan,Business,76424,6470,134100,Available
R0004887,S004228,Qatar Airways,Privilege Club,Business,76944,12606,257848,Available
R0004888,S004232,Emirates,Skywards,Business,123185,16956,376988,Available
R0004889,S004236,Air Canada,Aeroplan,First,201565,8186,501699,Available
R0004890,S004236,Lufthansa,Miles & More,First,129515,4651,411400,Available
R0004891,S004237,Etihad Airways,Etihad Guest,Economy,46887,3752,125025,Available
R0004892,S004238,Air Canada,Aeroplan,Business,132211,6101,374089,Available
R0004893,S004239,Emirates,Skywards,Economy,43876,3595,73991,Available
R0004894,S004240,Air Canada,Aeroplan,First,201789,9477,355225,Available
R0004895,S004240,Singapore Airlines,KrisFlyer,First,198104,10618,399733,Available
R0004896,S004240,Air India,Flying Returns,First,166790,16321,466849,Available
R0004897,S004241,Etihad Airways,Etihad Guest,Economy,25192,4007,44789,Available
R0004898,S004241,Lufthansa,Miles & More,Economy,28999,11224,87234,Available
R0004899,S004242,Air Canada,Aeroplan,Economy,38675,5365,84268,Available
R0004900,S004242,Singapore Airlines,KrisFlyer,Economy,34038,17273,110960,Available
R0004901,S004243,Air India,Flying Returns,Business,97685,7428,317551,Available
R0004902,S004243,Air Canada,Aeroplan,Business,94055,15432,206964,Available
R0004903,S004243,Qatar Airways,Privilege Club,Business,91863,10512,180027,Available
R0004904,S004244,Qatar Airways,Privilege Club,First,175758,9225,436741,Available
R0004905,S004246,Singapore Airlines,KrisFlyer,Business,93978,9901,161519,Available
R0004906,S004247,Etihad Airways,Etihad Guest,Business,104747,17435,326903,Available
R0004907,S004249,Lufthansa,Miles & More,Business,85884,14981,278145,Available
R0004908,S004249,Emirates,Skywards,Business,123614,17783,335168,Available
R0004909,S004250,Etihad Airways,Etihad Guest,Business,126713,13519,397846,Available
R0004910,S004250,Emirates,Skywards,Business,128581,12167,355306,Available
R0004911,S004250,Qatar Airways,Privilege Club,Business,147979,3967,417346,Available
R0004912,S004252,Emirates,Skywards,Business,121600,11120,264323,Available
R0004913,S004253,Singapore Airlines,KrisFlyer,Business,138151,10112,309002,Available
R0004914,S004256,Singapore Airlines,KrisFlyer,Economy,50203,14236,128204,Available
R0004915,S004256,Qatar Airways,Privilege Club,Economy,55741,17243,125611,Available
R0004916,S004256,United Airlines,MileagePlus,Economy,44040,4932,124337,Available
R0004917,S004257,Lufthansa,Miles & More,Economy,49507,9727,121735,Available
R0004918,S004257,Air Canada,Aeroplan,Economy,27430,14530,91780,Available
R0004919,S004259,Singapore Airlines,KrisFlyer,Economy,64716,11037,210454,Available
R0004920,S004259,Emirates,Skywards,Economy,63866,8048,185656,Available
R0004921,S004261,United Airlines,MileagePlus,Business,123422,10492,285167,Available
R0004922,S004261,Etihad Airways,Etihad Guest,Business,111982,16753,286097,Available
R0004923,S004262,Lufthansa,Miles & More,Business,98691,7324,284508,Available
R0004924,S004264,Air India,Flying Returns,Economy,29271,10154,85309,Available
R0004925,S004264,Qatar Airways,Privilege Club,Economy,58160,3744,176909,Available
R0004926,S004264,United Airlines,MileagePlus,Economy,46415,11821,113422,Available
R0004927,S004266,Air Canada,Aeroplan,Business,146913,9646,319889,Available
R0004928,S004267,Emirates,Skywards,Economy,29336,14780,83678,Available
R0004929,S004267,Lufthansa,Miles & More,Economy,52038,13960,131299,Available
R0004930,S004268,Etihad Airways,Etihad Guest,Business,71993,13229,214137,Available
R0004931,S004269,Air India,Flying Returns,First,143436,13605,417376,Available
R0004932,S004271,Air Canada,Aeroplan,Business,75419,4787,172454,Available
R0004933,S004272,Etihad Airways,Etihad Guest,Business,105877,10040,192200,Available
R0004934,S004272,Singapore Airlines,KrisFlyer,Business,129420,7138,222392,Available
R0004935,S004274,Lufthansa,Miles & More,Business,73559,17632,235932,Available
R0004936,S004275,Singapore Airlines,KrisFlyer,Economy,25872,4457,68865,Available
R0004937,S004275,Lufthansa,Miles & More,Economy,53164,6531,96164,Available
R0004938,S004279,Emirates,Skywards,Business,140282,3821,389269,Available
R0004939,S004280,Etihad Airways,Etihad Guest,Economy,64669,12515,210470,Available
R0004940,S004280,United Airlines,MileagePlus,Economy,39506,17697,88939,Available
R0004941,S004281,Etihad Airways,Etihad Guest,Economy,51177,8753,99456,Available
R0004942,S004283,United Airlines,MileagePlus,Economy,44922,12219,134180,Available
R0004943,S004283,Qatar Airways,Privilege Club,Economy,61265,10219,190089,Available
R0004944,S004287,Emirates,Skywards,Business,106356,12159,280487,Available
R0004945,S004287,Etihad Airways,Etihad Guest,Business,113944,16114,309006,Available
R0004946,S004287,Air India,Flying Returns,Business,142578,17581,276953,Available
R0004947,S004288,Singapore Airlines,KrisFlyer,Business,102342,15986,208975,Available
R0004948,S004290,Qatar Airways,Privilege Club,First,147530,5882,381418,Available
R0004949,S004291,Air Canada,Aeroplan,Economy,43375,9864,110546,Available
R0004950,S004292,Etihad Airways,Etihad Guest,Economy,57302,12715,194772,Available
R0004951,S004293,Etihad Airways,Etihad Guest,Economy,64204,9780,118003,Available
R0004952,S004293,Air Canada,Aeroplan,Economy,47317,12146,128681,Available
R0004953,S004293,Singapore Airlines,KrisFlyer,Economy,28307,7602,71874,Available
R0004954,S004294,Lufthansa,Miles & More,Economy,56220,10087,141376,Available
R0004955,S004295,Lufthansa,Miles & More,First,157468,8860,441245,Available
R0004956,S004296,Singapore Airlines,KrisFlyer,Business,117878,14758,280690,Available
R0004957,S004296,Emirates,Skywards,Business,74640,10018,206829,Available
R0004958,S004297,Emirates,Skywards,Business,111809,17892,232832,Available
R0004959,S004297,Etihad Airways,Etihad Guest,Business,81051,12463,216946,Available
R0004960,S004297,Air Canada,Aeroplan,Business,125213,10584,347482,Available
R0004961,S004298,Etihad Airways,Etihad Guest,Economy,28346,10378,58535,Available
R0004962,S004298,Air India,Flying Returns,Economy,61371,5910,195158,Available
R0004963,S004298,Air Canada,Aeroplan,Economy,26262,9029,83405,Available
R0004964,S004299,United Airlines,MileagePlus,Economy,31357,9683,99675,Available
R0004965,S004299,Air Canada,Aeroplan,Economy,52611,3944,170071,Available
R0004966,S004300,Lufthansa,Miles & More,Economy,43012,7598,80162,Available
R0004967,S004300,United Airlines,MileagePlus,Economy,34006,15563,76456,Available
R0004968,S004300,Etihad Airways,Etihad Guest,Economy,61387,16899,169412,Available
R0004969,S004301,Air India,Flying Returns,First,162390,14931,307552,Available
R0004970,S004302,United Airlines,MileagePlus,Economy,43282,15615,128362,Available
R0004971,S004302,Air India,Flying Returns,Economy,35271,15725,116687,Available
R0004972,S004303,Air Canada,Aeroplan,Business,95452,10581,249553,Available
R0004973,S004303,Qatar Airways,Privilege Club,Business,94577,17222,177930,Available
R0004974,S004304,Air India,Flying Returns,Economy,41351,17696,97440,Available
R0004975,S004304,Etihad Airways,Etihad Guest,Economy,44136,13601,105454,Available
R0004976,S004305,Air Canada,Aeroplan,Business,80388,16872,237630,Available
R0004977,S004306,Qatar Airways,Privilege Club,Business,73147,17420,191280,Available
R0004978,S004306,Air Canada,Aeroplan,Business,141893,5121,264440,Available
R0004979,S004308,Qatar Airways,Privilege Club,Economy,58448,4071,113499,Available
R0004980,S004308,Etihad Airways,Etihad Guest,Economy,43963,7730,120021,Available
R0004981,S004309,Emirates,Skywards,Economy,30923,12704,83308,Available
R0004982,S004309,Singapore Airlines,KrisFlyer,Economy,39929,8640,115574,Available
R0004983,S004310,Singapore Airlines,KrisFlyer,Economy,41537,12125,142680,Available
R0004984,S004312,Singapore Airlines,KrisFlyer,Economy,56267,10534,105545,Available
R0004985,S004313,Etihad Airways,Etihad Guest,Economy,45123,4941,141695,Available
R0004986,S004313,Singapore Airlines,KrisFlyer,Economy,25088,8287,58319,Available
R0004987,S004314,Lufthansa,Miles & More,Business,106973,3806,232646,Available
R0004988,S004314,Etihad Airways,Etihad Guest,Business,89480,12431,182583,Available
R0004989,S004315,Emirates,Skywards,Business,115641,4983,244437,Available
R0004990,S004319,Air Canada,Aeroplan,First,213985,10367,674555,Available
R0004991,S004319,Lufthansa,Miles & More,First,122385,5138,271753,Available
R0004992,S004323,Lufthansa,Miles & More,Business,133547,15510,400360,Available
R0004993,S004323,Etihad Airways,Etihad Guest,Business,117886,11404,351776,Available
R0004994,S004323,Air India,Flying Returns,Business,95033,8965,220167,Available
R0004995,S004324,Emirates,Skywards,Economy,53712,9349,137065,Available
R0004996,S004324,Qatar Airways,Privilege Club,Economy,63764,9843,202566,Available
R0004997,S004325,Emirates,Skywards,Business,115618,11913,228869,Available
R0004998,S004325,Air Canada,Aeroplan,Business,138438,12685,402323,Available
R0004999,S004326,Emirates,Skywards,Economy,56292,11967,179220,Available
R0005000,S004327,Emirates,Skywards,Economy,37231,11792,107901,Available
R0005001,S004327,Qatar Airways,Privilege Club,Economy,29807,7757,81943,Available
R0005002,S004329,Etihad Airways,Etihad Guest,Business,77266,9660,208211,Available
R0005003,S004329,Emirates,Skywards,Business,116044,9989,357485,Available
R0005004,S004329,Air Canada,Aeroplan,Business,69519,16924,150580,Available
R0005005,S004330,Air India,Flying Returns,Business,121357,14451,327715,Available
R0005006,S004330,Emirates,Skywards,Business,139964,16166,357768,Available
R0005007,S004332,Qatar Airways,Privilege Club,First,135238,17547,419392,Available
R0005008,S004332,Air India,Flying Returns,First,156068,15062,430729,Available
R0005009,S004334,Qatar Airways,Privilege Club,Economy,62644,11750,131702,Available
R0005010,S004334,Emirates,Skywards,Economy,43936,17212,137182,Available
R0005011,S004334,Etihad Airways,Etihad Guest,Economy,62420,9946,146782,Available
R0005012,S004336,Air Canada,Aeroplan,Economy,33797,7636,98810,Available
R0005013,S004337,Air India,Flying Returns,Economy,25859,6221,80831,Available
R0005014,S004343,Etihad Airways,Etihad Guest,Business,115484,14860,319895,Available
R0005015,S004345,Air Canada,Aeroplan,Economy,25280,7616,70758,Available
R0005016,S004348,Etihad Airways,Etihad Guest,Economy,45043,10291,132883,Available
R0005017,S004350,Air Canada,Aeroplan,Business,134847,3997,346358,Available
R0005018,S004351,Lufthansa,Miles & More,Business,135274,5888,431354,Available
R0005019,S004352,Emirates,Skywards,Economy,27149,13108,86281,Available
R0005020,S004352,Qatar Airways,Privilege Club,Economy,34270,17931,103446,Available
R0005021,S004352,Lufthansa,Miles & More,Economy,27470,8263,74161,Available
R0005022,S004354,Emirates,Skywards,Business,142307,15821,438241,Available
R0005023,S004354,Lufthansa,Miles & More,Business,98447,11511,182312,Available
R0005024,S004354,United Airlines,MileagePlus,Business,141839,6868,385371,Available
R0005025,S004356,Singapore Airlines,KrisFlyer,Economy,48374,11903,95510,Available
R0005026,S004356,Air India,Flying Returns,Economy,61361,13819,113475,Available
R0005027,S004356,Lufthansa,Miles & More,Economy,41661,10042,134696,Available
R0005028,S004357,Air India,Flying Returns,Economy,50558,12403,137826,Available
R0005029,S004357,Lufthansa,Miles & More,Economy,30259,15988,65160,Available
R0005030,S004357,Emirates,Skywards,Economy,52102,5036,116597,Available
R0005031,S004358,Air India,Flying Returns,Business,96389,16489,195589,Available
R0005032,S004358,Air Canada,Aeroplan,Business,132859,3511,226150,Available
R0005033,S004360,Emirates,Skywards,Economy,54462,13028,114343,Available
R0005034,S004360,Qatar Airways,Privilege Club,Economy,64895,5917,204187,Available
R0005035,S004360,United Airlines,MileagePlus,Economy,45444,4552,113631,Available
R0005036,S004362,Air Canada,Aeroplan,Business,94286,14082,308647,Available
R0005037,S004362,Singapore Airlines,KrisFlyer,Business,143913,17142,444410,Available
R0005038,S004362,United Airlines,MileagePlus,Business,77669,3886,152244,Available
R0005039,S004363,Singapore Airlines,KrisFlyer,Business,117392,13685,302151,Available
R0005040,S004363,United Airlines,MileagePlus,Business,129404,3781,242643,Available
R0005041,S004365,United Airlines,MileagePlus,Economy,57177,13464,165670,Available
R0005042,S004366,Singapore Airlines,KrisFlyer,Business,137044,6412,427468,Available
R0005043,S004366,Lufthansa,Miles & More,Business,66800,9759,141632,Available
R0005044,S004367,United Airlines,MileagePlus,Economy,47039,8416,148676,Available
R0005045,S004368,Singapore Airlines,KrisFlyer,Business,84947,5352,275392,Available
R0005046,S004368,Emirates,Skywards,Business,60496,9978,165830,Available
R0005047,S004368,Qatar Airways,Privilege Club,Business,139393,12852,283331,Available
R0005048,S004369,Emirates,Skywards,Economy,48827,4816,100799,Available
R0005049,S004369,Etihad Airways,Etihad Guest,Economy,62170,16884,194555,Available
R0005050,S004370,Air India,Flying Returns,Economy,64394,6751,125839,Available
R0005051,S004371,Singapore Airlines,KrisFlyer,Economy,39326,13064,98232,Available
R0005052,S004371,Emirates,Skywards,Economy,46016,17821,164640,Available
R0005053,S004372,United Airlines,MileagePlus,Business,62210,8856,201142,Available
R0005054,S004373,Etihad Airways,Etihad Guest,Business,126829,11681,365426,Available
R0005055,S004373,Lufthansa,Miles & More,Business,128617,11077,297765,Available
R0005056,S004373,Air India,Flying Returns,Business,135328,15965,251207,Available
R0005057,S004374,Air Canada,Aeroplan,Economy,47710,14003,153248,Available
R0005058,S004374,Singapore Airlines,KrisFlyer,Economy,50850,4007,87938,Available
R0005059,S004377,Air Canada,Aeroplan,Business,134880,9973,245099,Available
R0005060,S004378,Etihad Airways,Etihad Guest,Economy,25881,9606,67165,Available
R0005061,S004379,Air India,Flying Returns,Economy,46689,14059,136308,Available
R0005062,S004381,Singapore Airlines,KrisFlyer,Business,83304,7490,191261,Available
R0005063,S004381,United Airlines,MileagePlus,Business,77230,16260,186244,Available
R0005064,S004381,Emirates,Skywards,Business,142868,8709,411841,Available
R0005065,S004383,Air India,Flying Returns,Economy,62222,3879,201277,Available
R0005066,S004383,Qatar Airways,Privilege Club,Economy,46095,4069,111019,Available
R0005067,S004383,Lufthansa,Miles & More,Economy,57208,3844,124494,Available
R0005068,S004384,Lufthansa,Miles & More,First,205174,7024,558008,Available
R0005069,S004385,Qatar Airways,Privilege Club,First,134129,8841,361601,Available
R0005070,S004386,United Airlines,MileagePlus,Economy,64565,9544,159351,Available
R0005071,S004388,Singapore Airlines,KrisFlyer,Business,75929,5258,242856,Available
R0005072,S004389,Etihad Airways,Etihad Guest,First,202088,10610,431148,Available
R0005073,S004389,Lufthansa,Miles & More,First,156015,14361,410486,Available
R0005074,S004390,Air Canada,Aeroplan,Economy,63259,16199,118027,Available
R0005075,S004390,Etihad Airways,Etihad Guest,Economy,54494,12595,176092,Available
R0005076,S004393,Qatar Airways,Privilege Club,Economy,46584,5928,152363,Available
R0005077,S004393,Air Canada,Aeroplan,Economy,29956,15253,83546,Available
R0005078,S004394,Singapore Airlines,KrisFlyer,Business,87260,14465,167634,Available
R0005079,S004395,Etihad Airways,Etihad Guest,Economy,55671,9920,169458,Available
R0005080,S004397,Air India,Flying Returns,Economy,27331,9521,59764,Available
R0005081,S004398,Etihad Airways,Etihad Guest,First,176514,4043,305629,Available
R0005082,S004398,Singapore Airlines,KrisFlyer,First,174691,15472,558085,Available
R0005083,S004400,Air Canada,Aeroplan,Business,94931,4640,228927,Available
R0005084,S004400,Emirates,Skywards,Business,82652,11724,208723,Available
R0005085,S004401,Lufthansa,Miles & More,Business,132810,6645,431058,Available
R0005086,S004401,Air India,Flying Returns,Business,78632,13077,146242,Available
R0005087,S004402,Etihad Airways,Etihad Guest,Economy,55059,4857,180355,Available
R0005088,S004402,United Airlines,MileagePlus,Economy,44589,9865,140650,Available
R0005089,S004403,Air Canada,Aeroplan,Economy,52240,6730,98220,Available
R0005090,S004403,Lufthansa,Miles & More,Economy,38958,5096,116494,Available
R0005091,S004403,Etihad Airways,Etihad Guest,Economy,35043,14563,79112,Available
R0005092,S004404,Lufthansa,Miles & More,Business,85377,9543,194405,Available
R0005093,S004404,United Airlines,MileagePlus,Business,85963,8656,201897,Available
R0005094,S004404,Singapore Airlines,KrisFlyer,Business,142545,11588,310526,Available
R0005095,S004405,Emirates,Skywards,First,194291,17843,612614,Available
R0005096,S004405,Singapore Airlines,KrisFlyer,First,197612,14290,570232,Available
R0005097,S004406,Lufthansa,Miles & More,Economy,38755,9273,96210,Available
R0005098,S004408,Air Canada,Aeroplan,Economy,34799,13877,109326,Available
R0005099,S004408,United Airlines,MileagePlus,Economy,45759,15964,89455,Available
R0005100,S004411,Singapore Airlines,KrisFlyer,Business,91980,17440,262691,Available
R0005101,S004411,Emirates,Skywards,Business,139404,3987,395085,Available
R0005102,S004413,Lufthansa,Miles & More,Economy,44344,15477,114636,Available
R0005103,S004413,Air Canada,Aeroplan,Economy,31154,14140,83709,Available
R0005104,S004414,United Airlines,MileagePlus,Business,119522,5295,201427,Available
R0005105,S004416,Lufthansa,Miles & More,Economy,57604,4416,125785,Available
R0005106,S004417,Singapore Airlines,KrisFlyer,Business,124870,16985,361130,Available
R0005107,S004418,Etihad Airways,Etihad Guest,Economy,53846,14142,171007,Available
R0005108,S004420,Air India,Flying Returns,Business,98804,17694,259217,Available
R0005109,S004421,Singapore Airlines,KrisFlyer,Business,75408,12776,154760,Available
R0005110,S004421,Air Canada,Aeroplan,Business,71851,13495,194269,Available
R0005111,S004422,Singapore Airlines,KrisFlyer,Economy,26771,10527,68924,Available
R0005112,S004422,Lufthansa,Miles & More,Economy,36784,13578,120649,Available
R0005113,S004423,Air Canada,Aeroplan,Business,147269,4734,460785,Available
R0005114,S004426,Air Canada,Aeroplan,Economy,30676,15102,112395,Available
R0005115,S004427,Lufthansa,Miles & More,Business,81380,15003,268581,Available
R0005116,S004428,Emirates,Skywards,Business,99847,5568,276350,Available
R0005117,S004429,Air India,Flying Returns,Economy,51643,11225,131190,Available
R0005118,S004429,Emirates,Skywards,Economy,32048,11154,111181,Available
R0005119,S004429,Qatar Airways,Privilege Club,Economy,35156,6225,89828,Available
R0005120,S004430,Lufthansa,Miles & More,Business,125181,12423,336211,Available
R0005121,S004430,Singapore Airlines,KrisFlyer,Business,77128,9667,168913,Available
R0005122,S004431,Air Canada,Aeroplan,Economy,35834,13538,127657,Available
R0005123,S004432,United Airlines,MileagePlus,Economy,46135,5539,125752,Available
R0005124,S004432,Air India,Flying Returns,Economy,64952,13572,179922,Available
R0005125,S004434,Lufthansa,Miles & More,Economy,29586,16053,64837,Available
R0005126,S004436,Emirates,Skywards,Economy,49825,12576,99483,Available
R0005127,S004437,Lufthansa,Miles & More,Business,79582,8793,145072,Available
R0005128,S004437,Air Canada,Aeroplan,Business,138910,9242,251946,Available
R0005129,S004438,Singapore Airlines,KrisFlyer,Economy,39874,16169,96269,Available
R0005130,S004438,Etihad Airways,Etihad Guest,Economy,42088,12592,106796,Available
R0005131,S004438,Air India,Flying Returns,Economy,37339,14076,119250,Available
R0005132,S004439,Lufthansa,Miles & More,First,143592,17219,284192,Available
R0005133,S004440,Air Canada,Aeroplan,Economy,48140,16577,122287,Available
R0005134,S004441,United Airlines,MileagePlus,Business,98658,7182,302128,Available
R0005135,S004442,Qatar Airways,Privilege Club,Economy,43502,16702,95687,Available
R0005136,S004442,Singapore Airlines,KrisFlyer,Economy,53892,13385,175434,Available
R0005137,S004442,United Airlines,MileagePlus,Economy,25540,6747,66552,Available
R0005138,S004443,Air Canada,Aeroplan,Economy,44982,10367,116480,Available
R0005139,S004444,Lufthansa,Miles & More,Business,123344,13113,390134,Available
R0005140,S004444,United Airlines,MileagePlus,Business,128741,17467,278364,Available
R0005141,S004445,Air Canada,Aeroplan,Economy,34570,8244,92875,Available
R0005142,S004446,Lufthansa,Miles & More,Economy,63168,7296,168501,Available
R0005143,S004446,Qatar Airways,Privilege Club,Economy,52360,15581,146422,Available
R0005144,S004446,United Airlines,MileagePlus,Economy,39770,7696,85554,Available
R0005145,S004447,Lufthansa,Miles & More,Economy,64475,13420,125826,Available
R0005146,S004447,Singapore Airlines,KrisFlyer,Economy,62782,3807,129092,Available
R0005147,S004448,Singapore Airlines,KrisFlyer,Economy,28412,8738,99451,Available
R0005148,S004449,Air Canada,Aeroplan,Economy,53909,11188,172864,Available
R0005149,S004452,Etihad Airways,Etihad Guest,Economy,38224,12161,95470,Available
R0005150,S004453,Lufthansa,Miles & More,Economy,52437,8731,120164,Available
R0005151,S004453,Qatar Airways,Privilege Club,Economy,31414,15077,101303,Available
R0005152,S004455,Air Canada,Aeroplan,Economy,34754,16307,118733,Available
R0005153,S004455,Etihad Airways,Etihad Guest,Economy,41554,10019,80106,Available
R0005154,S004455,Emirates,Skywards,Economy,56926,17840,128094,Available
R0005155,S004457,Air Canada,Aeroplan,Business,105811,4528,181034,Available
R0005156,S004459,Emirates,Skywards,Economy,36776,12451,97179,Available
R0005157,S004460,Air India,Flying Returns,Business,69334,3561,137294,Available
R0005158,S004461,Singapore Airlines,KrisFlyer,Economy,26636,12252,74839,Available
R0005159,S004462,Singapore Airlines,KrisFlyer,Economy,43999,12383,123824,Available
R0005160,S004462,Qatar Airways,Privilege Club,Economy,37447,13603,100045,Available
R0005161,S004465,Qatar Airways,Privilege Club,Economy,54157,4170,126111,Available
R0005162,S004465,Lufthansa,Miles & More,Economy,38305,4720,81040,Available
R0005163,S004468,Lufthansa,Miles & More,Business,102041,14448,303913,Available
R0005164,S004470,Qatar Airways,Privilege Club,Business,107365,13038,224343,Available
R0005165,S004470,Air India,Flying Returns,Business,103957,6787,223666,Available
R0005166,S004471,United Airlines,MileagePlus,Business,146559,10412,324292,Available
R0005167,S004473,Etihad Airways,Etihad Guest,Business,122359,5396,344987,Available
R0005168,S004474,Air India,Flying Returns,Business,116838,12422,273049,Available
R0005169,S004474,Singapore Airlines,KrisFlyer,Business,131819,16101,363506,Available
R0005170,S004474,Emirates,Skywards,Business,77616,16611,217604,Available
R0005171,S004476,Etihad Airways,Etihad Guest,Business,72623,17667,166702,Available
R0005172,S004477,Air Canada,Aeroplan,Business,110579,9188,205301,Available
R0005173,S004477,Air India,Flying Returns,Business,135893,5884,242258,Available
R0005174,S004478,Qatar Airways,Privilege Club,Business,94159,4520,221264,Available
R0005175,S004478,Etihad Airways,Etihad Guest,Business,126155,12988,390575,Available
R0005176,S004479,United Airlines,MileagePlus,Economy,47957,5216,100565,Available
R0005177,S004479,Qatar Airways,Privilege Club,Economy,60639,16312,198487,Available
R0005178,S004479,Emirates,Skywards,Economy,33164,6901,94593,Available
R0005179,S004481,Singapore Airlines,KrisFlyer,Economy,51013,15083,178014,Available
R0005180,S004484,Emirates,Skywards,Economy,61048,7785,178715,Available
R0005181,S004486,Emirates,Skywards,Economy,63194,8991,152453,Available
R0005182,S004487,Air Canada,Aeroplan,Economy,58187,3761,118111,Available
R0005183,S004488,Air India,Flying Returns,Business,109076,4131,312439,Available
R0005184,S004489,Etihad Airways,Etihad Guest,Business,117446,11159,270728,Available
R0005185,S004489,Air Canada,Aeroplan,Business,123119,10252,346652,Available
R0005186,S004489,United Airlines,MileagePlus,Business,122700,5639,222905,Available
R0005187,S004491,Emirates,Skywards,Economy,50016,10364,108232,Available
R0005188,S004492,Singapore Airlines,KrisFlyer,Economy,30001,14927,96501,Available
R0005189,S004492,United Airlines,MileagePlus,Economy,34184,12649,116192,Available
R0005190,S004494,Qatar Airways,Privilege Club,Economy,27593,8972,75908,Available
R0005191,S004494,Lufthansa,Miles & More,Economy,50931,17014,119604,Available
R0005192,S004495,Etihad Airways,Etihad Guest,Business,114819,13928,219878,Available
R0005193,S004495,Singapore Airlines,KrisFlyer,Business,122843,7340,370221,Available
R0005194,S004496,Air India,Flying Returns,Economy,32620,3502,106506,Available
R0005195,S004496,Etihad Airways,Etihad Guest,Economy,26267,5974,64041,Available
R0005196,S004497,Lufthansa,Miles & More,First,216200,5962,476493,Available
R0005197,S004498,Singapore Airlines,KrisFlyer,Economy,43167,17251,114433,Available
R0005198,S004498,Air Canada,Aeroplan,Economy,41467,8661,78924,Available
R0005199,S004501,Qatar Airways,Privilege Club,Business,129735,16828,429722,Available
R0005200,S004502,Lufthansa,Miles & More,Business,65313,11132,204200,Available
R0005201,S004502,Singapore Airlines,KrisFlyer,Business,119021,4727,332219,Available
R0005202,S004504,Air Canada,Aeroplan,Economy,37549,10554,103225,Available
R0005203,S004504,United Airlines,MileagePlus,Economy,41977,14588,119867,Available
R0005204,S004505,Air India,Flying Returns,Business,72928,12865,187381,Available
R0005205,S004507,Air Canada,Aeroplan,Business,99483,6933,247320,Available
R0005206,S004511,Air Canada,Aeroplan,Economy,35482,13033,117159,Available
R0005207,S004511,Emirates,Skywards,Economy,46953,5055,129139,Available
R0005208,S004512,Etihad Airways,Etihad Guest,Economy,29247,9550,73117,Available
R0005209,S004512,Emirates,Skywards,Economy,30333,7227,77892,Available
R0005210,S004513,Emirates,Skywards,Economy,37056,4035,67294,Available
R0005211,S004513,Lufthansa,Miles & More,Economy,45156,10256,118418,Available
R0005212,S004514,Singapore Airlines,KrisFlyer,Business,81972,8767,189956,Available
R0005213,S004518,Singapore Airlines,KrisFlyer,Business,103194,11145,204612,Available
R0005214,S004518,Emirates,Skywards,Business,146048,17635,370012,Available
R0005215,S004518,Air India,Flying Returns,Business,70096,10448,131050,Available
R0005216,S004519,United Airlines,MileagePlus,Economy,39788,14405,83019,Available
R0005217,S004519,Emirates,Skywards,Economy,56611,5073,111145,Available
R0005218,S004519,Air India,Flying Returns,Economy,61018,16186,154747,Available
R0005219,S004521,Air India,Flying Returns,Business,133914,11018,335289,Available
R0005220,S004521,United Airlines,MileagePlus,Business,103972,10665,239391,Available
R0005221,S004522,Etihad Airways,Etihad Guest,Economy,62942,12285,202550,Available
R0005222,S004522,Emirates,Skywards,Economy,50085,7068,125859,Available
R0005223,S004524,Lufthansa,Miles & More,Economy,59559,15821,150614,Available
R0005224,S004525,Air India,Flying Returns,Business,103251,16880,335009,Available
R0005225,S004526,Singapore Airlines,KrisFlyer,Economy,64221,14593,139611,Available
R0005226,S004526,Lufthansa,Miles & More,Economy,51009,16382,110311,Available
R0005227,S004529,Lufthansa,Miles & More,Business,63641,14226,198539,Available
R0005228,S004529,Qatar Airways,Privilege Club,Business,81253,8283,186637,Available
R0005229,S004531,Singapore Airlines,KrisFlyer,Economy,36842,3781,104976,Available
R0005230,S004532,Air India,Flying Returns,Business,109515,10885,360151,Available
R0005231,S004532,Qatar Airways,Privilege Club,Business,140838,7565,312923,Available
R0005232,S004533,United Airlines,MileagePlus,Business,126126,17633,396150,Available
R0005233,S004533,Emirates,Skywards,Business,149067,15207,298906,Available
R0005234,S004534,Air Canada,Aeroplan,Business,78457,7508,173953,Available
R0005235,S004536,Etihad Airways,Etihad Guest,Economy,30271,14139,88714,Available
R0005236,S004537,United Airlines,MileagePlus,Business,103959,10278,335639,Available
R0005237,S004538,Air Canada,Aeroplan,Economy,29123,10316,70623,Available
R0005238,S004539,Air India,Flying Returns,First,218850,12506,708673,Available
R0005239,S004541,Qatar Airways,Privilege Club,Business,106093,8724,274065,Available
R0005240,S004541,Singapore Airlines,KrisFlyer,Business,135984,16880,338570,Available
R0005241,S004544,Etihad Airways,Etihad Guest,Economy,51474,13593,172326,Available
R0005242,S004545,Qatar Airways,Privilege Club,Business,81228,7482,198160,Available
R0005243,S004546,United Airlines,MileagePlus,Economy,36712,3808,117647,Available
R0005244,S004547,Lufthansa,Miles & More,Economy,58751,14848,133041,Available
R0005245,S004549,Emirates,Skywards,Economy,60946,6196,175878,Available
R0005246,S004549,Air Canada,Aeroplan,Economy,62769,14428,196637,Available
R0005247,S004551,United Airlines,MileagePlus,Economy,52395,3736,109321,Available
R0005248,S004552,Lufthansa,Miles & More,Business,87077,6698,195165,Available
R0005249,S004553,Lufthansa,Miles & More,Business,136144,11089,264922,Available
R0005250,S004555,United Airlines,MileagePlus,Economy,32017,15632,101229,Available
R0005251,S004555,Air Canada,Aeroplan,Economy,39392,6975,71229,Available
R0005252,S004555,Etihad Airways,Etihad Guest,Economy,35833,15837,76678,Available
R0005253,S004556,Emirates,Skywards,Economy,25169,8857,62710,Available
R0005254,S004556,Qatar Airways,Privilege Club,Economy,54861,3919,119246,Available
R0005255,S004557,United Airlines,MileagePlus,First,124070,7333,226437,Available
R0005256,S004557,Qatar Airways,Privilege Club,First,212600,8086,487458,Available
R0005257,S004558,Emirates,Skywards,Economy,40158,3951,72152,Available
R0005258,S004559,United Airlines,MileagePlus,Economy,56996,12405,171683,Available
R0005259,S004560,Etihad Airways,Etihad Guest,Business,100462,4081,277575,Available
R0005260,S004561,Qatar Airways,Privilege Club,Economy,64075,15727,213426,Available
R0005261,S004561,Air Canada,Aeroplan,Economy,35342,16191,99518,Available
R0005262,S004562,United Airlines,MileagePlus,First,156682,12682,348433,Available
R0005263,S004563,Air India,Flying Returns,Business,101942,7126,250540,Available
R0005264,S004565,Emirates,Skywards,Business,107342,16453,237021,Available
R0005265,S004566,Etihad Airways,Etihad Guest,Economy,62620,14577,153789,Available
R0005266,S004568,Qatar Airways,Privilege Club,Business,147476,15038,446708,Available
R0005267,S004571,Air India,Flying Returns,Business,113469,9694,215900,Available
R0005268,S004571,Qatar Airways,Privilege Club,Business,130526,6006,226200,Available
R0005269,S004574,Lufthansa,Miles & More,Economy,45776,10490,91965,Available
R0005270,S004574,Air Canada,Aeroplan,Economy,26947,4105,85824,Available
R0005271,S004575,Air India,Flying Returns,Economy,25729,13686,73914,Available
R0005272,S004575,Etihad Airways,Etihad Guest,Economy,39191,3510,78827,Available
R0005273,S004575,Singapore Airlines,KrisFlyer,Economy,64807,14040,144150,Available
R0005274,S004577,Singapore Airlines,KrisFlyer,Economy,46386,16384,123223,Available
R0005275,S004577,Air Canada,Aeroplan,Economy,39897,16135,133774,Available
R0005276,S004578,Air Canada,Aeroplan,Business,128129,15819,408398,Available
R0005277,S004578,Etihad Airways,Etihad Guest,Business,137380,16339,269444,Available
R0005278,S004579,Emirates,Skywards,Economy,63112,17413,119587,Available
R0005279,S004579,Air India,Flying Returns,Economy,61278,4558,135049,Available
R0005280,S004581,Air India,Flying Returns,First,163072,15784,410596,Available
R0005281,S004582,Etihad Airways,Etihad Guest,Business,91247,6959,195987,Available
R0005282,S004583,United Airlines,MileagePlus,Business,81365,5900,162239,Available
R0005283,S004583,Qatar Airways,Privilege Club,Business,70387,12452,181005,Available
R0005284,S004584,Qatar Airways,Privilege Club,Business,132809,12812,309747,Available
R0005285,S004584,Emirates,Skywards,Business,128144,4945,231333,Available
R0005286,S004585,Etihad Airways,Etihad Guest,First,194253,16954,346134,Available
R0005287,S004585,United Airlines,MileagePlus,First,158059,12642,434424,Available
R0005288,S004585,Lufthansa,Miles & More,First,173095,16872,341441,Available
R0005289,S004587,Air India,Flying Returns,Economy,49928,13778,158411,Available
R0005290,S004588,Etihad Airways,Etihad Guest,First,185746,14465,554239,Available
R0005291,S004588,Singapore Airlines,KrisFlyer,First,179189,3596,308839,Available
R0005292,S004588,Air India,Flying Returns,First,146487,15410,385675,Available
R0005293,S004589,Lufthansa,Miles & More,Economy,35461,11612,106388,Available
R0005294,S004590,United Airlines,MileagePlus,Economy,38278,10951,120352,Available
R0005295,S004590,Lufthansa,Miles & More,Economy,45203,17955,93713,Available
R0005296,S004593,Singapore Airlines,KrisFlyer,Business,101825,12089,315077,Available
R0005297,S004593,Emirates,Skywards,Business,95173,14539,229422,Available
R0005298,S004594,Emirates,Skywards,Economy,57861,8914,109148,Available
R0005299,S004594,Lufthansa,Miles & More,Economy,46963,3710,143306,Available
R0005300,S004594,United Airlines,MileagePlus,Economy,53691,11712,161744,Available
R0005301,S004596,Air Canada,Aeroplan,Economy,55236,5662,171632,Available
R0005302,S004596,Etihad Airways,Etihad Guest,Economy,27667,13300,94469,Available
R0005303,S004599,Etihad Airways,Etihad Guest,Economy,54847,17185,120390,Available
R0005304,S004599,Emirates,Skywards,Economy,40854,11689,106171,Available
R0005305,S004604,Singapore Airlines,KrisFlyer,Economy,48664,8855,157200,Available
R0005306,S004604,Air Canada,Aeroplan,Economy,38862,13580,111970,Available
R0005307,S004605,Emirates,Skywards,Economy,51264,13499,158006,Available
R0005308,S004608,Singapore Airlines,KrisFlyer,First,114187,12589,199346,Available
R0005309,S004608,Etihad Airways,Etihad Guest,First,178114,9451,385280,Available
R0005310,S004610,United Airlines,MileagePlus,Business,146307,14176,272593,Available
R0005311,S004610,Qatar Airways,Privilege Club,Business,66671,7645,171135,Available
R0005312,S004611,Singapore Airlines,KrisFlyer,Business,140519,5737,416590,Available
R0005313,S004611,Emirates,Skywards,Business,81512,10523,182949,Available
R0005314,S004612,Singapore Airlines,KrisFlyer,Economy,44597,14258,154190,Available
R0005315,S004613,United Airlines,MileagePlus,First,205070,12306,384191,Available
R0005316,S004613,Emirates,Skywards,First,201321,8283,366189,Available
R0005317,S004618,Singapore Airlines,KrisFlyer,Economy,31198,8243,92519,Available
R0005318,S004618,United Airlines,MileagePlus,Economy,48607,12642,92478,Available
R0005319,S004619,Lufthansa,Miles & More,Economy,29290,5836,76581,Available
R0005320,S004619,Emirates,Skywards,Economy,54100,11886,127662,Available
R0005321,S004620,Air India,Flying Returns,Business,83194,6125,233583,Available
R0005322,S004620,Air Canada,Aeroplan,Business,69510,9045,153312,Available
R0005323,S004623,Etihad Airways,Etihad Guest,Business,139773,7856,424637,Available
R0005324,S004623,United Airlines,MileagePlus,Business,133222,9493,328007,Available
R0005325,S004624,Qatar Airways,Privilege Club,Business,144908,17087,417985,Available
R0005326,S004624,Singapore Airlines,KrisFlyer,Business,107901,14401,265100,Available
R0005327,S004625,Emirates,Skywards,Economy,26798,9302,82769,Available
R0005328,S004625,Etihad Airways,Etihad Guest,Economy,46997,6816,144883,Available
R0005329,S004626,Etihad Airways,Etihad Guest,Economy,50541,13474,108018,Available
R0005330,S004626,Emirates,Skywards,Economy,36441,16958,124083,Available
R0005331,S004627,Etihad Airways,Etihad Guest,Economy,50565,14970,143193,Available
R0005332,S004627,Emirates,Skywards,Economy,32624,5158,83389,Available
R0005333,S004629,Qatar Airways,Privilege Club,Business,139764,17748,253091,Available
R0005334,S004629,Air India,Flying Returns,Business,109419,9878,249299,Available
R0005335,S004629,Lufthansa,Miles & More,Business,131894,8051,427148,Available
R0005336,S004630,Etihad Airways,Etihad Guest,Economy,40910,15115,121212,Available
R0005337,S004630,United Airlines,MileagePlus,Economy,46492,12371,131316,Available
R0005338,S004630,Emirates,Skywards,Economy,30398,7021,104114,Available
R0005339,S004632,Singapore Airlines,KrisFlyer,Business,80435,14432,196734,Available
R0005340,S004637,Singapore Airlines,KrisFlyer,Economy,44169,3996,131571,Available
R0005341,S004637,Qatar Airways,Privilege Club,Economy,26676,4168,55924,Available
R0005342,S004638,Etihad Airways,Etihad Guest,Economy,36821,12804,124237,Available
R0005343,S004638,Emirates,Skywards,Economy,44497,16475,93320,Available
R0005344,S004638,Singapore Airlines,KrisFlyer,Economy,56192,13185,180034,Available
R0005345,S004641,Qatar Airways,Privilege Club,Business,66898,16598,220300,Available
R0005346,S004642,Etihad Airways,Etihad Guest,Economy,36482,4165,109677,Available
R0005347,S004642,Air India,Flying Returns,Economy,62304,16364,170935,Available
R0005348,S004642,Lufthansa,Miles & More,Economy,39386,16063,118964,Available
R0005349,S004648,Singapore Airlines,KrisFlyer,Economy,38186,10796,96274,Available
R0005350,S004648,Qatar Airways,Privilege Club,Economy,25576,14747,89394,Available
R0005351,S004649,Singapore Airlines,KrisFlyer,First,160108,10134,475523,Available
R0005352,S004649,United Airlines,MileagePlus,First,112059,15349,345584,Available
R0005353,S004649,Emirates,Skywards,First,164759,11602,484874,Available
R0005354,S004650,Etihad Airways,Etihad Guest,Economy,29815,5758,66479,Available
R0005355,S004650,United Airlines,MileagePlus,Economy,33298,12362,75479,Available
R0005356,S004651,Air Canada,Aeroplan,Economy,57925,9238,164006,Available
R0005357,S004654,Air India,Flying Returns,Economy,32662,4541,75291,Available
R0005358,S004655,Air Canada,Aeroplan,Economy,53782,11808,138262,Available
R0005359,S004657,Air Canada,Aeroplan,Economy,42195,12000,79743,Available
R0005360,S004657,United Airlines,MileagePlus,Economy,30637,14806,104983,Available
R0005361,S004658,Lufthansa,Miles & More,Economy,57931,14073,172236,Available
R0005362,S004658,Etihad Airways,Etihad Guest,Economy,60576,13405,168653,Available
R0005363,S004660,Air India,Flying Returns,Business,79722,10286,241102,Available
R0005364,S004662,Singapore Airlines,KrisFlyer,Business,68143,10273,169899,Available
R0005365,S004663,Etihad Airways,Etihad Guest,Business,74440,14556,207810,Available
R0005366,S004664,Lufthansa,Miles & More,Business,93605,4407,254625,Available
R0005367,S004664,Air Canada,Aeroplan,Business,134351,10326,437669,Available
R0005368,S004665,Air India,Flying Returns,Economy,63355,3844,203239,Available
R0005369,S004669,United Airlines,MileagePlus,Economy,49589,15570,137402,Available
R0005370,S004669,Lufthansa,Miles & More,Economy,48964,8360,159157,Available
R0005371,S004669,Air Canada,Aeroplan,Economy,25010,7751,64052,Available
R0005372,S004670,Singapore Airlines,KrisFlyer,Business,120376,10625,351857,Available
R0005373,S004670,Lufthansa,Miles & More,Business,119421,4999,341075,Available
R0005374,S004671,Air India,Flying Returns,Economy,39376,16090,133169,Available
R0005375,S004672,Air India,Flying Returns,Economy,34109,11896,102150,Available
R0005376,S004672,Singapore Airlines,KrisFlyer,Economy,48000,7342,141116,Available
R0005377,S004674,Singapore Airlines,KrisFlyer,Economy,61434,15966,186017,Available
R0005378,S004675,Lufthansa,Miles & More,Economy,46952,4373,86790,Available
R0005379,S004676,Lufthansa,Miles & More,Business,85455,17492,194600,Available
R0005380,S004676,Air Canada,Aeroplan,Business,148495,15621,430040,Available
R0005381,S004677,Air Canada,Aeroplan,Business,131099,14234,425400,Available
R0005382,S004680,Air India,Flying Returns,First,213051,14486,478508,Available
R0005383,S004680,Air Canada,Aeroplan,First,134219,6343,236669,Available
R0005384,S004682,Air India,Flying Returns,Economy,49426,12036,96802,Available
R0005385,S004683,Etihad Airways,Etihad Guest,Business,127265,7008,316285,Available
R0005386,S004683,Air Canada,Aeroplan,Business,86071,6605,217701,Available
R0005387,S004684,Lufthansa,Miles & More,Business,113698,4286,237328,Available
R0005388,S004686,Lufthansa,Miles & More,Economy,62939,16800,198974,Available
R0005389,S004686,Air India,Flying Returns,Economy,60535,11975,147125,Available
R0005390,S004687,Air Canada,Aeroplan,Economy,53108,9367,167593,Available
R0005391,S004687,Qatar Airways,Privilege Club,Economy,62065,10668,181896,Available
R0005392,S004688,Etihad Airways,Etihad Guest,Business,84946,13791,273850,Available
R0005393,S004688,United Airlines,MileagePlus,Business,146481,16591,359655,Available
R0005394,S004688,Air Canada,Aeroplan,Business,85186,3567,253092,Available
R0005395,S004689,United Airlines,MileagePlus,Economy,35502,12260,73255,Available
R0005396,S004690,Lufthansa,Miles & More,Economy,41971,4406,90586,Available
R0005397,S004690,Air India,Flying Returns,Economy,43085,7394,127336,Available
R0005398,S004691,Air India,Flying Returns,Business,82391,11950,205237,Available
R0005399,S004691,Emirates,Skywards,Business,118801,7953,378469,Available
R0005400,S004694,Lufthansa,Miles & More,Economy,37125,12495,93403,Available
R0005401,S004694,United Airlines,MileagePlus,Economy,64502,7555,145592,Available
R0005402,S004695,United Airlines,MileagePlus,Business,63348,10053,114272,Available
R0005403,S004695,Emirates,Skywards,Business,116780,4077,326195,Available
R0005404,S004698,Qatar Airways,Privilege Club,Business,131933,15367,317917,Available
R0005405,S004699,Qatar Airways,Privilege Club,Business,84772,7574,191374,Available
R0005406,S004700,Etihad Airways,Etihad Guest,Business,128725,16172,427534,Available
R0005407,S004701,Etihad Airways,Etihad Guest,Business,127768,6505,228402,Available
R0005408,S004701,Emirates,Skywards,Business,90770,6279,206713,Available
R0005409,S004702,United Airlines,MileagePlus,Economy,42760,3882,127483,Available
R0005410,S004702,Air India,Flying Returns,Economy,45287,16287,149202,Available
R0005411,S004704,Air Canada,Aeroplan,Business,130851,11037,306594,Available
R0005412,S004704,Emirates,Skywards,Business,147331,15089,437050,Available
R0005413,S004704,Qatar Airways,Privilege Club,Business,70764,10179,191260,Available
R0005414,S004706,United Airlines,MileagePlus,Business,144759,10545,433211,Available
R0005415,S004708,Etihad Airways,Etihad Guest,Economy,57864,16969,147904,Available
R0005416,S004708,Air Canada,Aeroplan,Economy,30666,9979,62648,Available
R0005417,S004709,Qatar Airways,Privilege Club,Economy,50416,8134,97529,Available
R0005418,S004710,United Airlines,MileagePlus,Economy,31863,11460,73392,Available
R0005419,S004712,Lufthansa,Miles & More,Business,97584,4077,267096,Available
R0005420,S004712,Emirates,Skywards,Business,112364,7638,264094,Available
R0005421,S004714,Emirates,Skywards,Economy,33817,15276,98763,Available
R0005422,S004717,Etihad Airways,Etihad Guest,Business,91614,4604,166881,Available
R0005423,S004717,Singapore Airlines,KrisFlyer,Business,99207,4257,173989,Available
R0005424,S004719,Qatar Airways,Privilege Club,Business,103425,5920,233803,Available
R0005425,S004720,United Airlines,MileagePlus,Economy,55369,11517,142881,Available
R0005426,S004720,Qatar Airways,Privilege Club,Economy,44042,4168,141683,Available
R0005427,S004721,Air Canada,Aeroplan,Economy,31293,15232,100917,Available
R0005428,S004721,Qatar Airways,Privilege Club,Economy,37952,15213,102682,Available
R0005429,S004725,Singapore Airlines,KrisFlyer,Economy,62928,14882,199026,Available
R0005430,S004725,Emirates,Skywards,Economy,40141,6804,102108,Available
R0005431,S004727,Air India,Flying Returns,Economy,33101,11581,77660,Available
R0005432,S004728,Air India,Flying Returns,Economy,61545,8240,196004,Available
R0005433,S004728,Air Canada,Aeroplan,Economy,37386,12592,125249,Available
R0005434,S004729,Singapore Airlines,KrisFlyer,Economy,35951,9486,112115,Available
R0005435,S004729,Qatar Airways,Privilege Club,Economy,57061,8362,155839,Available
R0005436,S004730,Qatar Airways,Privilege Club,Economy,61735,8518,200817,Available
R0005437,S004730,Air Canada,Aeroplan,Economy,36725,12365,113892,Available
R0005438,S004730,Emirates,Skywards,Economy,60266,9182,163085,Available
R0005439,S004731,United Airlines,MileagePlus,Economy,31268,13641,64913,Available
R0005440,S004732,Singapore Airlines,KrisFlyer,Economy,56167,7842,153071,Available
R0005441,S004733,Qatar Airways,Privilege Club,Business,125095,11642,407656,Available
R0005442,S004733,Emirates,Skywards,Business,90163,6797,165859,Available
R0005443,S004733,Etihad Airways,Etihad Guest,Business,114644,16815,265605,Available
R0005444,S004734,Lufthansa,Miles & More,Business,103449,3906,254971,Available
R0005445,S004734,Air Canada,Aeroplan,Business,128891,13885,317916,Available
R0005446,S004737,Qatar Airways,Privilege Club,Economy,27454,5129,63619,Available
R0005447,S004737,Air Canada,Aeroplan,Economy,49060,14452,103864,Available
R0005448,S004739,Lufthansa,Miles & More,Economy,54407,14577,142581,Available
R0005449,S004739,Qatar Airways,Privilege Club,Economy,33337,7158,83971,Available
R0005450,S004741,Air India,Flying Returns,Economy,45872,13980,126648,Available
R0005451,S004742,Lufthansa,Miles & More,Business,134497,10208,289360,Available
R0005452,S004744,Etihad Airways,Etihad Guest,Economy,29120,16469,86620,Available
R0005453,S004744,Qatar Airways,Privilege Club,Economy,27833,5170,90920,Available
R0005454,S004745,Lufthansa,Miles & More,Business,139379,16459,390143,Available
R0005455,S004745,Air India,Flying Returns,Business,79940,15383,243475,Available
R0005456,S004746,Etihad Airways,Etihad Guest,Economy,34703,12424,117096,Available
R0005457,S004747,United Airlines,MileagePlus,Business,135202,4004,369209,Available
R0005458,S004748,Etihad Airways,Etihad Guest,Business,89676,14029,211684,Available
R0005459,S004748,Lufthansa,Miles & More,Business,73444,11254,206648,Available
R0005460,S004749,Qatar Airways,Privilege Club,Business,144435,13212,360359,Available
R0005461,S004750,Lufthansa,Miles & More,Economy,57884,13183,121490,Available
R0005462,S004752,Singapore Airlines,KrisFlyer,Economy,55754,4753,157791,Available
R0005463,S004752,United Airlines,MileagePlus,Economy,53877,4686,99418,Available
R0005464,S004753,Air India,Flying Returns,Economy,52932,9038,112990,Available
R0005465,S004753,Air Canada,Aeroplan,Economy,36891,5740,70439,Available
R0005466,S004754,Qatar Airways,Privilege Club,Business,81017,9249,234232,Available
R0005467,S004755,Lufthansa,Miles & More,Business,73175,4714,149666,Available
R0005468,S004756,Qatar Airways,Privilege Club,Business,97536,7555,306473,Available
R0005469,S004758,Lufthansa,Miles & More,Business,66725,16528,182015,Available
R0005470,S004760,Lufthansa,Miles & More,Economy,31858,9361,61252,Available
R0005471,S004760,Emirates,Skywards,Economy,61296,10099,174343,Available
R0005472,S004760,United Airlines,MileagePlus,Economy,37927,4752,123459,Available
R0005473,S004761,Etihad Airways,Etihad Guest,Business,86501,10441,269922,Available
R0005474,S004761,Air India,Flying Returns,Business,139734,4836,252524,Available
R0005475,S004762,United Airlines,MileagePlus,Economy,46097,12174,96752,Available
R0005476,S004762,Etihad Airways,Etihad Guest,Economy,48503,11235,158570,Available
R0005477,S004763,United Airlines,MileagePlus,Economy,46948,8409,144786,Available
R0005478,S004763,Air Canada,Aeroplan,Economy,60855,17149,178110,Available
R0005479,S004765,United Airlines,MileagePlus,Business,78081,3909,171429,Available
R0005480,S004766,Emirates,Skywards,Business,111477,6704,289300,Available
R0005481,S004767,Etihad Airways,Etihad Guest,Economy,57794,15442,113349,Available
R0005482,S004768,Emirates,Skywards,Business,86417,13365,231550,Available
R0005483,S004770,Etihad Airways,Etihad Guest,First,121144,16284,403418,Available
R0005484,S004770,Air Canada,Aeroplan,First,133401,11886,374482,Available
R0005485,S004771,Emirates,Skywards,Business,103471,12607,321718,Available
R0005486,S004771,Singapore Airlines,KrisFlyer,Business,148178,7221,343059,Available
R0005487,S004772,Air India,Flying Returns,Business,86301,12445,268021,Available
R0005488,S004772,Etihad Airways,Etihad Guest,Business,147701,17148,318394,Available
R0005489,S004773,Singapore Airlines,KrisFlyer,Business,138244,12974,344619,Available
R0005490,S004773,Etihad Airways,Etihad Guest,Business,82309,11029,149549,Available
R0005491,S004774,Qatar Airways,Privilege Club,Economy,28173,6568,74153,Available
R0005492,S004774,Etihad Airways,Etihad Guest,Economy,48616,14978,153603,Available
R0005493,S004775,Singapore Airlines,KrisFlyer,Economy,59200,10869,115371,Available
R0005494,S004776,Lufthansa,Miles & More,Economy,51213,14539,149356,Available
R0005495,S004776,Singapore Airlines,KrisFlyer,Economy,37518,17972,105313,Available
R0005496,S004776,Etihad Airways,Etihad Guest,Economy,53511,6326,104591,Available
R0005497,S004777,Air Canada,Aeroplan,Economy,46953,7766,103939,Available
R0005498,S004777,Lufthansa,Miles & More,Economy,38217,7236,74603,Available
R0005499,S004780,Lufthansa,Miles & More,Economy,44413,8667,95373,Available
R0005500,S004780,Emirates,Skywards,Economy,52366,15264,148742,Available
R0005501,S004782,Etihad Airways,Etihad Guest,Economy,30801,6411,68074,Available
R0005502,S004783,Air India,Flying Returns,Business,132579,12338,370459,Available
R0005503,S004783,Emirates,Skywards,Business,126754,11779,321287,Available
R0005504,S004783,Singapore Airlines,KrisFlyer,Business,109512,3615,197020,Available
R0005505,S004784,Lufthansa,Miles & More,Business,80191,7270,222542,Available
R0005506,S004784,Air Canada,Aeroplan,Business,137736,17819,339139,Available
R0005507,S004784,Singapore Airlines,KrisFlyer,Business,128284,14000,231033,Available
R0005508,S004786,Singapore Airlines,KrisFlyer,Economy,35962,7052,76823,Available
R0005509,S004787,Air India,Flying Returns,Economy,27748,17335,68093,Available
R0005510,S004787,Etihad Airways,Etihad Guest,Economy,44163,16201,148537,Available
R0005511,S004788,Emirates,Skywards,Economy,63296,16938,163932,Available
R0005512,S004788,Etihad Airways,Etihad Guest,Economy,51496,14173,139006,Available
R0005513,S004788,Air Canada,Aeroplan,Economy,45208,4639,121505,Available
R0005514,S004789,Etihad Airways,Etihad Guest,Economy,63021,6024,121387,Available
R0005515,S004790,United Airlines,MileagePlus,Business,82427,4564,235573,Available
R0005516,S004792,Qatar Airways,Privilege Club,Business,140446,15304,432841,Available
R0005517,S004794,Air Canada,Aeroplan,Economy,43950,6479,134148,Available
R0005518,S004795,Qatar Airways,Privilege Club,Economy,39750,8148,134120,Available
R0005519,S004796,Etihad Airways,Etihad Guest,Economy,58838,16705,150120,Available
R0005520,S004796,Air India,Flying Returns,Economy,30070,14542,63809,Available
R0005521,S004798,Qatar Airways,Privilege Club,Business,146802,7247,343326,Available
R0005522,S004798,Air India,Flying Returns,Business,97606,16167,304574,Available
R0005523,S004798,Emirates,Skywards,Business,67719,11837,146818,Available
R0005524,S004799,Qatar Airways,Privilege Club,First,212166,10449,565731,Available
R0005525,S004799,Air Canada,Aeroplan,First,182688,16401,321934,Available
R0005526,S004800,United Airlines,MileagePlus,Business,104809,13601,330180,Available
R0005527,S004800,Emirates,Skywards,Business,85250,10584,279858,Available
R0005528,S004801,Qatar Airways,Privilege Club,Business,117581,15099,286275,Available
R0005529,S004803,Air Canada,Aeroplan,Economy,60931,7563,122822,Available
R0005530,S004804,Emirates,Skywards,Economy,53613,10782,113065,Available
R0005531,S004805,Emirates,Skywards,Economy,29787,14754,106310,Available
R0005532,S004805,Air Canada,Aeroplan,Economy,64396,3707,197381,Available
R0005533,S004807,Etihad Airways,Etihad Guest,Business,145286,13312,378970,Available
R0005534,S004807,United Airlines,MileagePlus,Business,141566,6205,357302,Available
R0005535,S004808,United Airlines,MileagePlus,Economy,58355,10947,191835,Available
R0005536,S004809,Lufthansa,Miles & More,Business,129157,4414,387160,Available
R0005537,S004809,Singapore Airlines,KrisFlyer,Business,102643,14214,277475,Available
R0005538,S004810,Air Canada,Aeroplan,First,177579,12170,315029,Available
R0005539,S004811,Air India,Flying Returns,Economy,29264,4573,88476,Available
R0005540,S004812,United Airlines,MileagePlus,Business,60930,13206,166482,Available
R0005541,S004812,Qatar Airways,Privilege Club,Business,102849,5729,299132,Available
R0005542,S004812,Singapore Airlines,KrisFlyer,Business,68162,6912,136283,Available
R0005543,S004813,Singapore Airlines,KrisFlyer,Economy,25877,10336,79987,Available
R0005544,S004813,Etihad Airways,Etihad Guest,Economy,47631,5363,130982,Available
R0005545,S004814,Emirates,Skywards,Economy,41644,15525,111610,Available
R0005546,S004815,Emirates,Skywards,Business,100790,11520,317702,Available
R0005547,S004815,Singapore Airlines,KrisFlyer,Business,108507,13357,223893,Available
R0005548,S004815,Air India,Flying Returns,Business,82896,9214,238029,Available
R0005549,S004817,United Airlines,MileagePlus,Business,95904,7220,209221,Available
R0005550,S004817,Qatar Airways,Privilege Club,Business,86674,4741,210670,Available
R0005551,S004817,Air India,Flying Returns,Business,68005,11881,179766,Available
R0005552,S004818,United Airlines,MileagePlus,Business,136725,7509,310300,Available
R0005553,S004818,Singapore Airlines,KrisFlyer,Business,81227,3705,255972,Available
R0005554,S004819,Lufthansa,Miles & More,Business,84073,13728,200381,Available
R0005555,S004820,Etihad Airways,Etihad Guest,First,184339,14532,551774,Available
R0005556,S004820,Air India,Flying Returns,First,175637,5196,309964,Available
R0005557,S004820,Emirates,Skywards,First,207070,6092,361480,Available
R0005558,S004821,Air India,Flying Returns,Economy,29448,16742,71974,Available
R0005559,S004821,Emirates,Skywards,Economy,44420,8251,109721,Available
R0005560,S004822,Emirates,Skywards,Economy,49402,8789,154892,Available
R0005561,S004822,Lufthansa,Miles & More,Economy,38939,8755,122260,Available
R0005562,S004823,United Airlines,MileagePlus,Economy,50373,14501,133337,Available
R0005563,S004825,Etihad Airways,Etihad Guest,Economy,40719,6503,97006,Available
R0005564,S004825,Singapore Airlines,KrisFlyer,Economy,39445,15759,79752,Available
R0005565,S004826,Singapore Airlines,KrisFlyer,Business,98270,11710,268192,Available
R0005566,S004826,Lufthansa,Miles & More,Business,80868,7171,147338,Available
R0005567,S004827,Lufthansa,Miles & More,Economy,47503,6939,85429,Available
R0005568,S004829,Etihad Airways,Etihad Guest,Business,149893,7800,394752,Available
R0005569,S004829,Lufthansa,Miles & More,Business,114155,10265,211687,Available
R0005570,S004830,Etihad Airways,Etihad Guest,Economy,27562,4152,59945,Available
R0005571,S004830,Lufthansa,Miles & More,Economy,48690,5979,109965,Available
R0005572,S004831,Lufthansa,Miles & More,Economy,53711,4004,171957,Available
R0005573,S004833,Qatar Airways,Privilege Club,Economy,32196,10174,96868,Available
R0005574,S004835,Qatar Airways,Privilege Club,Economy,61160,6858,171435,Available
R0005575,S004836,Air India,Flying Returns,Business,80615,5782,246587,Available
R0005576,S004836,Etihad Airways,Etihad Guest,Business,103468,9827,329127,Available
R0005577,S004838,Qatar Airways,Privilege Club,Business,72946,10086,179185,Available
R0005578,S004839,Etihad Airways,Etihad Guest,Business,67436,6695,216108,Available
R0005579,S004839,Qatar Airways,Privilege Club,Business,97517,15476,171783,Available
R0005580,S004839,Lufthansa,Miles & More,Business,105138,6165,266016,Available
R0005581,S004840,Qatar Airways,Privilege Club,Economy,34195,8667,94965,Available
R0005582,S004840,Etihad Airways,Etihad Guest,Economy,57408,11387,187809,Available
R0005583,S004841,Air Canada,Aeroplan,Economy,31137,15461,85309,Available
R0005584,S004841,Lufthansa,Miles & More,Economy,42666,13668,89734,Available
R0005585,S004843,Qatar Airways,Privilege Club,First,212958,16315,605225,Available
R0005586,S004843,Lufthansa,Miles & More,First,149106,10657,346829,Available
R0005587,S004843,Air India,Flying Returns,First,210585,17625,635432,Available
R0005588,S004845,Air India,Flying Returns,Economy,51714,14909,119028,Available
R0005589,S004846,Air Canada,Aeroplan,Economy,53462,14672,128420,Available
R0005590,S004846,Etihad Airways,Etihad Guest,Economy,58800,16814,166550,Available
R0005591,S004846,Emirates,Skywards,Economy,52653,3884,120081,Available
R0005592,S004850,Air Canada,Aeroplan,Business,96447,14719,321644,Available
R0005593,S004850,Etihad Airways,Etihad Guest,Business,96869,4052,232675,Available
R0005594,S004851,Lufthansa,Miles & More,Economy,52261,8686,133944,Available
R0005595,S004852,Qatar Airways,Privilege Club,Economy,25310,8272,73782,Available
R0005596,S004853,Singapore Airlines,KrisFlyer,Economy,61512,15672,151286,Available
R0005597,S004854,Lufthansa,Miles & More,Business,114500,8807,233127,Available
R0005598,S004855,Air Canada,Aeroplan,Economy,39615,13279,137204,Available
R0005599,S004857,Emirates,Skywards,Economy,38574,13516,115184,Available
R0005600,S004857,United Airlines,MileagePlus,Economy,47839,16016,128980,Available
R0005601,S004859,Qatar Airways,Privilege Club,Economy,38390,10484,94476,Available
R0005602,S004859,Emirates,Skywards,Economy,57186,15917,127825,Available
R0005603,S004862,Singapore Airlines,KrisFlyer,Business,80858,9372,163311,Available
R0005604,S004862,Etihad Airways,Etihad Guest,Business,139833,14866,350372,Available
R0005605,S004863,Lufthansa,Miles & More,Business,77783,9798,254816,Available
R0005606,S004865,Etihad Airways,Etihad Guest,Economy,36926,15079,124061,Available
R0005607,S004868,Qatar Airways,Privilege Club,Economy,49315,8485,129174,Available
R0005608,S004869,Air Canada,Aeroplan,Business,69005,9468,189258,Available
R0005609,S004871,Etihad Airways,Etihad Guest,Economy,58830,14322,174535,Available
R0005610,S004871,Air Canada,Aeroplan,Economy,44244,6323,115661,Available
R0005611,S004871,Air India,Flying Returns,Economy,28201,9545,55997,Available
R0005612,S004872,Qatar Airways,Privilege Club,Economy,44975,6604,147746,Available
R0005613,S004873,Singapore Airlines,KrisFlyer,Economy,36361,16000,96094,Available
R0005614,S004873,United Airlines,MileagePlus,Economy,60319,14995,206423,Available
R0005615,S004874,United Airlines,MileagePlus,Economy,50216,15898,125674,Available
R0005616,S004875,United Airlines,MileagePlus,Economy,37697,6342,116234,Available
R0005617,S004876,Singapore Airlines,KrisFlyer,Economy,26159,12064,54329,Available
R0005618,S004876,Emirates,Skywards,Economy,39561,5239,106569,Available
R0005619,S004878,Singapore Airlines,KrisFlyer,Economy,57241,3887,166853,Available
R0005620,S004879,Singapore Airlines,KrisFlyer,Business,85773,13027,281188,Available
R0005621,S004880,Air Canada,Aeroplan,Economy,35318,8804,70741,Available
R0005622,S004880,United Airlines,MileagePlus,Economy,43076,7043,114889,Available
R0005623,S004880,Lufthansa,Miles & More,Economy,27376,17832,85011,Available
R0005624,S004882,United Airlines,MileagePlus,Economy,26661,9492,72679,Available
R0005625,S004882,Singapore Airlines,KrisFlyer,Economy,27202,5153,51616,Available
R0005626,S004885,Etihad Airways,Etihad Guest,Economy,41323,10828,120811,Available
R0005627,S004885,Emirates,Skywards,Economy,47975,12180,92924,Available
R0005628,S004887,Etihad Airways,Etihad Guest,First,123439,4436,335458,Available
R0005629,S004887,United Airlines,MileagePlus,First,193952,7922,572693,Available
R0005630,S004888,Emirates,Skywards,Business,86736,14364,169192,Available
R0005631,S004890,United Airlines,MileagePlus,Economy,42493,6479,129094,Available
R0005632,S004892,Lufthansa,Miles & More,Economy,34201,9432,82670,Available
R0005633,S004894,Lufthansa,Miles & More,Economy,49835,4588,98644,Available
R0005634,S004894,United Airlines,MileagePlus,Economy,37928,16293,80670,Available
R0005635,S004894,Air India,Flying Returns,Economy,32743,6301,90824,Available
R0005636,S004895,Qatar Airways,Privilege Club,Business,89622,15899,188205,Available
R0005637,S004895,Air Canada,Aeroplan,Business,98691,12583,233443,Available
R0005638,S004896,Etihad Airways,Etihad Guest,Economy,53252,14331,173385,Available
R0005639,S004896,Air India,Flying Returns,Economy,45594,7255,93066,Available
R0005640,S004897,Emirates,Skywards,Business,129221,12334,251542,Available
R0005641,S004897,Air Canada,Aeroplan,Business,116004,7488,347953,Available
R0005642,S004898,Lufthansa,Miles & More,Economy,32790,15601,78675,Available
R0005643,S004898,United Airlines,MileagePlus,Economy,26382,13276,62259,Available
R0005644,S004899,Air India,Flying Returns,Economy,33428,17397,123528,Available
R0005645,S004899,Lufthansa,Miles & More,Economy,64658,7000,111924,Available
R0005646,S004900,Lufthansa,Miles & More,Business,82021,11596,171784,Available
R0005647,S004900,United Airlines,MileagePlus,Business,78204,7698,241408,Available
R0005648,S004901,Lufthansa,Miles & More,Economy,33221,7306,64145,Available
R0005649,S004902,Emirates,Skywards,Business,60771,10858,160300,Available
R0005650,S004905,Air India,Flying Returns,Business,101361,5750,191195,Available
R0005651,S004906,Qatar Airways,Privilege Club,Economy,54095,15144,139341,Available
R0005652,S004907,United Airlines,MileagePlus,Economy,61287,10372,181279,Available
R0005653,S004910,Air Canada,Aeroplan,Economy,59059,15219,195570,Available
R0005654,S004913,Air India,Flying Returns,Economy,62486,12957,138152,Available
R0005655,S004913,Air Canada,Aeroplan,Economy,56873,16858,177555,Available
R0005656,S004913,United Airlines,MileagePlus,Economy,64946,7425,160514,Available
R0005657,S004915,Lufthansa,Miles & More,Business,61220,6147,173122,Available
R0005658,S004915,Emirates,Skywards,Business,128379,6733,286252,Available
R0005659,S004916,Emirates,Skywards,First,201901,9819,550219,Available
R0005660,S004917,Etihad Airways,Etihad Guest,Economy,46692,17405,98216,Available
R0005661,S004917,Lufthansa,Miles & More,Economy,45432,14939,150431,Available
R0005662,S004917,Qatar Airways,Privilege Club,Economy,49098,14346,146394,Available
R0005663,S004918,Singapore Airlines,KrisFlyer,Business,105096,12968,244967,Available
R0005664,S004919,United Airlines,MileagePlus,Economy,31004,6117,82106,Available
R0005665,S004919,Etihad Airways,Etihad Guest,Economy,32281,10858,83726,Available
R0005666,S004920,Emirates,Skywards,Business,78403,11657,148161,Available
R0005667,S004921,United Airlines,MileagePlus,Business,121830,16657,309835,Available
R0005668,S004921,Air Canada,Aeroplan,Business,77622,7259,158465,Available
R0005669,S004922,Emirates,Skywards,Economy,63062,11427,163787,Available
R0005670,S004922,Air Canada,Aeroplan,Economy,62704,7109,124505,Available
R0005671,S004923,Air Canada,Aeroplan,Economy,40428,15525,109756,Available
R0005672,S004923,Etihad Airways,Etihad Guest,Economy,40916,17896,105380,Available
R0005673,S004923,United Airlines,MileagePlus,Economy,63579,10010,159600,Available
R0005674,S004926,Etihad Airways,Etihad Guest,Economy,62331,11523,187081,Available
R0005675,S004926,Lufthansa,Miles & More,Economy,51948,6203,152696,Available
R0005676,S004927,Etihad Airways,Etihad Guest,Economy,59548,12948,194691,Available
R0005677,S004928,Qatar Airways,Privilege Club,Business,92666,5476,280172,Available
R0005678,S004928,Singapore Airlines,KrisFlyer,Business,118437,6471,300718,Available
R0005679,S004929,Singapore Airlines,KrisFlyer,Economy,28259,5876,54341,Available
R0005680,S004930,Air India,Flying Returns,Economy,45268,9797,148656,Available
R0005681,S004931,Etihad Airways,Etihad Guest,Business,138372,15905,306299,Available
R0005682,S004933,Air India,Flying Returns,Economy,38676,10282,92764,Available
R0005683,S004933,Emirates,Skywards,Economy,33406,17410,83518,Available
R0005684,S004933,Lufthansa,Miles & More,Economy,28632,15164,87712,Available
R0005685,S004934,Lufthansa,Miles & More,Economy,34824,10689,103824,Available
R0005686,S004934,Etihad Airways,Etihad Guest,Economy,26573,5100,52106,Available
R0005687,S004936,Lufthansa,Miles & More,Economy,55304,8002,102728,Available
R0005688,S004936,Singapore Airlines,KrisFlyer,Economy,47671,3920,141183,Available
R0005689,S004936,Air India,Flying Returns,Economy,58418,8375,155244,Available
R0005690,S004937,Singapore Airlines,KrisFlyer,Business,69363,9962,179087,Available
R0005691,S004937,United Airlines,MileagePlus,Business,93675,4043,201450,Available
R0005692,S004937,Lufthansa,Miles & More,Business,89662,13708,251785,Available
R0005693,S004938,Air India,Flying Returns,Business,128101,4057,378324,Available
R0005694,S004938,Air Canada,Aeroplan,Business,145074,17808,281552,Available
R0005695,S004938,Etihad Airways,Etihad Guest,Business,86175,12299,163004,Available
R0005696,S004941,Emirates,Skywards,Economy,45290,11931,100947,Available
R0005697,S004941,Singapore Airlines,KrisFlyer,Economy,57937,5308,100639,Available
R0005698,S004943,Air Canada,Aeroplan,Economy,55483,15450,154590,Available
R0005699,S004943,Lufthansa,Miles & More,Economy,35432,10463,83773,Available
R0005700,S004944,Singapore Airlines,KrisFlyer,Business,71510,17793,149526,Available
R0005701,S004945,Emirates,Skywards,Economy,45255,5075,90165,Available
R0005702,S004945,Air Canada,Aeroplan,Economy,52916,5670,128816,Available
R0005703,S004946,Air Canada,Aeroplan,Economy,30162,12915,80017,Available
R0005704,S004946,United Airlines,MileagePlus,Economy,40593,16149,92910,Available
R0005705,S004947,Lufthansa,Miles & More,First,217621,17308,596673,Available
R0005706,S004947,United Airlines,MileagePlus,First,201936,10254,624479,Available
R0005707,S004949,Emirates,Skywards,Business,116023,13152,297449,Available
R0005708,S004949,United Airlines,MileagePlus,Business,122598,16778,249750,Available
R0005709,S004950,Singapore Airlines,KrisFlyer,Economy,59093,10258,110226,Available
R0005710,S004951,Qatar Airways,Privilege Club,Economy,26537,9685,83951,Available
R0005711,S004951,United Airlines,MileagePlus,Economy,53237,3712,127180,Available
R0005712,S004951,Air India,Flying Returns,Economy,43468,17615,137856,Available
R0005713,S004954,Air India,Flying Returns,Business,100222,17235,237110,Available
R0005714,S004954,Lufthansa,Miles & More,Business,138533,4896,348911,Available
R0005715,S004954,Qatar Airways,Privilege Club,Business,132629,9868,416317,Available
R0005716,S004955,Singapore Airlines,KrisFlyer,Economy,57219,16611,154099,Available
R0005717,S004956,Air India,Flying Returns,Economy,26742,9157,73825,Available
R0005718,S004956,Emirates,Skywards,Economy,47158,13421,128891,Available
R0005719,S004956,Etihad Airways,Etihad Guest,Economy,55970,17590,196456,Available
R0005720,S004958,Singapore Airlines,KrisFlyer,Economy,59247,16626,166112,Available
R0005721,S004958,Air Canada,Aeroplan,Economy,33797,8796,77744,Available
R0005722,S004959,Singapore Airlines,KrisFlyer,Economy,62431,17207,169316,Available
R0005723,S004960,Air India,Flying Returns,Business,105325,6479,325338,Available
R0005724,S004961,Lufthansa,Miles & More,Economy,52926,10318,162331,Available
R0005725,S004961,Emirates,Skywards,Economy,29423,5606,82809,Available
R0005726,S004962,United Airlines,MileagePlus,Economy,39537,4286,88421,Available
R0005727,S004962,Singapore Airlines,KrisFlyer,Economy,34448,15713,77719,Available
R0005728,S004963,Lufthansa,Miles & More,Business,146320,9307,249811,Available
R0005729,S004963,Emirates,Skywards,Business,121685,7481,288492,Available
R0005730,S004964,Qatar Airways,Privilege Club,Business,138353,4124,420466,Available
R0005731,S004965,Lufthansa,Miles & More,Economy,30480,4867,88728,Available
R0005732,S004965,Singapore Airlines,KrisFlyer,Economy,47313,12573,132692,Available
R0005733,S004968,Air India,Flying Returns,Economy,59997,12075,189735,Available
R0005734,S004968,Singapore Airlines,KrisFlyer,Economy,36977,9752,106766,Available
R0005735,S004970,Singapore Airlines,KrisFlyer,First,154502,9633,441070,Available
R0005736,S004971,Air India,Flying Returns,Economy,43200,15778,91129,Available
R0005737,S004972,Air India,Flying Returns,Business,95068,7288,202337,Available
R0005738,S004972,United Airlines,MileagePlus,Business,120542,4257,240889,Available
R0005739,S004975,Etihad Airways,Etihad Guest,Business,105981,14496,351092,Available
R0005740,S004975,Emirates,Skywards,Business,79557,13249,184451,Available
R0005741,S004976,Singapore Airlines,KrisFlyer,Economy,27575,14887,61795,Available
R0005742,S004977,Singapore Airlines,KrisFlyer,Economy,63032,14637,183877,Available
R0005743,S004977,Qatar Airways,Privilege Club,Economy,35477,5414,100186,Available
R0005744,S004979,Lufthansa,Miles & More,Economy,25950,16388,98616,Available
R0005745,S004979,Qatar Airways,Privilege Club,Economy,51855,11562,162425,Available
R0005746,S004979,United Airlines,MileagePlus,Economy,32343,13891,102243,Available
R0005747,S004980,Etihad Airways,Etihad Guest,Business,68251,9963,157006,Available
R0005748,S004981,Lufthansa,Miles & More,Economy,57658,16169,139022,Available
R0005749,S004981,Emirates,Skywards,Economy,35090,13756,118906,Available
R0005750,S004982,Qatar Airways,Privilege Club,Business,120999,5108,241979,Available
R0005751,S004982,Air India,Flying Returns,Business,134945,16205,243603,Available
R0005752,S004982,Singapore Airlines,KrisFlyer,Business,61690,15260,122223,Available
R0005753,S004983,Qatar Airways,Privilege Club,Business,97426,5083,289786,Available
R0005754,S004983,Etihad Airways,Etihad Guest,Business,87928,15920,166009,Available
R0005755,S004984,Etihad Airways,Etihad Guest,Economy,46152,7377,125626,Available
R0005756,S004986,Qatar Airways,Privilege Club,Business,110607,5969,332997,Available
R0005757,S004987,Emirates,Skywards,Economy,56331,12566,105271,Available
R0005758,S004987,Etihad Airways,Etihad Guest,Economy,43788,10957,109383,Available
R0005759,S004988,Singapore Airlines,KrisFlyer,Business,129510,9742,366199,Available
R0005760,S004989,Singapore Airlines,KrisFlyer,Business,73012,12665,208914,Available
R0005761,S004990,Lufthansa,Miles & More,Economy,38000,16151,83561,Available
R0005762,S004991,Etihad Airways,Etihad Guest,Business,148717,16852,312668,Available
R0005763,S004991,Air India,Flying Returns,Business,116727,8694,197690,Available
R0005764,S004992,Emirates,Skywards,Economy,54538,15290,109919,Available
R0005765,S004992,Air India,Flying Returns,Economy,36100,14802,73638,Available
R0005766,S004992,Singapore Airlines,KrisFlyer,Economy,46456,8943,90579,Available
R0005767,S004997,Qatar Airways,Privilege Club,Economy,60628,11824,159634,Available
R0005768,S004997,Emirates,Skywards,Economy,43456,17661,111798,Available
R0005769,S004998,Air Canada,Aeroplan,Economy,28861,9826,71057,Available
R0005770,S004999,Air India,Flying Returns,Economy,48258,17337,157756,Available
R0005771,S004999,Lufthansa,Miles & More,Economy,60381,10410,128065,Available
R0005772,S005001,Lufthansa,Miles & More,Economy,36984,8543,97005,Available
R0005773,S005002,United Airlines,MileagePlus,Business,122832,11706,366688,Available
R0005774,S005004,Singapore Airlines,KrisFlyer,Business,99190,7511,201245,Available
R0005775,S005004,Air India,Flying Returns,Business,68605,14868,203352,Available
R0005776,S005004,Emirates,Skywards,Business,85839,11411,244244,Available
R0005777,S005005,United Airlines,MileagePlus,Business,110982,11353,211142,Available
R0005778,S005006,Emirates,Skywards,First,181669,6379,555937,Available
R0005779,S005006,Air India,Flying Returns,First,121977,4139,220361,Available
R0005780,S005006,Lufthansa,Miles & More,First,124507,4943,230554,Available
R0005781,S005008,Etihad Airways,Etihad Guest,Economy,30158,17999,96376,Available
R0005782,S005013,Emirates,Skywards,Economy,39357,5883,102382,Available
R0005783,S005013,United Airlines,MileagePlus,Economy,48600,9128,90315,Available
R0005784,S005013,Singapore Airlines,KrisFlyer,Economy,63287,3563,115729,Available
R0005785,S005014,Etihad Airways,Etihad Guest,Economy,29886,12283,87636,Available
R0005786,S005015,Emirates,Skywards,Economy,30009,15269,66290,Available
R0005787,S005017,Lufthansa,Miles & More,Business,145104,16875,403162,Available
R0005788,S005018,Lufthansa,Miles & More,Economy,31609,16274,116810,Available
R0005789,S005018,United Airlines,MileagePlus,Economy,45192,16362,90993,Available
R0005790,S005020,Emirates,Skywards,Business,97642,7272,276849,Available
R0005791,S005020,Qatar Airways,Privilege Club,Business,68261,17046,214552,Available
R0005792,S005020,Air Canada,Aeroplan,Business,63333,5546,156889,Available
R0005793,S005021,Etihad Airways,Etihad Guest,Economy,34011,16807,86820,Available
R0005794,S005021,Air India,Flying Returns,Economy,55496,3607,139439,Available
R0005795,S005022,Lufthansa,Miles & More,Business,138695,7358,347174,Available
R0005796,S005022,Etihad Airways,Etihad Guest,Business,69409,4056,181022,Available
R0005797,S005023,Air Canada,Aeroplan,Business,105753,6464,176594,Available
R0005798,S005024,Lufthansa,Miles & More,Economy,53155,14344,119414,Available
R0005799,S005025,Air Canada,Aeroplan,Economy,37959,13650,90197,Available
R0005800,S005025,Etihad Airways,Etihad Guest,Economy,52230,5587,145691,Available
R0005801,S005025,Air India,Flying Returns,Economy,62673,3573,167244,Available
R0005802,S005026,Air Canada,Aeroplan,Business,118450,15946,361310,Available
R0005803,S005027,Singapore Airlines,KrisFlyer,Economy,56974,4145,174212,Available
R0005804,S005027,Air Canada,Aeroplan,Economy,45940,8502,93256,Available
R0005805,S005027,United Airlines,MileagePlus,Economy,50919,6803,111402,Available
R0005806,S005029,United Airlines,MileagePlus,Economy,55296,6538,121890,Available
R0005807,S005029,Singapore Airlines,KrisFlyer,Economy,54405,4903,154877,Available
R0005808,S005029,Air Canada,Aeroplan,Economy,56554,7677,106166,Available
R0005809,S005030,Etihad Airways,Etihad Guest,Economy,29888,10213,62751,Available
R0005810,S005031,Air Canada,Aeroplan,Business,83608,12229,269154,Available
R0005811,S005032,Singapore Airlines,KrisFlyer,Business,127843,5290,344678,Available
R0005812,S005032,Air India,Flying Returns,Business,120926,12065,305023,Available
R0005813,S005032,Qatar Airways,Privilege Club,Business,99554,4526,314623,Available
R0005814,S005033,Emirates,Skywards,First,185885,12604,486789,Available
R0005815,S005033,Etihad Airways,Etihad Guest,First,153620,10786,409717,Available
R0005816,S005034,Etihad Airways,Etihad Guest,Economy,27427,14682,90924,Available
R0005817,S005034,Lufthansa,Miles & More,Economy,54163,11861,158968,Available
R0005818,S005034,Qatar Airways,Privilege Club,Economy,27277,13747,76934,Available
R0005819,S005037,United Airlines,MileagePlus,Business,122950,13318,384306,Available
R0005820,S005037,Air Canada,Aeroplan,Business,114083,14683,356205,Available
R0005821,S005038,Qatar Airways,Privilege Club,Business,71448,8911,201970,Available
R0005822,S005038,Emirates,Skywards,Business,83015,13414,251386,Available
R0005823,S005039,Qatar Airways,Privilege Club,Economy,38278,7458,89088,Available
R0005824,S005039,Air Canada,Aeroplan,Economy,39176,5935,94638,Available
R0005825,S005039,Emirates,Skywards,Economy,41879,6452,130109,Available
R0005826,S005044,Qatar Airways,Privilege Club,Business,147889,5941,282945,Available
R0005827,S005048,Air Canada,Aeroplan,Economy,25629,7773,77429,Available
R0005828,S005050,Etihad Airways,Etihad Guest,Economy,58170,8112,188952,Available
R0005829,S005051,United Airlines,MileagePlus,Economy,53560,9768,96401,Available
R0005830,S005052,Qatar Airways,Privilege Club,Economy,58783,3984,110017,Available
R0005831,S005052,Emirates,Skywards,Economy,50718,4165,164758,Available
R0005832,S005053,Emirates,Skywards,Economy,29875,4032,91052,Available
R0005833,S005055,Qatar Airways,Privilege Club,Economy,33323,9104,98794,Available
R0005834,S005055,Air Canada,Aeroplan,Economy,60751,11744,117649,Available
R0005835,S005056,Singapore Airlines,KrisFlyer,Business,75180,15629,157220,Available
R0005836,S005056,United Airlines,MileagePlus,Business,140892,6380,377744,Available
R0005837,S005058,Etihad Airways,Etihad Guest,Economy,62119,13035,121638,Available
R0005838,S005058,United Airlines,MileagePlus,Economy,46912,12141,145257,Available
R0005839,S005060,Singapore Airlines,KrisFlyer,Economy,36497,12067,103269,Available
R0005840,S005064,Singapore Airlines,KrisFlyer,Economy,56630,14894,116431,Available
R0005841,S005067,Air India,Flying Returns,Economy,27692,11014,86772,Available
R0005842,S005070,United Airlines,MileagePlus,Business,124017,10519,369165,Available
R0005843,S005070,Singapore Airlines,KrisFlyer,Business,93894,11273,278955,Available
R0005844,S005072,Etihad Airways,Etihad Guest,Economy,63326,17749,203114,Available
R0005845,S005073,Air India,Flying Returns,Economy,42824,7103,133943,Available
R0005846,S005073,Emirates,Skywards,Economy,47042,10113,96850,Available
R0005847,S005074,Air Canada,Aeroplan,Business,75869,7387,149864,Available
R0005848,S005074,Lufthansa,Miles & More,Business,136649,17014,366894,Available
R0005849,S005074,Air India,Flying Returns,Business,73955,16901,224897,Available
R0005850,S005076,Emirates,Skywards,Economy,62282,7089,205919,Available
R0005851,S005076,United Airlines,MileagePlus,Economy,64970,15002,206843,Available
R0005852,S005077,United Airlines,MileagePlus,Business,107125,16770,207556,Available
R0005853,S005079,Lufthansa,Miles & More,Business,141682,10691,425401,Available
R0005854,S005080,Qatar Airways,Privilege Club,Business,128204,4395,369079,Available
R0005855,S005080,Air Canada,Aeroplan,Business,61636,15167,201298,Available
R0005856,S005081,Etihad Airways,Etihad Guest,Business,103095,16873,257828,Available
R0005857,S005081,Singapore Airlines,KrisFlyer,Business,109745,15797,213461,Available
R0005858,S005081,Lufthansa,Miles & More,Business,147095,6836,330586,Available
R0005859,S005082,United Airlines,MileagePlus,First,178386,10106,497388,Available
R0005860,S005082,Emirates,Skywards,First,179921,6582,546491,Available
R0005861,S005082,Singapore Airlines,KrisFlyer,First,183436,17845,388875,Available
R0005862,S005083,Singapore Airlines,KrisFlyer,Business,122209,7728,204765,Available
R0005863,S005084,United Airlines,MileagePlus,Economy,52971,10454,157083,Available
R0005864,S005084,Qatar Airways,Privilege Club,Economy,31652,5693,57298,Available
R0005865,S005085,Etihad Airways,Etihad Guest,Business,146726,16747,267007,Available
R0005866,S005086,Qatar Airways,Privilege Club,Economy,50595,10851,137277,Available
R0005867,S005087,Air Canada,Aeroplan,Economy,32374,15165,97176,Available
R0005868,S005089,Air Canada,Aeroplan,Economy,54220,16498,116449,Available
R0005869,S005090,Emirates,Skywards,Economy,64777,14574,196211,Available
R0005870,S005090,Singapore Airlines,KrisFlyer,Economy,49892,15036,137120,Available
R0005871,S005091,Etihad Airways,Etihad Guest,Economy,64833,6894,171471,Available
R0005872,S005092,Etihad Airways,Etihad Guest,Business,98019,12544,191188,Available
R0005873,S005093,United Airlines,MileagePlus,First,186726,13885,428055,Available
R0005874,S005093,Singapore Airlines,KrisFlyer,First,169431,15385,288367,Available
R0005875,S005095,Singapore Airlines,KrisFlyer,Economy,50303,11557,120503,Available
R0005876,S005095,Qatar Airways,Privilege Club,Economy,43335,5521,130676,Available
R0005877,S005096,Singapore Airlines,KrisFlyer,Economy,43705,9536,143852,Available
R0005878,S005096,Emirates,Skywards,Economy,51523,10148,133636,Available
R0005879,S005100,Emirates,Skywards,Economy,53555,15245,140547,Available
R0005880,S005100,Air Canada,Aeroplan,Economy,52438,5031,103794,Available
R0005881,S005100,Lufthansa,Miles & More,Economy,35235,8718,76190,Available
R0005882,S005101,Singapore Airlines,KrisFlyer,Business,71722,12702,183436,Available
R0005883,S005101,Lufthansa,Miles & More,Business,99380,5875,194217,Available
R0005884,S005102,Qatar Airways,Privilege Club,Business,108376,16946,283810,Available
R0005885,S005102,Air Canada,Aeroplan,Business,113432,3618,194506,Available
R0005886,S005104,Air Canada,Aeroplan,Economy,25978,12263,56456,Available
R0005887,S005105,Lufthansa,Miles & More,Economy,35792,17807,100645,Available
R0005888,S005108,Air India,Flying Returns,Business,106526,10563,291442,Available
R0005889,S005108,Qatar Airways,Privilege Club,Business,116364,10280,344328,Available
R0005890,S005108,Emirates,Skywards,Business,70741,13586,167515,Available
R0005891,S005109,Air Canada,Aeroplan,Business,87577,13362,238629,Available
R0005892,S005109,Qatar Airways,Privilege Club,Business,122631,14255,390874,Available
R0005893,S005110,Lufthansa,Miles & More,Business,118333,8686,321670,Available
R0005894,S005112,Air Canada,Aeroplan,Economy,35184,10718,88996,Available
R0005895,S005112,United Airlines,MileagePlus,Economy,40425,14789,102916,Available
R0005896,S005112,Qatar Airways,Privilege Club,Economy,60708,4359,165532,Available
R0005897,S005114,Air India,Flying Returns,Business,80778,16395,172551,Available
R0005898,S005114,Air Canada,Aeroplan,Business,105668,15802,352029,Available
R0005899,S005116,Singapore Airlines,KrisFlyer,Economy,56883,10213,190012,Available
R0005900,S005117,United Airlines,MileagePlus,Economy,59321,11410,128508,Available
R0005901,S005117,Etihad Airways,Etihad Guest,Economy,62517,8245,173044,Available
R0005902,S005118,Etihad Airways,Etihad Guest,Economy,33735,16708,87951,Available
R0005903,S005118,Air Canada,Aeroplan,Economy,25913,11829,85089,Available
R0005904,S005120,United Airlines,MileagePlus,Economy,63494,8875,137328,Available
R0005905,S005120,Emirates,Skywards,Economy,55866,4456,143957,Available
R0005906,S005120,Singapore Airlines,KrisFlyer,Economy,33006,12934,102761,Available
R0005907,S005121,Air Canada,Aeroplan,Economy,31701,4527,97733,Available
R0005908,S005122,Singapore Airlines,KrisFlyer,Business,103654,6407,211209,Available
R0005909,S005122,Qatar Airways,Privilege Club,Business,127562,9110,393208,Available
R0005910,S005124,Emirates,Skywards,Business,131702,7990,336631,Available
R0005911,S005128,Lufthansa,Miles & More,Economy,46972,12104,90665,Available
R0005912,S005128,Air Canada,Aeroplan,Economy,59971,15765,203921,Available
R0005913,S005129,Etihad Airways,Etihad Guest,First,201400,7293,476023,Available
R0005914,S005129,Singapore Airlines,KrisFlyer,First,200113,6785,424130,Available
R0005915,S005129,Emirates,Skywards,First,138419,14993,389789,Available
R0005916,S005130,Etihad Airways,Etihad Guest,Economy,31607,17875,105095,Available
R0005917,S005130,Air India,Flying Returns,Economy,31188,7785,103382,Available
R0005918,S005131,Singapore Airlines,KrisFlyer,Business,132164,4141,376824,Available
R0005919,S005131,United Airlines,MileagePlus,Business,65092,15276,134017,Available
R0005920,S005131,Air Canada,Aeroplan,Business,109930,12105,210606,Available
R0005921,S005132,Air India,Flying Returns,Economy,27148,12168,91422,Available
R0005922,S005133,Qatar Airways,Privilege Club,First,196565,10953,562966,Available
R0005923,S005135,Emirates,Skywards,Business,135064,16817,338557,Available
R0005924,S005135,Singapore Airlines,KrisFlyer,Business,103578,11429,204268,Available
R0005925,S005136,Qatar Airways,Privilege Club,Economy,26258,15215,93713,Available
R0005926,S005138,Air India,Flying Returns,Business,94390,9247,197791,Available
R0005927,S005140,Etihad Airways,Etihad Guest,Economy,55504,15505,153339,Available
R0005928,S005141,Qatar Airways,Privilege Club,First,120087,17061,273728,Available
R0005929,S005141,United Airlines,MileagePlus,First,122707,8246,371124,Available
R0005930,S005141,Air India,Flying Returns,First,115620,17664,355717,Available
R0005931,S005142,Air Canada,Aeroplan,Business,65634,16496,224786,Available
R0005932,S005143,United Airlines,MileagePlus,Business,136328,11798,447424,Available
R0005933,S005144,Air Canada,Aeroplan,Economy,62672,5420,204202,Available
R0005934,S005144,United Airlines,MileagePlus,Economy,53079,14230,114732,Available
R0005935,S005145,Singapore Airlines,KrisFlyer,Economy,63627,7611,135048,Available
R0005936,S005145,Qatar Airways,Privilege Club,Economy,28345,3720,67855,Available
R0005937,S005145,Emirates,Skywards,Economy,52928,6110,99045,Available
R0005938,S005146,Lufthansa,Miles & More,Economy,36488,11749,77634,Available
R0005939,S005146,United Airlines,MileagePlus,Economy,42907,8882,100368,Available
R0005940,S005147,Singapore Airlines,KrisFlyer,First,160246,9398,359582,Available
R0005941,S005148,Emirates,Skywards,First,138107,9640,449130,Available
R0005942,S005149,Etihad Airways,Etihad Guest,Business,67609,12384,190055,Available
R0005943,S005150,Singapore Airlines,KrisFlyer,Economy,26448,17412,70822,Available
R0005944,S005150,Air Canada,Aeroplan,Economy,47185,12014,113359,Available
R0005945,S005154,Qatar Airways,Privilege Club,Business,99968,12903,262196,Available
R0005946,S005154,Air India,Flying Returns,Business,88205,16805,202623,Available
R0005947,S005154,Etihad Airways,Etihad Guest,Business,62075,10073,193047,Available
R0005948,S005157,United Airlines,MileagePlus,Business,102900,16243,188814,Available
R0005949,S005158,Emirates,Skywards,Economy,25842,8547,77342,Available
R0005950,S005158,Etihad Airways,Etihad Guest,Economy,47373,12678,114111,Available
R0005951,S005158,Lufthansa,Miles & More,Economy,46498,11690,94857,Available
R0005952,S005161,Air Canada,Aeroplan,Business,123658,13006,339556,Available
R0005953,S005164,Air Canada,Aeroplan,Economy,46256,7433,107361,Available
R0005954,S005164,Lufthansa,Miles & More,Economy,47589,13427,144076,Available
R0005955,S005164,Emirates,Skywards,Economy,29826,12868,66221,Available
R0005956,S005165,Air India,Flying Returns,Economy,33096,6213,59534,Available
R0005957,S005165,Lufthansa,Miles & More,Economy,47248,15714,162987,Available
R0005958,S005166,Lufthansa,Miles & More,Economy,62037,8554,170172,Available
R0005959,S005168,United Airlines,MileagePlus,Economy,63429,16306,153189,Available
R0005960,S005169,Air India,Flying Returns,Business,122045,9097,368557,Available
R0005961,S005169,Emirates,Skywards,Business,93112,13807,231116,Available
R0005962,S005170,Lufthansa,Miles & More,Economy,61659,8982,151835,Available
R0005963,S005170,Air Canada,Aeroplan,Economy,31868,11531,90458,Available
R0005964,S005170,Singapore Airlines,KrisFlyer,Economy,59489,6836,107469,Available
R0005965,S005172,Lufthansa,Miles & More,Economy,27496,10395,81998,Available
R0005966,S005174,Singapore Airlines,KrisFlyer,Economy,42329,15385,83340,Available
R0005967,S005174,Lufthansa,Miles & More,Economy,51602,5834,89410,Available
R0005968,S005175,Emirates,Skywards,Business,62843,6216,107301,Available
R0005969,S005175,Air Canada,Aeroplan,Business,72477,9187,185616,Available
R0005970,S005177,Air Canada,Aeroplan,Business,113537,17177,316289,Available
R0005971,S005178,Emirates,Skywards,Business,105612,5322,230913,Available
R0005972,S005178,Etihad Airways,Etihad Guest,Business,135140,8813,305786,Available
R0005973,S005181,Lufthansa,Miles & More,Business,98137,13470,256015,Available
R0005974,S005181,Air Canada,Aeroplan,Business,115624,15103,327063,Available
R0005975,S005182,Air India,Flying Returns,Economy,64269,14451,159507,Available
R0005976,S005185,Air Canada,Aeroplan,Business,112799,9057,199573,Available
R0005977,S005185,United Airlines,MileagePlus,Business,114448,16600,296109,Available
R0005978,S005185,Etihad Airways,Etihad Guest,Business,126611,6602,336877,Available
R0005979,S005186,Air India,Flying Returns,Economy,30129,16974,105696,Available
R0005980,S005186,Singapore Airlines,KrisFlyer,Economy,27674,17140,70850,Available
R0005981,S005186,Emirates,Skywards,Economy,58486,11782,149119,Available
R0005982,S005187,Qatar Airways,Privilege Club,Economy,28291,4755,61430,Available
R0005983,S005187,Lufthansa,Miles & More,Economy,54651,5876,169068,Available
R0005984,S005188,Etihad Airways,Etihad Guest,Economy,36660,12537,122915,Available
R0005985,S005188,Qatar Airways,Privilege Club,Economy,59993,7514,168548,Available
R0005986,S005190,Air India,Flying Returns,Economy,35842,16745,120383,Available
R0005987,S005191,Lufthansa,Miles & More,Economy,39996,15346,95549,Available
R0005988,S005191,United Airlines,MileagePlus,Economy,46037,6271,105186,Available
R0005989,S005192,Qatar Airways,Privilege Club,Economy,28134,6723,68019,Available
R0005990,S005195,Lufthansa,Miles & More,Business,147887,7096,297276,Available
R0005991,S005195,Singapore Airlines,KrisFlyer,Business,65806,4467,129234,Available
R0005992,S005195,United Airlines,MileagePlus,Business,143234,14814,462891,Available
R0005993,S005197,United Airlines,MileagePlus,Economy,42931,15379,134482,Available
R0005994,S005197,Air India,Flying Returns,Economy,53287,6923,95342,Available
R0005995,S005198,Etihad Airways,Etihad Guest,Economy,33126,10981,75150,Available
R0005996,S005200,Emirates,Skywards,Economy,30205,12286,89554,Available
R0005997,S005201,Emirates,Skywards,Economy,61707,7663,140437,Available
R0005998,S005201,Singapore Airlines,KrisFlyer,Economy,59604,3822,171212,Available
R0005999,S005202,Emirates,Skywards,Economy,63078,16763,190691,Available
R0006000,S005203,Etihad Airways,Etihad Guest,Economy,40039,6924,132002,Available
R0006001,S005203,Lufthansa,Miles & More,Economy,61327,6150,142962,Available
R0006002,S005204,Emirates,Skywards,Economy,60853,16907,210777,Available
R0006003,S005204,Qatar Airways,Privilege Club,Economy,36972,11128,79658,Available
R0006004,S005205,United Airlines,MileagePlus,Economy,30617,16235,108730,Available
R0006005,S005206,Air Canada,Aeroplan,Economy,40933,9176,85661,Available
R0006006,S005208,Lufthansa,Miles & More,Economy,45345,8886,84265,Available
R0006007,S005209,Lufthansa,Miles & More,Business,65039,12292,193035,Available
R0006008,S005211,Singapore Airlines,KrisFlyer,Business,107523,17921,217520,Available
R0006009,S005212,Qatar Airways,Privilege Club,Economy,46878,15446,131026,Available
R0006010,S005213,Air India,Flying Returns,Business,112397,13524,233428,Available
R0006011,S005213,Etihad Airways,Etihad Guest,Business,116720,13151,221598,Available
R0006012,S005215,Air India,Flying Returns,Economy,36821,13286,80267,Available
R0006013,S005216,Air India,Flying Returns,Business,126470,4220,372117,Available
R0006014,S005217,Air India,Flying Returns,Economy,57216,13313,111497,Available
R0006015,S005220,Etihad Airways,Etihad Guest,Economy,42216,11762,112857,Available
R0006016,S005225,Qatar Airways,Privilege Club,Business,126292,5484,351506,Available
R0006017,S005225,Air Canada,Aeroplan,Business,129333,13684,268344,Available
R0006018,S005225,Singapore Airlines,KrisFlyer,Business,74721,13945,232712,Available
R0006019,S005226,Lufthansa,Miles & More,Business,107337,11094,314839,Available
R0006020,S005226,Air Canada,Aeroplan,Business,99379,6267,184241,Available
R0006021,S005226,Air India,Flying Returns,Business,116912,10765,258006,Available
R0006022,S005229,Etihad Airways,Etihad Guest,Business,65835,12162,198624,Available
R0006023,S005230,Air India,Flying Returns,First,138537,9892,257950,Available
R0006024,S005231,Lufthansa,Miles & More,Economy,48996,11915,100053,Available
R0006025,S005231,Air Canada,Aeroplan,Economy,44992,9278,147692,Available
R0006026,S005234,Qatar Airways,Privilege Club,Business,130278,7443,320572,Available
R0006027,S005237,Emirates,Skywards,Economy,51853,9858,141200,Available
R0006028,S005237,United Airlines,MileagePlus,Economy,30587,4594,97197,Available
R0006029,S005239,Etihad Airways,Etihad Guest,Economy,38603,7097,128289,Available
R0006030,S005240,United Airlines,MileagePlus,Business,116932,17864,235688,Available
R0006031,S005240,Air Canada,Aeroplan,Business,66493,6246,170704,Available
R0006032,S005243,Lufthansa,Miles & More,First,205573,17794,621167,Available
R0006033,S005243,Air India,Flying Returns,First,205634,14705,498482,Available
R0006034,S005246,United Airlines,MileagePlus,Economy,46505,13050,107634,Available
R0006035,S005246,Emirates,Skywards,Economy,37453,11808,128866,Available
R0006036,S005246,Air Canada,Aeroplan,Economy,27390,5101,83876,Available
R0006037,S005247,Singapore Airlines,KrisFlyer,Business,81624,5536,171925,Available
R0006038,S005247,Qatar Airways,Privilege Club,Business,133974,12276,430446,Available
R0006039,S005247,Lufthansa,Miles & More,Business,149931,10987,470124,Available
R0006040,S005249,Lufthansa,Miles & More,Economy,64515,5820,193355,Available
R0006041,S005249,Air India,Flying Returns,Economy,25755,5556,77405,Available
R0006042,S005249,Emirates,Skywards,Economy,40424,12855,81617,Available
R0006043,S005250,Emirates,Skywards,Economy,47810,14247,140421,Available
R0006044,S005250,Qatar Airways,Privilege Club,Economy,27197,6537,56407,Available
R0006045,S005250,United Airlines,MileagePlus,Economy,61102,9521,162188,Available
R0006046,S005251,United Airlines,MileagePlus,Business,109428,10574,220522,Available
R0006047,S005251,Qatar Airways,Privilege Club,Business,79540,15840,223944,Available
R0006048,S005252,Lufthansa,Miles & More,Business,79627,9701,225836,Available
R0006049,S005252,Emirates,Skywards,Business,84456,9412,271632,Available
R0006050,S005253,Emirates,Skywards,Economy,36994,11628,116040,Available
R0006051,S005253,Etihad Airways,Etihad Guest,Economy,43032,11312,125566,Available
R0006052,S005254,Emirates,Skywards,Economy,49235,12899,150773,Available
R0006053,S005254,United Airlines,MileagePlus,Economy,46536,10648,112045,Available
R0006054,S005256,Etihad Airways,Etihad Guest,Business,114154,10172,357704,Available
R0006055,S005256,Air India,Flying Returns,Business,82122,13915,264937,Available
R0006056,S005257,Singapore Airlines,KrisFlyer,First,179843,5361,354126,Available
R0006057,S005257,Lufthansa,Miles & More,First,112696,10089,205005,Available
R0006058,S005260,United Airlines,MileagePlus,Economy,32590,14953,69338,Available
R0006059,S005261,Emirates,Skywards,First,210161,9965,661849,Available
R0006060,S005261,Air India,Flying Returns,First,175252,15735,298790,Available
R0006061,S005261,Air Canada,Aeroplan,First,167065,4380,534369,Available
R0006062,S005262,Qatar Airways,Privilege Club,Economy,45968,6587,153668,Available
R0006063,S005265,Air India,Flying Returns,Business,88015,11808,174885,Available
R0006064,S005265,Etihad Airways,Etihad Guest,Business,134403,10222,231570,Available
R0006065,S005265,United Airlines,MileagePlus,Business,67126,8052,170016,Available
R0006066,S005266,Air Canada,Aeroplan,Economy,54800,17627,181336,Available
R0006067,S005267,Emirates,Skywards,Economy,44402,6344,88748,Available
R0006068,S005267,United Airlines,MileagePlus,Economy,48726,10276,98826,Available
R0006069,S005269,Etihad Airways,Etihad Guest,Economy,37901,10870,86788,Available
R0006070,S005270,Etihad Airways,Etihad Guest,Economy,38331,7411,77581,Available
R0006071,S005270,Air India,Flying Returns,Economy,31198,17822,70193,Available
R0006072,S005270,Air Canada,Aeroplan,Economy,58107,9657,137856,Available
R0006073,S005271,Lufthansa,Miles & More,Economy,64926,10691,210428,Available
R0006074,S005272,Etihad Airways,Etihad Guest,Business,93790,10752,222305,Available
R0006075,S005274,United Airlines,MileagePlus,Business,127661,11824,240816,Available
R0006076,S005274,Lufthansa,Miles & More,Business,122143,13078,243492,Available
R0006077,S005274,Singapore Airlines,KrisFlyer,Business,123389,10382,295545,Available
R0006078,S005275,Singapore Airlines,KrisFlyer,First,219962,16785,513906,Available
R0006079,S005275,Air India,Flying Returns,First,158433,13217,318200,Available
R0006080,S005275,Etihad Airways,Etihad Guest,First,186516,14878,495221,Available
R0006081,S005277,Qatar Airways,Privilege Club,Business,85608,13797,273803,Available
R0006082,S005278,Qatar Airways,Privilege Club,Economy,30306,13496,104538,Available
R0006083,S005278,Air Canada,Aeroplan,Economy,54607,15504,149907,Available
R0006084,S005279,Lufthansa,Miles & More,Economy,42906,17175,118648,Available
R0006085,S005279,Singapore Airlines,KrisFlyer,Economy,31178,7948,82894,Available
R0006086,S005282,Lufthansa,Miles & More,Economy,58768,14438,152225,Available
R0006087,S005283,Qatar Airways,Privilege Club,Economy,25424,4170,76186,Available
R0006088,S005283,Emirates,Skywards,Economy,60465,5395,145316,Available
R0006089,S005284,Lufthansa,Miles & More,Business,69962,11361,136316,Available
R0006090,S005285,Singapore Airlines,KrisFlyer,Economy,40922,6878,78501,Available
R0006091,S005286,Emirates,Skywards,Business,124303,17890,221487,Available
R0006092,S005287,Singapore Airlines,KrisFlyer,Economy,53402,4360,129029,Available
R0006093,S005287,Qatar Airways,Privilege Club,Economy,32410,12918,88186,Available
R0006094,S005287,United Airlines,MileagePlus,Economy,43520,12926,103969,Available
R0006095,S005289,Air India,Flying Returns,Economy,63081,17776,218846,Available
R0006096,S005289,Singapore Airlines,KrisFlyer,Economy,37695,6180,94840,Available
R0006097,S005291,Qatar Airways,Privilege Club,Economy,38502,12877,98897,Available
R0006098,S005291,Emirates,Skywards,Economy,32539,15265,84833,Available
R0006099,S005291,Etihad Airways,Etihad Guest,Economy,28989,6180,84055,Available
R0006100,S005292,Emirates,Skywards,Business,141638,17950,300228,Available
R0006101,S005292,Air Canada,Aeroplan,Business,126384,5192,376972,Available
R0006102,S005293,Air India,Flying Returns,Business,82460,11903,244168,Available
R0006103,S005293,Etihad Airways,Etihad Guest,Business,137689,4192,301609,Available
R0006104,S005293,Singapore Airlines,KrisFlyer,Business,119730,8159,300571,Available
R0006105,S005296,Air Canada,Aeroplan,Business,81384,12201,160327,Available
R0006106,S005296,Emirates,Skywards,Business,124134,11430,402581,Available
R0006107,S005296,Qatar Airways,Privilege Club,Business,64011,12465,209091,Available
R0006108,S005298,Air India,Flying Returns,Economy,61462,17410,149663,Available
R0006109,S005298,United Airlines,MileagePlus,Economy,46262,8543,97750,Available
R0006110,S005300,Lufthansa,Miles & More,Business,143325,14851,333857,Available
R0006111,S005301,Air Canada,Aeroplan,Business,81791,3658,228662,Available
R0006112,S005302,United Airlines,MileagePlus,Business,116156,16939,247286,Available
R0006113,S005303,Etihad Airways,Etihad Guest,Economy,42596,3609,115471,Available
R0006114,S005303,Emirates,Skywards,Economy,52620,12739,139525,Available
R0006115,S005305,Etihad Airways,Etihad Guest,Economy,26289,5921,66202,Available
R0006116,S005305,United Airlines,MileagePlus,Economy,36142,10553,84249,Available
R0006117,S005306,Etihad Airways,Etihad Guest,Business,90484,15979,210567,Available
R0006118,S005306,Air India,Flying Returns,Business,125517,17433,372692,Available
R0006119,S005306,Singapore Airlines,KrisFlyer,Business,92786,15647,275909,Available
R0006120,S005308,Air India,Flying Returns,Economy,61416,15517,151048,Available
R0006121,S005308,United Airlines,MileagePlus,Economy,48107,10428,161773,Available
R0006122,S005308,Air Canada,Aeroplan,Economy,31546,14373,88137,Available
R0006123,S005309,Air Canada,Aeroplan,Economy,44292,14870,97403,Available
R0006124,S005309,Singapore Airlines,KrisFlyer,Economy,52612,8493,96369,Available
R0006125,S005312,Qatar Airways,Privilege Club,Economy,50005,4740,117587,Available
R0006126,S005313,Air India,Flying Returns,Business,146163,4108,403034,Available
R0006127,S005313,Etihad Airways,Etihad Guest,Business,122527,14980,328080,Available
R0006128,S005313,Air Canada,Aeroplan,Business,136584,12108,259425,Available
R0006129,S005316,Air India,Flying Returns,Economy,39709,11649,109067,Available
R0006130,S005316,United Airlines,MileagePlus,Economy,50600,12138,158664,Available
R0006131,S005317,Qatar Airways,Privilege Club,Economy,49657,5246,125534,Available
R0006132,S005317,Lufthansa,Miles & More,Economy,60097,14381,186950,Available
R0006133,S005319,Emirates,Skywards,Economy,48360,6840,160084,Available
R0006134,S005320,Singapore Airlines,KrisFlyer,Business,117149,11540,284262,Available
R0006135,S005321,Singapore Airlines,KrisFlyer,Economy,45443,17935,113801,Available
R0006136,S005321,Qatar Airways,Privilege Club,Economy,62190,9755,172685,Available
R0006137,S005322,Etihad Airways,Etihad Guest,First,162582,16994,463182,Available
R0006138,S005322,Qatar Airways,Privilege Club,First,210364,11639,498997,Available
R0006139,S005323,Emirates,Skywards,Business,94985,17645,185347,Available
R0006140,S005324,Air Canada,Aeroplan,Business,147239,14898,429194,Available
R0006141,S005324,Air India,Flying Returns,Business,138113,7138,336804,Available
R0006142,S005325,Emirates,Skywards,Economy,64668,10090,143467,Available
R0006143,S005325,Lufthansa,Miles & More,Economy,53389,12096,115216,Available
R0006144,S005328,Singapore Airlines,KrisFlyer,Economy,49527,16869,169751,Available
R0006145,S005328,Etihad Airways,Etihad Guest,Economy,57138,10665,169843,Available
R0006146,S005328,Air Canada,Aeroplan,Economy,62684,15056,171505,Available
R0006147,S005329,United Airlines,MileagePlus,Economy,45381,17692,115330,Available
R0006148,S005329,Air India,Flying Returns,Economy,54664,13218,154912,Available
R0006149,S005330,United Airlines,MileagePlus,First,198146,7469,621304,Available
R0006150,S005331,Singapore Airlines,KrisFlyer,Economy,30928,11774,100830,Available
R0006151,S005334,Lufthansa,Miles & More,Economy,47774,8357,117757,Available
R0006152,S005335,United Airlines,MileagePlus,Economy,36747,15270,84979,Available
R0006153,S005335,Etihad Airways,Etihad Guest,Economy,28618,13624,81523,Available
R0006154,S005335,Emirates,Skywards,Economy,57877,12520,152044,Available
R0006155,S005336,Lufthansa,Miles & More,Economy,34070,16651,79185,Available
R0006156,S005336,Singapore Airlines,KrisFlyer,Economy,47561,3565,112419,Available
R0006157,S005338,Qatar Airways,Privilege Club,Economy,48639,11961,145816,Available
R0006158,S005338,Etihad Airways,Etihad Guest,Economy,34932,8208,105642,Available
R0006159,S005338,Singapore Airlines,KrisFlyer,Economy,37746,5579,112113,Available
R0006160,S005340,Qatar Airways,Privilege Club,Business,134310,17043,409438,Available
R0006161,S005340,Singapore Airlines,KrisFlyer,Business,83022,11430,149714,Available
R0006162,S005342,Emirates,Skywards,Business,132488,7172,420458,Available
R0006163,S005342,Singapore Airlines,KrisFlyer,Business,147814,13523,271413,Available
R0006164,S005343,Air India,Flying Returns,Business,139242,12502,283557,Available
R0006165,S005343,Singapore Airlines,KrisFlyer,Business,138564,8875,311971,Available
R0006166,S005345,Lufthansa,Miles & More,Business,61639,13083,169070,Available
R0006167,S005345,Emirates,Skywards,Business,71904,3508,150564,Available
R0006168,S005346,Lufthansa,Miles & More,Business,114927,5853,328072,Available
R0006169,S005346,Air India,Flying Returns,Business,81883,17422,229138,Available
R0006170,S005347,United Airlines,MileagePlus,Economy,33108,13399,117946,Available
R0006171,S005349,Qatar Airways,Privilege Club,Economy,26577,7339,54168,Available
R0006172,S005351,Air India,Flying Returns,Economy,30963,17048,66632,Available
R0006173,S005352,Air India,Flying Returns,Business,114792,15348,370246,Available
R0006174,S005353,Air Canada,Aeroplan,Economy,29654,3794,80945,Available
R0006175,S005353,Lufthansa,Miles & More,Economy,61306,11441,154441,Available
R0006176,S005354,Etihad Airways,Etihad Guest,Business,120048,10671,208852,Available
R0006177,S005354,Air India,Flying Returns,Business,95845,11115,221651,Available
R0006178,S005355,Air India,Flying Returns,Business,149826,12048,428406,Available
R0006179,S005355,Etihad Airways,Etihad Guest,Business,127835,12274,318748,Available
R0006180,S005356,Qatar Airways,Privilege Club,Business,95382,4550,279759,Available
R0006181,S005356,United Airlines,MileagePlus,Business,118028,5974,222098,Available
R0006182,S005356,Air Canada,Aeroplan,Business,144271,11109,268459,Available
R0006183,S005357,Lufthansa,Miles & More,Business,65504,14997,133966,Available
R0006184,S005357,Emirates,Skywards,Business,144472,5526,365399,Available
R0006185,S005358,Qatar Airways,Privilege Club,Economy,57218,13332,134902,Available
R0006186,S005360,Etihad Airways,Etihad Guest,Business,72013,10415,141284,Available
R0006187,S005360,Emirates,Skywards,Business,65998,7312,169754,Available
R0006188,S005361,Singapore Airlines,KrisFlyer,Business,105880,16247,280542,Available
R0006189,S005361,United Airlines,MileagePlus,Business,143415,14865,458271,Available
R0006190,S005362,Qatar Airways,Privilege Club,First,123142,10807,246362,Available
R0006191,S005363,Etihad Airways,Etihad Guest,Economy,34792,10947,100949,Available
R0006192,S005364,Singapore Airlines,KrisFlyer,Economy,37685,7310,94453,Available
R0006193,S005366,United Airlines,MileagePlus,Business,140404,14320,388630,Available
R0006194,S005366,Air Canada,Aeroplan,Business,148540,8807,426589,Available
R0006195,S005367,Etihad Airways,Etihad Guest,Economy,37843,17969,130704,Available
R0006196,S005367,Singapore Airlines,KrisFlyer,Economy,56119,13110,134213,Available
R0006197,S005369,Singapore Airlines,KrisFlyer,Economy,38487,17371,82237,Available
R0006198,S005369,Etihad Airways,Etihad Guest,Economy,48403,11753,125395,Available
R0006199,S005373,Air India,Flying Returns,Business,146770,11510,361486,Available
R0006200,S005374,Air Canada,Aeroplan,Business,90917,14676,181376,Available
R0006201,S005374,United Airlines,MileagePlus,Business,62899,14146,215234,Available
R0006202,S005375,Air India,Flying Returns,Economy,58386,17229,149689,Available
R0006203,S005375,Lufthansa,Miles & More,Economy,41980,16933,134007,Available
R0006204,S005375,Emirates,Skywards,Economy,50765,7437,152616,Available
R0006205,S005376,Etihad Airways,Etihad Guest,Economy,48795,14287,98177,Available
R0006206,S005376,Air India,Flying Returns,Economy,60399,10156,163003,Available
R0006207,S005376,Lufthansa,Miles & More,Economy,25770,4792,57106,Available
R0006208,S005377,Lufthansa,Miles & More,Economy,28847,13462,63385,Available
R0006209,S005379,Singapore Airlines,KrisFlyer,Economy,30056,13726,89121,Available
R0006210,S005379,Lufthansa,Miles & More,Economy,52503,10354,149054,Available
R0006211,S005380,Qatar Airways,Privilege Club,Economy,63891,5833,188180,Available
R0006212,S005380,Air Canada,Aeroplan,Economy,28608,11785,74310,Available
R0006213,S005381,Qatar Airways,Privilege Club,Economy,40309,12950,102703,Available
R0006214,S005382,Air Canada,Aeroplan,Economy,47021,11919,115326,Available
R0006215,S005382,Lufthansa,Miles & More,Economy,32454,7430,111072,Available
R0006216,S005383,Singapore Airlines,KrisFlyer,Business,86938,13804,170061,Available
R0006217,S005383,Lufthansa,Miles & More,Business,90359,16225,244151,Available
R0006218,S005385,Emirates,Skywards,Economy,51404,5833,124325,Available
R0006219,S005386,Air Canada,Aeroplan,Business,106705,5404,207241,Available
R0006220,S005388,Singapore Airlines,KrisFlyer,Economy,38561,4029,80334,Available
R0006221,S005388,Lufthansa,Miles & More,Economy,29026,9416,58952,Available
R0006222,S005388,Etihad Airways,Etihad Guest,Economy,44027,14422,99405,Available
R0006223,S005389,Emirates,Skywards,Economy,49925,11594,142519,Available
R0006224,S005389,United Airlines,MileagePlus,Economy,38161,14390,77342,Available
R0006225,S005390,Lufthansa,Miles & More,Business,76932,9103,234343,Available
R0006226,S005391,Emirates,Skywards,Business,114144,9946,195351,Available
R0006227,S005391,United Airlines,MileagePlus,Business,144984,7731,397961,Available
R0006228,S005391,Lufthansa,Miles & More,Business,104597,11778,264078,Available
R0006229,S005392,Singapore Airlines,KrisFlyer,Business,141739,15171,263854,Available
R0006230,S005395,Air India,Flying Returns,Business,68047,4777,116149,Available
R0006231,S005396,Lufthansa,Miles & More,Business,74644,15739,175695,Available
R0006232,S005397,Qatar Airways,Privilege Club,First,210573,17079,437357,Available
R0006233,S005397,Singapore Airlines,KrisFlyer,First,211853,6574,427228,Available
R0006234,S005399,Etihad Airways,Etihad Guest,Business,127741,17526,386937,Available
R0006235,S005399,Emirates,Skywards,Business,119981,7896,220571,Available
R0006236,S005402,Emirates,Skywards,Economy,64714,4588,187366,Available
R0006237,S005402,Singapore Airlines,KrisFlyer,Economy,58857,10073,106196,Available
R0006238,S005402,Air Canada,Aeroplan,Economy,49654,16520,137333,Available
R0006239,S005404,Singapore Airlines,KrisFlyer,Economy,31859,13252,111581,Available
R0006240,S005404,Air Canada,Aeroplan,Economy,41568,13919,100480,Available
R0006241,S005405,Singapore Airlines,KrisFlyer,Business,77026,10739,216466,Available
R0006242,S005406,Singapore Airlines,KrisFlyer,Economy,25778,10928,67295,Available
R0006243,S005408,United Airlines,MileagePlus,Economy,45446,12708,141265,Available
R0006244,S005410,Singapore Airlines,KrisFlyer,Business,76994,17919,238873,Available
R0006245,S005411,Emirates,Skywards,Business,100334,17802,248697,Available
R0006246,S005412,United Airlines,MileagePlus,Economy,48871,8015,101632,Available
R0006247,S005413,Emirates,Skywards,Economy,39976,7088,100545,Available
R0006248,S005413,Air India,Flying Returns,Economy,38553,6672,117985,Available
R0006249,S005414,Qatar Airways,Privilege Club,Economy,38388,5097,114632,Available
R0006250,S005415,Lufthansa,Miles & More,Business,134291,16336,356971,Available
R0006251,S005415,United Airlines,MileagePlus,Business,143035,4707,342666,Available
R0006252,S005415,Air India,Flying Returns,Business,64839,3871,113519,Available
R0006253,S005418,Etihad Airways,Etihad Guest,Economy,42439,6938,139778,Available
R0006254,S005418,United Airlines,MileagePlus,Economy,37037,6151,91962,Available
R0006255,S005419,Lufthansa,Miles & More,Economy,27358,9679,85409,Available
R0006256,S005419,Emirates,Skywards,Economy,34611,12917,92764,Available
R0006257,S005421,Etihad Airways,Etihad Guest,Economy,29169,4295,69689,Available
R0006258,S005421,Qatar Airways,Privilege Club,Economy,26060,16454,69177,Available
R0006259,S005422,United Airlines,MileagePlus,Business,129114,10124,220515,Available
R0006260,S005424,Emirates,Skywards,Business,62374,12365,143524,Available
R0006261,S005428,Lufthansa,Miles & More,Business,101715,14874,333293,Available
R0006262,S005429,Emirates,Skywards,Economy,32793,9740,91265,Available
R0006263,S005429,Etihad Airways,Etihad Guest,Economy,59140,10220,130222,Available
R0006264,S005429,Qatar Airways,Privilege Club,Economy,45652,5960,99077,Available
R0006265,S005430,Qatar Airways,Privilege Club,Economy,58033,13125,116760,Available
R0006266,S005431,Qatar Airways,Privilege Club,Business,146665,15306,325865,Available
R0006267,S005432,Singapore Airlines,KrisFlyer,Economy,49440,8327,97788,Available
R0006268,S005432,Lufthansa,Miles & More,Economy,34402,16530,90277,Available
R0006269,S005433,Qatar Airways,Privilege Club,Business,72197,17229,180881,Available
R0006270,S005433,Singapore Airlines,KrisFlyer,Business,145352,4347,452395,Available
R0006271,S005434,Lufthansa,Miles & More,Economy,53585,4791,128496,Available
R0006272,S005434,Air Canada,Aeroplan,Economy,37266,5262,105191,Available
R0006273,S005437,Etihad Airways,Etihad Guest,Economy,51498,13212,150539,Available
R0006274,S005438,Lufthansa,Miles & More,Economy,46306,14819,144162,Available
R0006275,S005438,Air Canada,Aeroplan,Economy,50843,10731,121972,Available
R0006276,S005440,Etihad Airways,Etihad Guest,Business,110910,17886,303787,Available
R0006277,S005441,Air India,Flying Returns,First,145770,4662,385694,Available
R0006278,S005441,Singapore Airlines,KrisFlyer,First,111788,17036,277829,Available
R0006279,S005441,Air Canada,Aeroplan,First,189501,9016,450150,Available
R0006280,S005442,United Airlines,MileagePlus,Business,108842,12202,315986,Available
R0006281,S005443,Air Canada,Aeroplan,Economy,36352,7163,97321,Available
R0006282,S005443,Air India,Flying Returns,Economy,53250,12266,181075,Available
R0006283,S005444,Emirates,Skywards,First,149047,8285,484906,Available
R0006284,S005445,Etihad Airways,Etihad Guest,Economy,58450,14040,142840,Available
R0006285,S005446,Air Canada,Aeroplan,Economy,35875,12860,90138,Available
R0006286,S005446,United Airlines,MileagePlus,Economy,42087,11122,130212,Available
R0006287,S005447,United Airlines,MileagePlus,Economy,60498,4454,114230,Available
R0006288,S005450,Air Canada,Aeroplan,Economy,38567,7129,102505,Available
R0006289,S005450,Lufthansa,Miles & More,Economy,41203,4504,128930,Available
R0006290,S005451,Qatar Airways,Privilege Club,Business,101306,8889,320116,Available
R0006291,S005451,United Airlines,MileagePlus,Business,103905,6541,310192,Available
R0006292,S005453,Air India,Flying Returns,Business,146662,12856,335954,Available
R0006293,S005453,Singapore Airlines,KrisFlyer,Business,70907,8024,146327,Available
R0006294,S005454,Lufthansa,Miles & More,Business,130785,10085,420721,Available
R0006295,S005454,United Airlines,MileagePlus,Business,112436,8080,235289,Available
R0006296,S005454,Air Canada,Aeroplan,Business,132416,4412,387644,Available
R0006297,S005455,Singapore Airlines,KrisFlyer,Economy,53277,10862,131150,Available
R0006298,S005455,Lufthansa,Miles & More,Economy,42559,12531,103273,Available
R0006299,S005455,Air India,Flying Returns,Economy,32144,3934,97107,Available
R0006300,S005456,Air Canada,Aeroplan,Business,73019,16461,171761,Available
R0006301,S005457,Singapore Airlines,KrisFlyer,Business,73970,13042,221543,Available
R0006302,S005458,United Airlines,MileagePlus,Business,117903,17572,232698,Available
R0006303,S005458,Singapore Airlines,KrisFlyer,Business,102394,6430,318264,Available
R0006304,S005459,United Airlines,MileagePlus,Business,92045,15506,216270,Available
R0006305,S005461,Etihad Airways,Etihad Guest,Economy,64987,7713,178552,Available
R0006306,S005461,Singapore Airlines,KrisFlyer,Economy,60439,4358,113205,Available
R0006307,S005462,Singapore Airlines,KrisFlyer,Business,85398,7845,203858,Available
R0006308,S005462,Qatar Airways,Privilege Club,Business,70990,6866,139252,Available
R0006309,S005463,Air Canada,Aeroplan,Economy,41864,12723,133723,Available
R0006310,S005464,Lufthansa,Miles & More,Economy,40756,6573,88759,Available
R0006311,S005464,Singapore Airlines,KrisFlyer,Economy,53557,7738,100973,Available
R0006312,S005465,Air Canada,Aeroplan,Business,130096,11041,405071,Available
R0006313,S005465,Qatar Airways,Privilege Club,Business,85661,13796,249847,Available
R0006314,S005465,United Airlines,MileagePlus,Business,127715,4601,374267,Available
R0006315,S005466,Air India,Flying Returns,Economy,39811,10654,82920,Available
R0006316,S005466,Emirates,Skywards,Economy,26239,13749,75129,Available
R0006317,S005468,Air India,Flying Returns,Economy,31162,6463,57551,Available
R0006318,S005469,Singapore Airlines,KrisFlyer,Economy,35910,10697,78738,Available
R0006319,S005469,Etihad Airways,Etihad Guest,Economy,29625,11877,59699,Available
R0006320,S005470,Air India,Flying Returns,Economy,54633,14143,116348,Available
R0006321,S005470,Emirates,Skywards,Economy,57729,9010,127643,Available
R0006322,S005471,Emirates,Skywards,First,193411,7688,354271,Available
R0006323,S005472,Etihad Airways,Etihad Guest,Economy,31403,9420,75589,Available
R0006324,S005473,Air India,Flying Returns,Business,77888,12433,229071,Available
R0006325,S005473,Singapore Airlines,KrisFlyer,Business,101400,14457,296617,Available
R0006326,S005474,Lufthansa,Miles & More,Economy,45585,17428,92691,Available
R0006327,S005474,Emirates,Skywards,Economy,38999,4826,83451,Available
R0006328,S005476,Emirates,Skywards,First,160050,12645,403458,Available
R0006329,S005477,United Airlines,MileagePlus,Economy,33484,4288,84835,Available
R0006330,S005479,United Airlines,MileagePlus,First,211867,12416,498316,Available
R0006331,S005480,Qatar Airways,Privilege Club,Business,131558,7802,311733,Available
R0006332,S005481,Emirates,Skywards,Economy,63908,12787,140306,Available
R0006333,S005481,Qatar Airways,Privilege Club,Economy,62094,6109,138131,Available
R0006334,S005482,Air Canada,Aeroplan,Business,78401,17226,194144,Available
R0006335,S005482,Qatar Airways,Privilege Club,Business,149730,11453,352762,Available
R0006336,S005483,Air India,Flying Returns,Business,140495,12914,348709,Available
R0006337,S005484,Emirates,Skywards,Economy,48969,14497,165408,Available
R0006338,S005484,United Airlines,MileagePlus,Economy,26494,13123,78201,Available
R0006339,S005485,Air Canada,Aeroplan,Economy,44981,17201,92564,Available
R0006340,S005485,Emirates,Skywards,Economy,58894,13957,127165,Available
R0006341,S005486,Air Canada,Aeroplan,Economy,59485,3557,146379,Available
R0006342,S005487,Etihad Airways,Etihad Guest,Economy,59877,8572,104729,Available
R0006343,S005487,United Airlines,MileagePlus,Economy,33246,11998,118245,Available
R0006344,S005488,Qatar Airways,Privilege Club,Business,68165,16590,197185,Available
R0006345,S005488,Emirates,Skywards,Business,73593,10521,207494,Available
R0006346,S005489,Singapore Airlines,KrisFlyer,Economy,45498,7646,106371,Available
R0006347,S005489,United Airlines,MileagePlus,Economy,55347,10353,104999,Available
R0006348,S005489,Qatar Airways,Privilege Club,Economy,55213,16142,118680,Available
R0006349,S005490,Qatar Airways,Privilege Club,Economy,59574,11154,150142,Available
R0006350,S005491,Emirates,Skywards,Business,104198,16234,336748,Available
R0006351,S005492,Etihad Airways,Etihad Guest,Economy,58351,10607,173166,Available
R0006352,S005492,Air Canada,Aeroplan,Economy,50709,7625,108403,Available
R0006353,S005493,Etihad Airways,Etihad Guest,Economy,25745,10114,82621,Available
R0006354,S005493,Emirates,Skywards,Economy,39829,15902,86222,Available
R0006355,S005494,Air Canada,Aeroplan,Business,126940,8505,212639,Available
R0006356,S005495,Qatar Airways,Privilege Club,Economy,64680,6206,200946,Available
R0006357,S005495,Lufthansa,Miles & More,Economy,29438,15000,86824,Available
R0006358,S005496,Lufthansa,Miles & More,Economy,44144,15989,109388,Available
R0006359,S005496,Qatar Airways,Privilege Club,Economy,50846,10784,129338,Available
R0006360,S005498,Singapore Airlines,KrisFlyer,Business,139385,6452,261381,Available
R0006361,S005498,United Airlines,MileagePlus,Business,125931,12219,238090,Available
R0006362,S005499,Emirates,Skywards,Business,83045,8618,197825,Available
R0006363,S005499,United Airlines,MileagePlus,Business,98478,5475,296367,Available
R0006364,S005501,Air India,Flying Returns,Economy,61498,4271,161556,Available
R0006365,S005502,United Airlines,MileagePlus,Business,107807,13268,257968,Available
R0006366,S005502,Etihad Airways,Etihad Guest,Business,116324,17696,349971,Available
R0006367,S005504,Qatar Airways,Privilege Club,Economy,54592,6243,158850,Available
R0006368,S005504,Singapore Airlines,KrisFlyer,Economy,36002,9738,112310,Available
R0006369,S005504,United Airlines,MileagePlus,Economy,42360,6774,98492,Available
R0006370,S005505,Air India,Flying Returns,First,110786,4416,210890,Available
R0006371,S005506,United Airlines,MileagePlus,Business,94447,13568,292109,Available
R0006372,S005506,Emirates,Skywards,Business,131068,12160,362081,Available
R0006373,S005507,Qatar Airways,Privilege Club,Economy,60848,11182,145700,Available
R0006374,S005508,Etihad Airways,Etihad Guest,Economy,26859,4498,65997,Available
R0006375,S005508,Lufthansa,Miles & More,Economy,40406,8848,76850,Available
R0006376,S005509,Singapore Airlines,KrisFlyer,Economy,37352,13196,131548,Available
R0006377,S005509,Etihad Airways,Etihad Guest,Economy,33704,6002,69884,Available
R0006378,S005510,Emirates,Skywards,Economy,52859,16442,181392,Available
R0006379,S005512,United Airlines,MileagePlus,First,115151,15214,249464,Available
R0006380,S005512,Emirates,Skywards,First,159533,14256,309902,Available
R0006381,S005512,Air Canada,Aeroplan,First,176143,12994,568872,Available
R0006382,S005513,Qatar Airways,Privilege Club,Economy,59597,6487,196900,Available
R0006383,S005513,Air India,Flying Returns,Economy,45047,7337,138263,Available
R0006384,S005513,Lufthansa,Miles & More,Economy,43426,17193,103038,Available
R0006385,S005514,Etihad Airways,Etihad Guest,Business,70530,12932,135708,Available
R0006386,S005515,Emirates,Skywards,Business,79743,12418,264613,Available
R0006387,S005515,Air Canada,Aeroplan,Business,137817,13751,451918,Available
R0006388,S005518,Qatar Airways,Privilege Club,First,158754,5338,370714,Available
R0006389,S005519,Emirates,Skywards,Economy,60242,5472,183832,Available
R0006390,S005520,Lufthansa,Miles & More,Economy,62069,6143,198506,Available
R0006391,S005521,Qatar Airways,Privilege Club,Economy,54285,14686,162053,Available
R0006392,S005521,Singapore Airlines,KrisFlyer,Economy,30035,4216,75018,Available
R0006393,S005525,Lufthansa,Miles & More,Economy,49329,16631,141059,Available
R0006394,S005525,Singapore Airlines,KrisFlyer,Economy,63566,9368,155205,Available
R0006395,S005526,Emirates,Skywards,Business,80830,16418,163989,Available
R0006396,S005526,Air Canada,Aeroplan,Business,81736,7719,190309,Available
R0006397,S005528,Emirates,Skywards,Economy,29932,17108,75700,Available
R0006398,S005528,United Airlines,MileagePlus,Economy,29887,15387,63694,Available
R0006399,S005529,Singapore Airlines,KrisFlyer,Business,141619,12777,456070,Available
R0006400,S005531,Lufthansa,Miles & More,Economy,55652,6420,139044,Available
R0006401,S005534,United Airlines,MileagePlus,Economy,63739,11370,190869,Available
R0006402,S005534,Lufthansa,Miles & More,Economy,40198,17188,96053,Available
R0006403,S005535,Air India,Flying Returns,Economy,34841,7293,109606,Available
R0006404,S005535,United Airlines,MileagePlus,Economy,46850,8017,145195,Available
R0006405,S005536,Etihad Airways,Etihad Guest,Economy,36982,12219,87519,Available
R0006406,S005538,Qatar Airways,Privilege Club,Economy,38226,10165,85657,Available
R0006407,S005538,United Airlines,MileagePlus,Economy,42469,16897,124561,Available
R0006408,S005538,Lufthansa,Miles & More,Economy,58992,15476,158901,Available
R0006409,S005539,Emirates,Skywards,Economy,27160,14430,88297,Available
R0006410,S005539,United Airlines,MileagePlus,Economy,43222,11585,92106,Available
R0006411,S005540,Singapore Airlines,KrisFlyer,Business,135567,10542,295361,Available
R0006412,S005540,Emirates,Skywards,Business,79052,10943,180090,Available
R0006413,S005542,Lufthansa,Miles & More,First,114924,15253,278766,Available
R0006414,S005543,United Airlines,MileagePlus,Economy,64678,4558,169312,Available
R0006415,S005545,Singapore Airlines,KrisFlyer,Business,140387,6247,244498,Available
R0006416,S005545,Emirates,Skywards,Business,134827,12688,391721,Available
R0006417,S005545,Air India,Flying Returns,Business,92605,9472,225138,Available
R0006418,S005546,Air India,Flying Returns,Business,124936,16422,297373,Available
R0006419,S005546,Singapore Airlines,KrisFlyer,Business,70754,5917,123057,Available
R0006420,S005551,United Airlines,MileagePlus,Economy,50994,12542,153403,Available
R0006421,S005551,Singapore Airlines,KrisFlyer,Economy,56864,12030,123817,Available
R0006422,S005551,Etihad Airways,Etihad Guest,Economy,61169,15767,155745,Available
R0006423,S005552,Air Canada,Aeroplan,First,117568,9158,220356,Available
R0006424,S005552,Air India,Flying Returns,First,117708,16056,247854,Available
R0006425,S005554,Singapore Airlines,KrisFlyer,First,154527,7795,345862,Available
R0006426,S005554,Emirates,Skywards,First,191139,14323,408161,Available
R0006427,S005555,Emirates,Skywards,Business,82062,13448,230511,Available
R0006428,S005555,Air Canada,Aeroplan,Business,67573,11706,227409,Available
R0006429,S005556,Emirates,Skywards,Economy,51507,11872,150935,Available
R0006430,S005556,Air India,Flying Returns,Economy,34661,14821,124293,Available
R0006431,S005556,Lufthansa,Miles & More,Economy,34532,6750,116417,Available
R0006432,S005559,Emirates,Skywards,Economy,33287,6783,70582,Available
R0006433,S005560,Air Canada,Aeroplan,Economy,49292,8195,107008,Available
R0006434,S005560,Singapore Airlines,KrisFlyer,Economy,55256,11148,117498,Available
R0006435,S005560,Air India,Flying Returns,Economy,51208,5563,115364,Available
R0006436,S005561,Emirates,Skywards,Economy,29812,4622,68325,Available
R0006437,S005563,Air Canada,Aeroplan,Business,131714,7546,415434,Available
R0006438,S005563,Lufthansa,Miles & More,Business,80938,10483,250320,Available
R0006439,S005564,Air India,Flying Returns,Economy,38447,4308,94469,Available
R0006440,S005564,United Airlines,MileagePlus,Economy,38257,10414,125710,Available
R0006441,S005565,Emirates,Skywards,Economy,39699,3951,116088,Available
R0006442,S005566,Emirates,Skywards,Economy,62363,8935,201513,Available
R0006443,S005566,United Airlines,MileagePlus,Economy,28731,9096,79617,Available
R0006444,S005568,Air India,Flying Returns,Business,113091,16662,361162,Available
R0006445,S005569,Etihad Airways,Etihad Guest,Business,68642,16987,167316,Available
R0006446,S005573,Air India,Flying Returns,Business,68666,7640,212375,Available
R0006447,S005573,United Airlines,MileagePlus,Business,136700,9114,261349,Available
R0006448,S005574,United Airlines,MileagePlus,Business,81688,7082,193549,Available
R0006449,S005574,Air India,Flying Returns,Business,136087,10869,253811,Available
R0006450,S005574,Lufthansa,Miles & More,Business,97608,16197,324302,Available
R0006451,S005577,Air Canada,Aeroplan,Economy,37605,15341,80222,Available
R0006452,S005577,Singapore Airlines,KrisFlyer,Economy,64709,14845,121317,Available
R0006453,S005579,Air India,Flying Returns,Economy,46612,11854,130102,Available
R0006454,S005580,Air India,Flying Returns,Economy,47246,7395,104182,Available
R0006455,S005580,Air Canada,Aeroplan,Economy,28894,9229,55489,Available
R0006456,S005581,Air Canada,Aeroplan,Business,148988,8049,481094,Available
R0006457,S005583,Lufthansa,Miles & More,Business,104663,12057,330263,Available
R0006458,S005583,Etihad Airways,Etihad Guest,Business,132574,15261,396405,Available
R0006459,S005586,Qatar Airways,Privilege Club,Economy,55151,5972,174588,Available
R0006460,S005588,Etihad Airways,Etihad Guest,Business,81810,8824,230718,Available
R0006461,S005589,Qatar Airways,Privilege Club,Economy,42685,14359,136154,Available
R0006462,S005589,Lufthansa,Miles & More,Economy,47304,7045,123339,Available
R0006463,S005590,United Airlines,MileagePlus,Economy,35941,13796,111328,Available
R0006464,S005590,Air India,Flying Returns,Economy,47585,17244,159733,Available
R0006465,S005592,Qatar Airways,Privilege Club,Economy,46318,6393,93574,Available
R0006466,S005592,Air Canada,Aeroplan,Economy,48986,16269,125622,Available
R0006467,S005593,United Airlines,MileagePlus,Economy,28756,8266,58864,Available
R0006468,S005595,Emirates,Skywards,Economy,45522,13126,102105,Available
R0006469,S005595,Air India,Flying Returns,Economy,51720,16160,154865,Available
R0006470,S005595,Etihad Airways,Etihad Guest,Economy,53067,13836,174212,Available
R0006471,S005598,Etihad Airways,Etihad Guest,Business,125816,7089,233392,Available
R0006472,S005598,Lufthansa,Miles & More,Business,124309,12537,285840,Available
R0006473,S005599,Singapore Airlines,KrisFlyer,Business,135128,13917,351166,Available
R0006474,S005601,Lufthansa,Miles & More,Business,78863,15611,240762,Available
R0006475,S005601,Qatar Airways,Privilege Club,Business,104166,8663,316918,Available
R0006476,S005602,Lufthansa,Miles & More,Business,69916,4585,160298,Available
R0006477,S005603,Lufthansa,Miles & More,Business,117370,15674,363764,Available
R0006478,S005603,Air India,Flying Returns,Business,148471,14077,355580,Available
R0006479,S005605,Air Canada,Aeroplan,Economy,45027,12646,111575,Available
R0006480,S005605,Etihad Airways,Etihad Guest,Economy,27306,11303,81562,Available
R0006481,S005606,Qatar Airways,Privilege Club,Economy,54693,15257,150156,Available
R0006482,S005607,Singapore Airlines,KrisFlyer,Business,127012,11369,299727,Available
R0006483,S005607,Emirates,Skywards,Business,69290,11793,136486,Available
R0006484,S005608,Etihad Airways,Etihad Guest,First,142633,3961,358105,Available
R0006485,S005609,United Airlines,MileagePlus,First,172072,15236,366783,Available
R0006486,S005609,Air Canada,Aeroplan,First,152319,14466,460958,Available
R0006487,S005610,Lufthansa,Miles & More,Business,107412,17882,238465,Available
R0006488,S005611,Lufthansa,Miles & More,Economy,44760,12085,107659,Available
R0006489,S005611,Air Canada,Aeroplan,Economy,31214,4483,70893,Available
R0006490,S005612,Qatar Airways,Privilege Club,Economy,64595,13258,129192,Available
R0006491,S005612,Etihad Airways,Etihad Guest,Economy,46177,16779,156410,Available
R0006492,S005612,Emirates,Skywards,Economy,26076,10116,74350,Available
R0006493,S005613,Air Canada,Aeroplan,First,216076,13221,624271,Available
R0006494,S005613,Qatar Airways,Privilege Club,First,113004,12572,266085,Available
R0006495,S005615,Etihad Airways,Etihad Guest,Economy,46009,4252,135638,Available
R0006496,S005616,Qatar Airways,Privilege Club,First,133859,3500,255830,Available
R0006497,S005616,Air India,Flying Returns,First,159735,11836,425499,Available
R0006498,S005617,Air India,Flying Returns,Economy,36495,13272,100260,Available
R0006499,S005619,United Airlines,MileagePlus,Business,142742,12553,250371,Available
R0006500,S005621,United Airlines,MileagePlus,Economy,52768,6514,126853,Available
R0006501,S005621,Lufthansa,Miles & More,Economy,57743,17379,162362,Available
R0006502,S005623,Air Canada,Aeroplan,Business,98424,8288,266779,Available
R0006503,S005624,United Airlines,MileagePlus,Economy,59116,11208,116047,Available
R0006504,S005625,Qatar Airways,Privilege Club,Economy,41732,12242,145319,Available
R0006505,S005626,Lufthansa,Miles & More,First,128184,8109,416222,Available
R0006506,S005627,Air India,Flying Returns,Economy,41684,4862,93688,Available
R0006507,S005628,Air Canada,Aeroplan,Economy,32897,8463,99306,Available
R0006508,S005628,Air India,Flying Returns,Economy,40062,13711,118806,Available
R0006509,S005629,Singapore Airlines,KrisFlyer,Economy,55799,11307,116081,Available
R0006510,S005629,Qatar Airways,Privilege Club,Economy,43505,11117,100241,Available
R0006511,S005630,Qatar Airways,Privilege Club,Economy,29262,5182,98220,Available
R0006512,S005632,Emirates,Skywards,Economy,31608,9216,72704,Available
R0006513,S005633,Air Canada,Aeroplan,Economy,39838,16664,124699,Available
R0006514,S005633,Singapore Airlines,KrisFlyer,Economy,51243,5854,127651,Available
R0006515,S005633,Qatar Airways,Privilege Club,Economy,33297,11359,72323,Available
R0006516,S005635,Singapore Airlines,KrisFlyer,Business,79631,6208,199712,Available
R0006517,S005637,Emirates,Skywards,Business,144907,14954,275347,Available
R0006518,S005637,United Airlines,MileagePlus,Business,123460,17444,373807,Available
R0006519,S005637,Air Canada,Aeroplan,Business,82193,13550,243938,Available
R0006520,S005639,United Airlines,MileagePlus,Economy,55860,8261,134946,Available
R0006521,S005640,United Airlines,MileagePlus,Business,74440,10350,168650,Available
R0006522,S005640,Qatar Airways,Privilege Club,Business,126759,5862,289249,Available
R0006523,S005643,United Airlines,MileagePlus,Business,124493,7584,371269,Available
R0006524,S005645,Emirates,Skywards,Business,107155,15269,198881,Available
R0006525,S005645,Etihad Airways,Etihad Guest,Business,71681,8386,134560,Available
R0006526,S005646,Air Canada,Aeroplan,Economy,32624,14487,87372,Available
R0006527,S005647,Singapore Airlines,KrisFlyer,Economy,56461,11951,182199,Available
R0006528,S005648,Qatar Airways,Privilege Club,Business,68141,13016,142955,Available
R0006529,S005650,Etihad Airways,Etihad Guest,First,196859,5406,488423,Available
R0006530,S005650,Emirates,Skywards,First,119971,11380,246570,Available
R0006531,S005651,Qatar Airways,Privilege Club,Economy,38510,8818,116918,Available
R0006532,S005651,Air Canada,Aeroplan,Economy,30617,10328,59456,Available
R0006533,S005652,Lufthansa,Miles & More,Economy,44491,5212,108554,Available
R0006534,S005654,Lufthansa,Miles & More,Business,100081,13482,173943,Available
R0006535,S005654,Emirates,Skywards,Business,114334,9927,367782,Available
R0006536,S005657,Qatar Airways,Privilege Club,Business,142292,6893,442694,Available
R0006537,S005659,United Airlines,MileagePlus,Business,147437,5843,444193,Available
R0006538,S005659,Emirates,Skywards,Business,127999,6531,373859,Available
R0006539,S005660,Etihad Airways,Etihad Guest,Economy,64764,9189,185302,Available
R0006540,S005660,Air India,Flying Returns,Economy,41336,10837,91438,Available
R0006541,S005661,Emirates,Skywards,Economy,44864,5317,91396,Available
R0006542,S005661,Air Canada,Aeroplan,Economy,26620,9022,83371,Available
R0006543,S005662,Singapore Airlines,KrisFlyer,Business,65482,11141,130083,Available
R0006544,S005662,Lufthansa,Miles & More,Business,65569,16587,214238,Available
R0006545,S005664,Emirates,Skywards,Economy,59833,15135,204904,Available
R0006546,S005664,Air Canada,Aeroplan,Economy,29706,13345,66298,Available
R0006547,S005665,Singapore Airlines,KrisFlyer,Business,138282,11459,445316,Available
R0006548,S005666,Singapore Airlines,KrisFlyer,Economy,56144,3928,174706,Available
R0006549,S005666,United Airlines,MileagePlus,Economy,28170,5436,81391,Available
R0006550,S005666,Air India,Flying Returns,Economy,62129,11913,127348,Available
R0006551,S005667,Emirates,Skywards,Economy,47966,15640,113994,Available
R0006552,S005667,Air India,Flying Returns,Economy,62006,12939,173976,Available
R0006553,S005668,United Airlines,MileagePlus,Business,123959,14365,379844,Available
R0006554,S005668,Qatar Airways,Privilege Club,Business,82708,11192,155292,Available
R0006555,S005669,United Airlines,MileagePlus,Economy,61831,15239,195107,Available
R0006556,S005669,Lufthansa,Miles & More,Economy,45754,7948,146616,Available
R0006557,S005671,Emirates,Skywards,Economy,33127,7130,87877,Available
R0006558,S005672,Lufthansa,Miles & More,Economy,36386,11222,96087,Available
R0006559,S005673,Lufthansa,Miles & More,Business,126915,16524,391403,Available
R0006560,S005674,United Airlines,MileagePlus,Economy,34864,17518,78015,Available
R0006561,S005674,Air Canada,Aeroplan,Economy,40170,17948,100864,Available
R0006562,S005674,Air India,Flying Returns,Economy,27493,7271,72687,Available
R0006563,S005675,Qatar Airways,Privilege Club,Business,112159,9274,292630,Available
R0006564,S005677,Emirates,Skywards,Business,139479,7338,231279,Available
R0006565,S005679,United Airlines,MileagePlus,Business,60207,4414,155427,Available
R0006566,S005679,Singapore Airlines,KrisFlyer,Business,60193,17995,179868,Available
R0006567,S005681,Air Canada,Aeroplan,First,211678,14963,544951,Available
R0006568,S005681,Emirates,Skywards,First,169049,8929,475588,Available
R0006569,S005681,Air India,Flying Returns,First,199839,17317,594918,Available
R0006570,S005683,Lufthansa,Miles & More,Economy,37743,7592,94675,Available
R0006571,S005683,Etihad Airways,Etihad Guest,Economy,51220,5043,125237,Available
R0006572,S005684,Etihad Airways,Etihad Guest,Economy,25253,14510,84878,Available
R0006573,S005684,Air Canada,Aeroplan,Economy,63576,11813,153206,Available
R0006574,S005686,Qatar Airways,Privilege Club,Business,145026,8608,371050,Available
R0006575,S005686,United Airlines,MileagePlus,Business,109381,14029,355026,Available
R0006576,S005688,Air Canada,Aeroplan,Economy,47759,11601,141339,Available
R0006577,S005690,Air Canada,Aeroplan,Business,117524,11388,285209,Available
R0006578,S005690,Air India,Flying Returns,Business,70325,16507,150778,Available
R0006579,S005690,Lufthansa,Miles & More,Business,102150,13032,238067,Available
R0006580,S005691,Qatar Airways,Privilege Club,Business,76747,13624,176287,Available
R0006581,S005691,Air India,Flying Returns,Business,104604,9923,183268,Available
R0006582,S005692,Emirates,Skywards,Economy,42312,6612,118402,Available
R0006583,S005692,Air India,Flying Returns,Economy,52237,7260,156921,Available
R0006584,S005692,Etihad Airways,Etihad Guest,Economy,33066,13952,111567,Available
R0006585,S005693,Emirates,Skywards,Economy,51207,17690,113757,Available
R0006586,S005694,Air India,Flying Returns,Economy,31681,10331,67613,Available
R0006587,S005694,Singapore Airlines,KrisFlyer,Economy,60229,12232,139090,Available
R0006588,S005697,Emirates,Skywards,Business,87454,5530,187177,Available
R0006589,S005697,Air Canada,Aeroplan,Business,137597,13239,412394,Available
R0006590,S005698,Emirates,Skywards,Economy,29891,16531,86421,Available
R0006591,S005701,Emirates,Skywards,First,217717,17727,553687,Available
R0006592,S005701,United Airlines,MileagePlus,First,176474,7871,564643,Available
R0006593,S005701,Air India,Flying Returns,First,137755,5550,288472,Available
R0006594,S005702,Qatar Airways,Privilege Club,Economy,28861,17281,64614,Available
R0006595,S005702,Emirates,Skywards,Economy,57877,6184,155323,Available
R0006596,S005702,Lufthansa,Miles & More,Economy,39001,13076,83503,Available
R0006597,S005704,United Airlines,MileagePlus,Business,132853,12544,323126,Available
R0006598,S005704,Etihad Airways,Etihad Guest,Business,89014,8491,229104,Available
R0006599,S005705,Lufthansa,Miles & More,Business,65901,10374,186174,Available
R0006600,S005705,Air Canada,Aeroplan,Business,79243,13876,246967,Available
R0006601,S005706,United Airlines,MileagePlus,Business,117682,15002,240203,Available
R0006602,S005707,Lufthansa,Miles & More,Economy,51695,10400,123430,Available
R0006603,S005707,Air India,Flying Returns,Economy,43189,4079,137205,Available
R0006604,S005710,Singapore Airlines,KrisFlyer,First,121189,3573,198646,Available
R0006605,S005712,Etihad Airways,Etihad Guest,Business,92194,4961,193300,Available
R0006606,S005712,Singapore Airlines,KrisFlyer,Business,134624,15271,268814,Available
R0006607,S005712,Lufthansa,Miles & More,Business,79322,3909,180527,Available
R0006608,S005713,Singapore Airlines,KrisFlyer,Economy,46335,8141,103142,Available
R0006609,S005715,Singapore Airlines,KrisFlyer,Economy,58271,15840,193253,Available
R0006610,S005717,Lufthansa,Miles & More,Economy,52019,6147,106651,Available
R0006611,S005718,Etihad Airways,Etihad Guest,Business,60432,12801,199079,Available
R0006612,S005719,Air Canada,Aeroplan,Economy,51550,14654,122728,Available
R0006613,S005719,Emirates,Skywards,Economy,40251,11657,135399,Available
R0006614,S005720,United Airlines,MileagePlus,Business,138811,11134,434705,Available
R0006615,S005720,Air India,Flying Returns,Business,116715,6469,348127,Available
R0006616,S005721,Air India,Flying Returns,Business,108635,17259,328963,Available
R0006617,S005721,Qatar Airways,Privilege Club,Business,101013,12209,193445,Available
R0006618,S005722,Etihad Airways,Etihad Guest,Economy,53468,4121,111711,Available
R0006619,S005722,Lufthansa,Miles & More,Economy,60423,12939,204836,Available
R0006620,S005722,United Airlines,MileagePlus,Economy,39653,13024,91539,Available
R0006621,S005724,United Airlines,MileagePlus,Economy,50568,9692,104154,Available
R0006622,S005724,Singapore Airlines,KrisFlyer,Economy,47355,10177,98793,Available
R0006623,S005726,Qatar Airways,Privilege Club,Business,146259,8069,248738,Available
R0006624,S005726,Air Canada,Aeroplan,Business,94995,6422,222441,Available
R0006625,S005727,Singapore Airlines,KrisFlyer,Business,62645,13371,172267,Available
R0006626,S005729,Qatar Airways,Privilege Club,Business,109704,16470,270735,Available
R0006627,S005731,United Airlines,MileagePlus,Economy,34922,13575,109025,Available
R0006628,S005732,United Airlines,MileagePlus,Economy,47427,5048,137898,Available
R0006629,S005733,Air Canada,Aeroplan,Business,132845,4243,237232,Available
R0006630,S005734,Lufthansa,Miles & More,Economy,36002,3749,83158,Available
R0006631,S005734,Singapore Airlines,KrisFlyer,Economy,25865,12072,61402,Available
R0006632,S005737,Lufthansa,Miles & More,Economy,27970,10505,68760,Available
R0006633,S005737,Emirates,Skywards,Economy,26490,10105,73903,Available
R0006634,S005737,Air India,Flying Returns,Economy,32478,5848,93949,Available
R0006635,S005739,Lufthansa,Miles & More,Economy,28403,5252,80672,Available
R0006636,S005740,Lufthansa,Miles & More,Business,130914,6271,405901,Available
R0006637,S005742,Air India,Flying Returns,Business,139005,15953,372181,Available
R0006638,S005743,Emirates,Skywards,Economy,35262,6731,99813,Available
R0006639,S005743,United Airlines,MileagePlus,Economy,60489,16735,122489,Available
R0006640,S005746,United Airlines,MileagePlus,Economy,25183,6145,57309,Available
R0006641,S005746,Qatar Airways,Privilege Club,Economy,59062,5136,111244,Available
R0006642,S005747,United Airlines,MileagePlus,Economy,35349,3604,65639,Available
R0006643,S005747,Singapore Airlines,KrisFlyer,Economy,46730,5676,101877,Available
R0006644,S005747,Etihad Airways,Etihad Guest,Economy,63423,4633,154809,Available
R0006645,S005750,Emirates,Skywards,Business,102239,10309,176816,Available
R0006646,S005753,Qatar Airways,Privilege Club,Economy,52052,3712,96598,Available
R0006647,S005755,United Airlines,MileagePlus,Economy,34816,16660,84134,Available
R0006648,S005756,Singapore Airlines,KrisFlyer,Business,92839,6289,273255,Available
R0006649,S005756,Qatar Airways,Privilege Club,Business,96472,4499,214844,Available
R0006650,S005758,Emirates,Skywards,Economy,45488,6295,124869,Available
R0006651,S005760,Lufthansa,Miles & More,Economy,50051,5811,118882,Available
R0006652,S005760,Emirates,Skywards,Economy,37410,17021,85502,Available
R0006653,S005760,Qatar Airways,Privilege Club,Economy,50778,15205,126479,Available
R0006654,S005764,Singapore Airlines,KrisFlyer,First,202635,5125,409085,Available
R0006655,S005765,United Airlines,MileagePlus,Economy,27262,6166,66570,Available
R0006656,S005766,Singapore Airlines,KrisFlyer,First,217377,13217,453279,Available
R0006657,S005768,Lufthansa,Miles & More,Business,66803,15549,143024,Available
R0006658,S005768,United Airlines,MileagePlus,Business,72179,8466,174510,Available
R0006659,S005769,United Airlines,MileagePlus,Economy,35554,14497,118905,Available
R0006660,S005769,Lufthansa,Miles & More,Economy,47814,7872,107485,Available
R0006661,S005770,Air Canada,Aeroplan,Business,98313,12087,228984,Available
R0006662,S005770,Qatar Airways,Privilege Club,Business,141687,12472,339944,Available
R0006663,S005773,Air Canada,Aeroplan,Business,80553,3756,248562,Available
R0006664,S005774,Air India,Flying Returns,Business,149248,17843,419030,Available
R0006665,S005774,Air Canada,Aeroplan,Business,130787,11576,308356,Available
R0006666,S005774,Singapore Airlines,KrisFlyer,Business,112184,16717,196538,Available
R0006667,S005779,Air India,Flying Returns,Economy,32926,15789,85723,Available
R0006668,S005780,Emirates,Skywards,Business,72095,9670,209142,Available
R0006669,S005781,Air Canada,Aeroplan,Economy,64055,8309,129187,Available
R0006670,S005782,Air India,Flying Returns,Business,61755,10655,124923,Available
R0006671,S005782,United Airlines,MileagePlus,Business,90107,7601,209655,Available
R0006672,S005784,Etihad Airways,Etihad Guest,Business,114570,11571,270017,Available
R0006673,S005786,Lufthansa,Miles & More,Business,69610,17953,146029,Available
R0006674,S005786,Air India,Flying Returns,Business,104168,11227,204375,Available
R0006675,S005790,Etihad Airways,Etihad Guest,Business,77666,12654,240600,Available
R0006676,S005790,United Airlines,MileagePlus,Business,146582,12662,399925,Available
R0006677,S005791,Air Canada,Aeroplan,Business,114611,17781,368934,Available
R0006678,S005793,United Airlines,MileagePlus,Economy,38295,7113,72642,Available
R0006679,S005794,Air Canada,Aeroplan,Economy,54432,6804,134255,Available
R0006680,S005794,Air India,Flying Returns,Economy,60593,5586,166810,Available
R0006681,S005795,Air India,Flying Returns,Economy,30853,15038,96047,Available
R0006682,S005796,Qatar Airways,Privilege Club,Business,98620,12671,301524,Available
R0006683,S005796,Etihad Airways,Etihad Guest,Business,113732,11628,208307,Available
R0006684,S005797,Etihad Airways,Etihad Guest,Business,139037,8260,258919,Available
R0006685,S005797,United Airlines,MileagePlus,Business,62238,10554,205012,Available
R0006686,S005798,Qatar Airways,Privilege Club,First,138008,7108,311160,Available
R0006687,S005800,Air India,Flying Returns,Business,65710,9407,115434,Available
R0006688,S005801,Air India,Flying Returns,Economy,44263,10486,140757,Available
R0006689,S005801,Air Canada,Aeroplan,Economy,64532,15252,176238,Available
R0006690,S005803,Etihad Airways,Etihad Guest,Economy,53635,11015,100365,Available
R0006691,S005803,Air India,Flying Returns,Economy,41407,7518,131727,Available
R0006692,S005804,United Airlines,MileagePlus,Economy,50761,14601,126753,Available
R0006693,S005806,Lufthansa,Miles & More,First,186641,8415,457752,Available
R0006694,S005807,Lufthansa,Miles & More,Business,82997,6739,205567,Available
R0006695,S005807,Air Canada,Aeroplan,Business,149183,6275,330891,Available
R0006696,S005807,Etihad Airways,Etihad Guest,Business,97479,15424,217803,Available
R0006697,S005808,Qatar Airways,Privilege Club,Economy,32148,4282,64951,Available
R0006698,S005809,Etihad Airways,Etihad Guest,Economy,39925,15724,118895,Available
R0006699,S005809,Lufthansa,Miles & More,Economy,55512,14993,150582,Available
R0006700,S005810,Emirates,Skywards,Business,136846,15812,327169,Available
R0006701,S005810,Qatar Airways,Privilege Club,Business,61340,15455,189187,Available
R0006702,S005810,Air India,Flying Returns,Business,135743,7803,307446,Available
R0006703,S005811,Lufthansa,Miles & More,Business,129239,8225,396719,Available
R0006704,S005812,Qatar Airways,Privilege Club,Economy,33038,6202,76539,Available
R0006705,S005813,United Airlines,MileagePlus,Business,127632,12709,222233,Available
R0006706,S005817,Qatar Airways,Privilege Club,Business,81708,9399,165908,Available
R0006707,S005818,Etihad Airways,Etihad Guest,Business,137768,8925,445349,Available
R0006708,S005819,Singapore Airlines,KrisFlyer,Economy,38840,17021,109684,Available
R0006709,S005821,Etihad Airways,Etihad Guest,Business,145137,17688,462513,Available
R0006710,S005821,United Airlines,MileagePlus,Business,88843,14578,209370,Available
R0006711,S005822,Air Canada,Aeroplan,Business,122296,16542,356819,Available
R0006712,S005822,Etihad Airways,Etihad Guest,Business,125475,10996,325642,Available
R0006713,S005823,Etihad Airways,Etihad Guest,Economy,46877,3715,149974,Available
R0006714,S005823,United Airlines,MileagePlus,Economy,40642,15240,134527,Available
R0006715,S005824,Qatar Airways,Privilege Club,First,119027,15255,242781,Available
R0006716,S005825,Etihad Airways,Etihad Guest,Economy,49861,3903,159531,Available
R0006717,S005825,Emirates,Skywards,Economy,25384,5690,74963,Available
R0006718,S005826,Qatar Airways,Privilege Club,Business,97408,5005,308071,Available
R0006719,S005829,Lufthansa,Miles & More,Economy,29944,12658,89199,Available
R0006720,S005830,Etihad Airways,Etihad Guest,Business,129225,11045,343113,Available
R0006721,S005830,Emirates,Skywards,Business,87548,7895,183697,Available
R0006722,S005830,Air India,Flying Returns,Business,125643,14100,359588,Available
R0006723,S005832,Air Canada,Aeroplan,Economy,27399,5693,81549,Available
R0006724,S005833,Qatar Airways,Privilege Club,Economy,34315,5581,60588,Available
R0006725,S005833,Air India,Flying Returns,Economy,60231,10461,158418,Available
R0006726,S005833,United Airlines,MileagePlus,Economy,54484,10386,177115,Available
R0006727,S005834,Lufthansa,Miles & More,Economy,61182,17741,173387,Available
R0006728,S005835,Singapore Airlines,KrisFlyer,Economy,60018,14068,150037,Available
R0006729,S005837,Qatar Airways,Privilege Club,Business,146630,9994,399435,Available
R0006730,S005837,United Airlines,MileagePlus,Business,67276,12518,183311,Available
R0006731,S005838,Emirates,Skywards,First,152264,9812,334716,Available
R0006732,S005841,United Airlines,MileagePlus,Economy,56623,6049,143828,Available
R0006733,S005841,Air Canada,Aeroplan,Economy,61094,17218,212701,Available
R0006734,S005842,Etihad Airways,Etihad Guest,Business,109328,13529,204210,Available
R0006735,S005842,Emirates,Skywards,Business,88534,15609,211257,Available
R0006736,S005843,Emirates,Skywards,Economy,51789,5809,113321,Available
R0006737,S005845,Air India,Flying Returns,Business,81258,11385,159783,Available
R0006738,S005845,Air Canada,Aeroplan,Business,71195,11431,210528,Available
R0006739,S005845,United Airlines,MileagePlus,Business,83099,14507,242936,Available
R0006740,S005846,United Airlines,MileagePlus,Economy,33462,3515,79002,Available
R0006741,S005846,Air India,Flying Returns,Economy,29242,10098,86489,Available
R0006742,S005846,Lufthansa,Miles & More,Economy,57542,15711,198602,Available
R0006743,S005848,United Airlines,MileagePlus,Business,71164,14312,135539,Available
R0006744,S005853,Qatar Airways,Privilege Club,Business,103303,9799,315759,Available
R0006745,S005853,United Airlines,MileagePlus,Business,104679,11984,256686,Available
R0006746,S005853,Emirates,Skywards,Business,136911,16503,348581,Available
R0006747,S005854,Lufthansa,Miles & More,Business,89254,11903,288029,Available
R0006748,S005854,Air Canada,Aeroplan,Business,105642,17484,199481,Available
R0006749,S005855,Emirates,Skywards,Economy,58929,15793,120814,Available
R0006750,S005855,Air India,Flying Returns,Economy,36169,6108,85242,Available
R0006751,S005856,United Airlines,MileagePlus,Business,82227,5935,266037,Available
R0006752,S005857,Air Canada,Aeroplan,Economy,45633,13302,113446,Available
R0006753,S005858,Etihad Airways,Etihad Guest,Economy,46289,7141,146491,Available
R0006754,S005858,Emirates,Skywards,Economy,60037,10379,169047,Available
R0006755,S005862,Qatar Airways,Privilege Club,Economy,50735,6818,163526,Available
R0006756,S005862,Singapore Airlines,KrisFlyer,Economy,26008,9177,79188,Available
R0006757,S005864,United Airlines,MileagePlus,Economy,29803,3816,57322,Available
R0006758,S005864,Air India,Flying Returns,Economy,61167,16399,143923,Available
R0006759,S005865,Air India,Flying Returns,Economy,36605,17987,85621,Available
R0006760,S005865,Lufthansa,Miles & More,Economy,47670,12699,127007,Available
R0006761,S005868,Emirates,Skywards,Economy,26053,15873,61994,Available
R0006762,S005868,Singapore Airlines,KrisFlyer,Economy,48497,15148,96182,Available
R0006763,S005870,Qatar Airways,Privilege Club,Economy,61022,10881,170607,Available
R0006764,S005871,Lufthansa,Miles & More,Economy,38105,6512,91116,Available
R0006765,S005871,United Airlines,MileagePlus,Economy,42005,6534,109299,Available
R0006766,S005872,Lufthansa,Miles & More,Economy,27374,16788,66658,Available
R0006767,S005872,United Airlines,MileagePlus,Economy,33327,9245,65017,Available
R0006768,S005874,Air Canada,Aeroplan,Business,126622,11208,279578,Available
R0006769,S005876,Lufthansa,Miles & More,Economy,58801,15838,179694,Available
R0006770,S005876,Air Canada,Aeroplan,Economy,52673,10870,156905,Available
R0006771,S005878,Etihad Airways,Etihad Guest,Economy,61282,12561,117393,Available
R0006772,S005880,Emirates,Skywards,Economy,49772,3563,114430,Available
R0006773,S005880,Qatar Airways,Privilege Club,Economy,52214,17826,118848,Available
R0006774,S005881,Singapore Airlines,KrisFlyer,Economy,34724,5172,84621,Available
R0006775,S005881,Lufthansa,Miles & More,Economy,47415,12949,117980,Available
R0006776,S005883,Singapore Airlines,KrisFlyer,Business,135171,3945,360894,Available
R0006777,S005883,Air India,Flying Returns,Business,149065,6351,440194,Available
R0006778,S005885,United Airlines,MileagePlus,First,202065,12001,485927,Available
R0006779,S005885,Lufthansa,Miles & More,First,148478,11344,477503,Available
R0006780,S005885,Etihad Airways,Etihad Guest,First,146419,14707,480406,Available
R0006781,S005886,Emirates,Skywards,Economy,55343,6866,117865,Available
R0006782,S005886,Singapore Airlines,KrisFlyer,Economy,47210,4717,97374,Available
R0006783,S005887,Emirates,Skywards,Economy,29620,5000,54461,Available
R0006784,S005888,Air India,Flying Returns,Business,139988,11259,299580,Available
R0006785,S005888,United Airlines,MileagePlus,Business,97259,7547,248975,Available
R0006786,S005889,Etihad Airways,Etihad Guest,Economy,34170,8388,63535,Available
R0006787,S005889,Air India,Flying Returns,Economy,56582,5118,118090,Available
R0006788,S005890,United Airlines,MileagePlus,Economy,54745,17186,122300,Available
R0006789,S005891,Lufthansa,Miles & More,Business,136652,7379,305268,Available
R0006790,S005893,Air Canada,Aeroplan,First,113236,7980,232870,Available
R0006791,S005893,Emirates,Skywards,First,148123,17977,312464,Available
R0006792,S005896,Air Canada,Aeroplan,Business,100875,16621,245692,Available
R0006793,S005897,Singapore Airlines,KrisFlyer,Business,130629,3855,404043,Available
R0006794,S005897,Lufthansa,Miles & More,Business,146912,9214,422525,Available
R0006795,S005898,Etihad Airways,Etihad Guest,Business,116431,9501,336898,Available
R0006796,S005898,Qatar Airways,Privilege Club,Business,122425,13155,241564,Available
R0006797,S005900,United Airlines,MileagePlus,First,164648,9992,295529,Available
R0006798,S005902,Etihad Airways,Etihad Guest,Economy,26767,14776,75673,Available
R0006799,S005902,United Airlines,MileagePlus,Economy,31995,14378,108865,Available
R0006800,S005903,Emirates,Skywards,Business,61556,13384,186675,Available
R0006801,S005904,Etihad Airways,Etihad Guest,Business,72811,17112,146171,Available
R0006802,S005905,Lufthansa,Miles & More,Economy,61953,14517,198813,Available
R0006803,S005907,United Airlines,MileagePlus,Business,73998,12598,211669,Available
R0006804,S005908,Etihad Airways,Etihad Guest,Economy,48437,6840,105634,Available
R0006805,S005909,Emirates,Skywards,Business,98831,11668,291659,Available
R0006806,S005909,Etihad Airways,Etihad Guest,Business,105484,3571,182334,Available
R0006807,S005911,Singapore Airlines,KrisFlyer,First,183761,5585,517526,Available
R0006808,S005911,Emirates,Skywards,First,203918,7743,408288,Available
R0006809,S005912,Qatar Airways,Privilege Club,Economy,54844,6263,175069,Available
R0006810,S005913,Lufthansa,Miles & More,Economy,35681,14089,95990,Available
R0006811,S005913,Qatar Airways,Privilege Club,Economy,51664,7747,124271,Available
R0006812,S005915,Qatar Airways,Privilege Club,Business,78547,12432,150323,Available
R0006813,S005916,Lufthansa,Miles & More,Economy,50970,9091,162992,Available
R0006814,S005917,Singapore Airlines,KrisFlyer,Economy,49008,14904,163541,Available
R0006815,S005917,Air Canada,Aeroplan,Economy,52352,14519,132595,Available
R0006816,S005918,Etihad Airways,Etihad Guest,Business,71422,9140,131473,Available
R0006817,S005918,United Airlines,MileagePlus,Business,72106,11836,145864,Available
R0006818,S005920,Etihad Airways,Etihad Guest,Business,81199,9802,187554,Available
R0006819,S005921,Emirates,Skywards,Business,80991,17358,203608,Available
R0006820,S005922,Air Canada,Aeroplan,Business,78946,12000,198808,Available
R0006821,S005923,Air India,Flying Returns,Economy,58574,8650,160548,Available
R0006822,S005923,Etihad Airways,Etihad Guest,Economy,43461,12960,149838,Available
R0006823,S005928,Air Canada,Aeroplan,Economy,58512,17199,152405,Available
R0006824,S005930,Air Canada,Aeroplan,Economy,54568,8205,161756,Available
R0006825,S005930,Emirates,Skywards,Economy,50159,5347,143217,Available
R0006826,S005930,Lufthansa,Miles & More,Economy,41168,12324,98854,Available
R0006827,S005932,Qatar Airways,Privilege Club,Business,112186,7169,349054,Available
R0006828,S005933,Lufthansa,Miles & More,Business,68791,4685,142037,Available
R0006829,S005935,Air Canada,Aeroplan,Business,138182,14608,389200,Available
R0006830,S005935,Singapore Airlines,KrisFlyer,Business,111391,3975,302955,Available
R0006831,S005936,Qatar Airways,Privilege Club,First,127764,13194,323678,Available
R0006832,S005938,Singapore Airlines,KrisFlyer,Economy,44515,7820,144507,Available
R0006833,S005938,Lufthansa,Miles & More,Economy,37339,11280,79647,Available
R0006834,S005938,Qatar Airways,Privilege Club,Economy,33923,13699,120285,Available
R0006835,S005939,United Airlines,MileagePlus,Business,118854,8486,360256,Available
R0006836,S005939,Emirates,Skywards,Business,112727,17625,282171,Available
R0006837,S005939,Etihad Airways,Etihad Guest,Business,143728,4916,262099,Available
R0006838,S005941,Qatar Airways,Privilege Club,Business,89048,14036,257466,Available
R0006839,S005941,Lufthansa,Miles & More,Business,91187,16981,187858,Available
R0006840,S005942,Qatar Airways,Privilege Club,Economy,57098,14473,143317,Available
R0006841,S005943,Etihad Airways,Etihad Guest,Economy,54913,10957,159076,Available
R0006842,S005943,Emirates,Skywards,Economy,50633,13811,99339,Available
R0006843,S005944,Air India,Flying Returns,Business,115698,11368,377779,Available
R0006844,S005945,Emirates,Skywards,Business,118936,17920,236945,Available
R0006845,S005946,Air India,Flying Returns,Business,130852,9730,405473,Available
R0006846,S005946,Air Canada,Aeroplan,Business,139438,13259,293179,Available
R0006847,S005947,Emirates,Skywards,Economy,58626,4219,146196,Available
R0006848,S005947,Qatar Airways,Privilege Club,Economy,41530,9609,122426,Available
R0006849,S005948,Air India,Flying Returns,Business,101026,17727,205488,Available
R0006850,S005948,Air Canada,Aeroplan,Business,145344,10025,347044,Available
R0006851,S005949,Air Canada,Aeroplan,Economy,47511,13022,157708,Available
R0006852,S005951,Etihad Airways,Etihad Guest,Business,120489,11536,336456,Available
R0006853,S005952,Air Canada,Aeroplan,Economy,38039,4515,109571,Available
R0006854,S005952,Emirates,Skywards,Economy,32925,11104,78883,Available
R0006855,S005953,Etihad Airways,Etihad Guest,Economy,31925,12782,90004,Available
R0006856,S005953,United Airlines,MileagePlus,Economy,33307,17830,75171,Available
R0006857,S005954,United Airlines,MileagePlus,Business,125077,17452,321436,Available
R0006858,S005955,Qatar Airways,Privilege Club,Business,81713,3561,245766,Available
R0006859,S005956,Etihad Airways,Etihad Guest,Economy,44997,12282,134529,Available
R0006860,S005957,Air India,Flying Returns,Business,78212,12491,222954,Available
R0006861,S005957,Etihad Airways,Etihad Guest,Business,114940,4017,370144,Available
R0006862,S005958,Emirates,Skywards,Economy,47147,10313,121922,Available
R0006863,S005959,United Airlines,MileagePlus,Economy,40854,11409,138447,Available
R0006864,S005959,Qatar Airways,Privilege Club,Economy,45476,10453,140204,Available
R0006865,S005960,Etihad Airways,Etihad Guest,Economy,32087,15421,102528,Available
R0006866,S005960,Air Canada,Aeroplan,Economy,36986,10101,111823,Available
R0006867,S005960,Air India,Flying Returns,Economy,48866,5602,88238,Available
R0006868,S005962,Qatar Airways,Privilege Club,First,192092,15267,426250,Available
R0006869,S005963,Lufthansa,Miles & More,Economy,46882,5829,85454,Available
R0006870,S005967,United Airlines,MileagePlus,Economy,34613,9503,105972,Available
R0006871,S005968,Emirates,Skywards,Business,124264,4186,361796,Available
R0006872,S005968,Singapore Airlines,KrisFlyer,Business,111432,10575,280901,Available
R0006873,S005970,Etihad Airways,Etihad Guest,Economy,29884,7855,67985,Available
R0006874,S005971,Emirates,Skywards,Economy,48418,10291,104190,Available
R0006875,S005971,Air Canada,Aeroplan,Economy,25496,13226,91966,Available
R0006876,S005972,Lufthansa,Miles & More,Economy,32649,5435,97330,Available
R0006877,S005972,Qatar Airways,Privilege Club,Economy,47808,9409,122676,Available
R0006878,S005974,United Airlines,MileagePlus,Business,62070,6148,189071,Available
R0006879,S005974,Singapore Airlines,KrisFlyer,Business,134161,14349,400678,Available
R0006880,S005974,Lufthansa,Miles & More,Business,98253,12591,294236,Available
R0006881,S005975,Air India,Flying Returns,Economy,40675,9153,122610,Available
R0006882,S005976,United Airlines,MileagePlus,Business,132136,5551,240033,Available
R0006883,S005976,Emirates,Skywards,Business,139054,12163,318410,Available
R0006884,S005976,Etihad Airways,Etihad Guest,Business,96295,11334,280351,Available
R0006885,S005978,Air India,Flying Returns,Business,71516,8708,164642,Available
R0006886,S005980,Qatar Airways,Privilege Club,Business,60837,15709,144278,Available
R0006887,S005980,Air India,Flying Returns,Business,138627,5859,343172,Available
R0006888,S005983,Singapore Airlines,KrisFlyer,Business,139428,9587,412894,Available
R0006889,S005984,Singapore Airlines,KrisFlyer,Economy,61470,11544,120719,Available
R0006890,S005984,Air Canada,Aeroplan,Economy,42893,10720,81140,Available
R0006891,S005985,Emirates,Skywards,Economy,39546,11880,124096,Available
R0006892,S005985,Air Canada,Aeroplan,Economy,58271,13422,199361,Available
R0006893,S005986,Singapore Airlines,KrisFlyer,Business,65607,15032,174842,Available
R0006894,S005987,Air Canada,Aeroplan,Economy,39924,13550,107192,Available
R0006895,S005987,Lufthansa,Miles & More,Economy,37958,13313,95702,Available
R0006896,S005987,Air India,Flying Returns,Economy,48746,6906,137122,Available
R0006897,S005989,Singapore Airlines,KrisFlyer,Economy,29781,17838,71749,Available
R0006898,S005989,Air India,Flying Returns,Economy,49161,7033,150498,Available
R0006899,S005990,Etihad Airways,Etihad Guest,Economy,28476,15382,65527,Available
R0006900,S005990,Singapore Airlines,KrisFlyer,Economy,58047,16457,121626,Available
R0006901,S005991,Etihad Airways,Etihad Guest,Economy,63955,4120,123275,Available
R0006902,S005993,Emirates,Skywards,Economy,47189,17545,106271,Available
R0006903,S005993,Air India,Flying Returns,Economy,41550,8699,110470,Available
R0006904,S005993,Qatar Airways,Privilege Club,Economy,34665,11245,93744,Available
R0006905,S005997,Qatar Airways,Privilege Club,Business,118118,16184,284673,Available
R0006906,S005997,Emirates,Skywards,Business,147025,16923,430981,Available
R0006907,S005997,Air Canada,Aeroplan,Business,124219,4794,222612,Available
R0006908,S005999,Etihad Airways,Etihad Guest,Economy,47667,12312,148328,Available
R0006909,S006000,Air Canada,Aeroplan,Economy,32850,7932,66831,Available
R0006910,S006000,Qatar Airways,Privilege Club,Economy,28229,14436,98416,Available
