click_id,result_id,search_id,user_id,click_date
C000001,R0006057,S005257,U0143,2026-05-28
C000002,R0000638,S000563,U0275,2026-06-02
C000003,R0001931,S001682,U0352,2026-02-27
C000004,R0004415,S003809,U0301,2026-03-03
C000005,R0004657,S004006,U0322,2026-07-21
C000006,R0002811,S002436,U0335,2026-04-05
C000007,R0003669,S003167,U0302,2026-06-16
C000008,R0001482,S001279,U0122,2026-02-28
C000009,R0003761,S003243,U0479,2026-01-07
C000010,R0004448,S003835,U0232,2026-05-24
C000011,R0004169,S003586,U0134,2026-03-09
C000012,R0005691,S004937,U0251,2026-03-25
C000013,R0000017,S000014,U0304,2026-03-24
C000014,R0006848,S005947,U0450,2026-02-05
C000015,R0005556,S004820,U0089,2026-08-22
C000016,R0001904,S001661,U0170,2026-05-14
C000017,R0002100,S001834,U0078,2026-05-17
C000018,R0005741,S004976,U0060,2026-08-07
C000019,R0004751,S004101,U0185,2026-02-17
C000020,R0004736,S004079,U0161,2026-03-18
C000021,R0005078,S004394,U0232,2026-08-24
C000022,R0001293,S001117,U0360,2026-05-01
C000023,R0006322,S005471,U0441,2026-03-09
C000024,R0001702,S001465,U0036,2026-02-28
C000025,R0005042,S004366,U0473,2026-07-17
C000026,R0000840,S000736,U0079,2026-06-14
C000027,R0001941,S001698,U0351,2026-07-03
C000028,R0002788,S002417,U0189,2026-01-01
C000029,R0001825,S001585,U0337,2026-07-15
C000030,R0006189,S005361,U0174,2026-06-17
C000031,R0005346,S004642,U0321,2026-07-28
C000032,R0003190,S002784,U0416,2026-07-02
C000033,R0005724,S004961,U0145,2026-01-24
C000034,R0006324,S005473,U0079,2026-02-13
C000035,R0005968,S005175,U0156,2026-03-05
C000036,R0001265,S001096,U0249,2026-03-20
C000037,R0001045,S000907,U0357,2026-06-11
C000038,R0003270,S002836,U0392,2026-07-18
C000039,R0004894,S004240,U0138,2026-08-05
C000040,R0003640,S003140,U0258,2026-07-14
C000041,R0005661,S004917,U0043,2026-01-06
C000042,R0000547,S000475,U0336,2026-08-11
C000043,R0004296,S003702,U0434,2026-04-25
C000044,R0006144,S005328,U0201,2026-04-11
C000045,R0004301,S003708,U0161,2026-02-11
C000046,R0004018,S003461,U0155,2026-05-21
C000047,R0004492,S003866,U0246,2026-03-30
C000048,R0005942,S005149,U0110,2026-05-24
C000049,R0000465,S000407,U0169,2026-03-23
C000050,R0002287,S001996,U0162,2026-06-13
C000051,R0004529,S003889,U0129,2026-08-14
C000052,R0006202,S005375,U0426,2026-08-22
C000053,R0005899,S005116,U0216,2026-07-17
C000054,R0000617,S000547,U0327,2026-08-13
C000055,R0000003,S000003,U0473,2026-04-20
C000056,R0006180,S005356,U0347,2026-04-13
C000057,R0001938,S001693,U0424,2026-03-04
C000058,R0003230,S002808,U0138,2026-05-31
C000059,R0005918,S005131,U0189,2026-05-25
C000060,R0005694,S004938,U0051,2026-07-28
C000061,R0002712,S002359,U0343,2026-01-05
C000062,R0000459,S000403,U0500,2026-04-27
C000063,R0005444,S004734,U0216,2026-01-24
C000064,R0000052,S000042,U0253,2026-05-01
C000065,R0000741,S000654,U0030,2026-02-04
C000066,R0005597,S004854,U0388,2026-08-07
C000067,R0001082,S000944,U0081,2026-06-10
C000068,R0006756,S005862,U0431,2026-08-13
C000069,R0003685,S003182,U0100,2026-03-24
C000070,R0006184,S005357,U0308,2026-02-13
C000071,R0000882,S000777,U0355,2026-05-25
C000072,R0003436,S002983,U0450,2026-02-17
C000073,R0004241,S003646,U0311,2026-08-23
C000074,R0004972,S004303,U0051,2026-08-20
C000075,R0005300,S004594,U0173,2026-02-27
C000076,R0006523,S005643,U0002,2026-03-30
C000077,R0001419,S001218,U0281,2026-05-27
C000078,R0000962,S000844,U0167,2026-08-02
C000079,R0000709,S000629,U0063,2026-04-28
C000080,R0005699,S004943,U0384,2026-07-12
C000081,R0001335,S001149,U0143,2026-04-14
C000082,R0004478,S003857,U0131,2026-04-21
C000083,R0005023,S004354,U0299,2026-07-12
C000084,R0006851,S005949,U0009,2026-06-18
C000085,R0001813,S001574,U0328,2026-05-21
C000086,R0001988,S001730,U0339,2026-07-03
C000087,R0006508,S005628,U0028,2026-02-20
C000088,R0006694,S005807,U0184,2026-07-10
C000089,R0003969,S003420,U0332,2026-05-06
C000090,R0005948,S005157,U0214,2026-06-19
C000091,R0001740,S001499,U0443,2026-01-21
C000092,R0003642,S003143,U0196,2026-02-23
C000093,R0003987,S003433,U0014,2026-05-26
C000094,R0000063,S000050,U0263,2026-05-16
C000095,R0004533,S003892,U0388,2026-06-30
C000096,R0000913,S000805,U0393,2026-04-22
C000097,R0003147,S002745,U0116,2026-08-22
C000098,R0000262,S000236,U0346,2026-01-17
C000099,R0005382,S004680,U0224,2026-03-26
C000100,R0003764,S003244,U0128,2026-03-13
C000101,R0002858,S002494,U0017,2026-08-20
C000102,R0004838,S004179,U0019,2026-04-16
C000103,R0006305,S005461,U0310,2026-06-04
C000104,R0000663,S000594,U0003,2026-03-08
C000105,R0001311,S001132,U0326,2026-07-16
C000106,R0003925,S003382,U0358,2026-04-25
C000107,R0000869,S000764,U0071,2026-08-14
C000108,R0003259,S002829,U0294,2026-02-21
C000109,R0002266,S001975,U0261,2026-01-18
C000110,R0005938,S005146,U0023,2026-01-06
C000111,R0005830,S005052,U0310,2026-04-25
C000112,R0003649,S003148,U0424,2026-05-24
C000113,R0002867,S002501,U0134,2026-01-08
C000114,R0005446,S004737,U0086,2026-05-11
C000115,R0004871,S004213,U0255,2026-04-04
C000116,R0005186,S004489,U0323,2026-07-30
C000117,R0002830,S002466,U0032,2026-08-12
C000118,R0003143,S002743,U0369,2026-02-15
C000119,R0005545,S004814,U0308,2026-07-10
C000120,R0002354,S002051,U0067,2026-03-24
C000121,R0001682,S001448,U0445,2026-08-08
C000122,R0006151,S005334,U0479,2026-02-22
C000123,R0001088,S000947,U0043,2026-08-21
C000124,R0001279,S001106,U0401,2026-08-01
C000125,R0003651,S003149,U0471,2026-06-05
C000126,R0000841,S000739,U0278,2026-04-19
C000127,R0001703,S001466,U0416,2026-02-15
C000128,R0005036,S004362,U0057,2026-08-07
C000129,R0002582,S002249,U0360,2026-03-13
C000130,R0005869,S005090,U0453,2026-08-08
C000131,R0000116,S000101,U0281,2026-03-26
C000132,R0004907,S004249,U0127,2026-07-19
C000133,R0006665,S005774,U0368,2026-01-23
C000134,R0005220,S004521,U0446,2026-04-26
C000135,R0005577,S004838,U0454,2026-07-16
C000136,R0006411,S005540,U0359,2026-06-23
C000137,R0005157,S004460,U0153,2026-02-06
C000138,R0002159,S001888,U0453,2026-04-25
C000139,R0000090,S000076,U0233,2026-01-10
C000140,R0005062,S004381,U0455,2026-01-10
C000141,R0005297,S004593,U0360,2026-08-13
C000142,R0001731,S001492,U0212,2026-04-07
C000143,R0003100,S002713,U0446,2026-07-17
C000144,R0000717,S000635,U0065,2026-01-10
C000145,R0005000,S004327,U0315,2026-05-14
C000146,R0005962,S005170,U0095,2026-05-12
C000147,R0004289,S003694,U0040,2026-07-30
C000148,R0006010,S005213,U0358,2026-03-08
C000149,R0001660,S001429,U0002,2026-01-26
C000150,R0001553,S001343,U0387,2026-06-11
C000151,R0004115,S003542,U0389,2026-01-12
C000152,R0004212,S003624,U0387,2026-05-04
C000153,R0001083,S000946,U0199,2026-02-22
C000154,R0002525,S002204,U0447,2026-08-23
C000155,R0004581,S003932,U0237,2026-06-21
C000156,R0003128,S002733,U0292,2026-01-29
C000157,R0000097,S000079,U0434,2026-02-25
C000158,R0005758,S004987,U0006,2026-04-03
C000159,R0006739,S005845,U0318,2026-03-23
C000160,R0006528,S005648,U0308,2026-03-14
C000161,R0002842,S002477,U0028,2026-04-13
C000162,R0000315,S000281,U0141,2026-06-28
C000163,R0001920,S001675,U0335,2026-04-15
C000164,R0002337,S002039,U0195,2026-06-13
C000165,R0002008,S001761,U0253,2026-05-06
C000166,R0003633,S003133,U0195,2026-06-02
C000167,R0000093,S000077,U0369,2026-02-26
C000168,R0000392,S000356,U0092,2026-02-13
C000169,R0004386,S003784,U0099,2026-06-01
C000170,R0000730,S000648,U0027,2026-08-25
C000171,R0003745,S003228,U0335,2026-03-27
C000172,R0001414,S001217,U0395,2026-06-02
C000173,R0001970,S001717,U0288,2026-06-13
C000174,R0000511,S000444,U0386,2026-01-21
C000175,R0004434,S003824,U0069,2026-02-05
C000176,R0004306,S003712,U0053,2026-04-21
C000177,R0003480,S003019,U0333,2026-02-24
C000178,R0000865,S000762,U0161,2026-07-06
C000179,R0002453,S002138,U0288,2026-07-08
C000180,R0001883,S001640,U0172,2026-01-22
C000181,R0005304,S004599,U0183,2026-06-01
C000182,R0001590,S001380,U0236,2026-06-15
C000183,R0004021,S003464,U0068,2026-01-29
C000184,R0001584,S001370,U0446,2026-05-15
C000185,R0006129,S005316,U0090,2026-02-11
C000186,R0005242,S004545,U0379,2026-06-02
C000187,R0003491,S003027,U0447,2026-06-16
C000188,R0006123,S005309,U0300,2026-05-08
C000189,R0000366,S000329,U0374,2026-04-07
C000190,R0005054,S004373,U0010,2026-08-03
C000191,R0001822,S001582,U0211,2026-05-21
C000192,R0001597,S001385,U0338,2026-07-14
C000193,R0001158,S001016,U0488,2026-02-03
C000194,R0000065,S000051,U0322,2026-02-17
C000195,R0005667,S004921,U0219,2026-07-25
C000196,R0000141,S000127,U0280,2026-02-19
C000197,R0001984,S001728,U0290,2026-08-10
C000198,R0001842,S001600,U0153,2026-05-04
C000199,R0004196,S003608,U0492,2026-08-24
C000200,R0002517,S002199,U0146,2026-06-16
C000201,R0000294,S000265,U0358,2026-01-12
C000202,R0003910,S003371,U0108,2026-03-09
C000203,R0004075,S003503,U0283,2026-06-11
C000204,R0001471,S001269,U0398,2026-04-08
C000205,R0002759,S002396,U0263,2026-01-30
C000206,R0000965,S000846,U0264,2026-06-24
C000207,R0005991,S005195,U0391,2026-04-06
C000208,R0002744,S002385,U0410,2026-07-10
C000209,R0002877,S002509,U0335,2026-06-07
C000210,R0003069,S002678,U0185,2026-04-20
C000211,R0002133,S001862,U0030,2026-06-21
C000212,R0001681,S001447,U0100,2026-03-08
C000213,R0001884,S001642,U0065,2026-07-25
C000214,R0001633,S001411,U0013,2026-08-15
C000215,R0004668,S004016,U0361,2026-05-11
C000216,R0003384,S002933,U0272,2026-07-01
C000217,R0000872,S000768,U0401,2026-04-11
C000218,R0006816,S005918,U0006,2026-01-22
C000219,R0005319,S004619,U0201,2026-04-26
C000220,R0004876,S004216,U0417,2026-04-03
C000221,R0001619,S001400,U0005,2026-05-31
C000222,R0005230,S004532,U0495,2026-02-20
C000223,R0004675,S004023,U0423,2026-03-16
C000224,R0001257,S001090,U0300,2026-03-29
C000225,R0001501,S001298,U0014,2026-03-21
C000226,R0004539,S003900,U0067,2026-05-17
C000227,R0005930,S005141,U0006,2026-03-27
C000228,R0003814,S003292,U0279,2026-08-16
C000229,R0006301,S005457,U0418,2026-01-12
C000230,R0001727,S001488,U0446,2026-04-21
C000231,R0000170,S000148,U0481,2026-01-06
C000232,R0000758,S000666,U0294,2026-02-02
C000233,R0004076,S003505,U0246,2026-02-04
C000234,R0005161,S004465,U0095,2026-08-08
C000235,R0002456,S002140,U0058,2026-07-28
C000236,R0002880,S002511,U0205,2026-04-09
C000237,R0000312,S000279,U0316,2026-02-07
C000238,R0005760,S004989,U0381,2026-06-25
C000239,R0005879,S005100,U0199,2026-08-24
C000240,R0005301,S004596,U0212,2026-02-23
C000241,R0005790,S005020,U0285,2026-04-12
C000242,R0006062,S005262,U0328,2026-07-05
C000243,R0001321,S001138,U0240,2026-04-14
C000244,R0005015,S004345,U0204,2026-05-31
C000245,R0001020,S000881,U0306,2026-05-24
C000246,R0000660,S000590,U0369,2026-07-07
C000247,R0006767,S005872,U0326,2026-02-10
C000248,R0003613,S003122,U0286,2026-01-21
C000249,R0000482,S000419,U0241,2026-06-25
C000250,R0006412,S005540,U0359,2026-06-23
C000251,R0003418,S002968,U0098,2026-04-22
C000252,R0003992,S003438,U0466,2026-05-31
C000253,R0002564,S002234,U0317,2026-01-27
C000254,R0000707,S000628,U0177,2026-05-28
C000255,R0002967,S002589,U0244,2026-08-02
C000256,R0003273,S002838,U0296,2026-08-26
C000257,R0006278,S005441,U0477,2026-06-03
C000258,R0000240,S000218,U0263,2026-01-15
C000259,R0003338,S002890,U0307,2026-05-14
C000260,R0000478,S000418,U0443,2026-03-08
C000261,R0005993,S005197,U0159,2026-03-02
C000262,R0005228,S004529,U0016,2026-07-18
C000263,R0004794,S004138,U0084,2026-07-04
C000264,R0001505,S001302,U0261,2026-06-04
C000265,R0001407,S001208,U0012,2026-07-16
C000266,R0002601,S002260,U0268,2026-06-06
C000267,R0006222,S005388,U0236,2026-03-28
C000268,R0004354,S003759,U0414,2026-03-25
C000269,R0003771,S003250,U0180,2026-01-28
C000270,R0003608,S003117,U0289,2026-05-15
C000271,R0004300,S003706,U0092,2026-05-02
C000272,R0005136,S004442,U0133,2026-08-15
C000273,R0006270,S005433,U0003,2026-05-29
C000274,R0003696,S003190,U0087,2026-04-30
C000275,R0003457,S002998,U0181,2026-08-19
C000276,R0000305,S000272,U0416,2026-04-29
C000277,R0005525,S004799,U0277,2026-05-24
C000278,R0002974,S002593,U0487,2026-05-29
C000279,R0003194,S002786,U0086,2026-08-27
C000280,R0004844,S004185,U0221,2026-03-13
C000281,R0002698,S002346,U0309,2026-01-11
C000282,R0006488,S005611,U0374,2026-06-05
C000283,R0001117,S000975,U0146,2026-02-01
C000284,R0003186,S002781,U0485,2026-04-21
C000285,R0001340,S001154,U0300,2026-04-17
C000286,R0004587,S003937,U0360,2026-02-07
C000287,R0000227,S000208,U0450,2026-08-09
C000288,R0006125,S005312,U0025,2026-02-07
C000289,R0001290,S001116,U0430,2026-03-15
C000290,R0005322,S004620,U0405,2026-03-02
C000291,R0004589,S003939,U0247,2026-04-18
C000292,R0003448,S002992,U0476,2026-04-25
C000293,R0002914,S002543,U0151,2026-07-27
C000294,R0005368,S004665,U0157,2026-01-02
C000295,R0003272,S002838,U0296,2026-08-26
C000296,R0002055,S001800,U0289,2026-04-17
C000297,R0006452,S005577,U0320,2026-03-28
C000298,R0004246,S003651,U0484,2026-07-24
C000299,R0004195,S003608,U0492,2026-08-24
C000300,R0005629,S004887,U0115,2026-01-31
C000301,R0004111,S003536,U0409,2026-02-17
C000302,R0004290,S003698,U0391,2026-04-06
C000303,R0006141,S005324,U0137,2026-02-02
C000304,R0005498,S004777,U0236,2026-01-02
C000305,R0001156,S001013,U0227,2026-05-22
C000306,R0005219,S004521,U0446,2026-04-26
C000307,R0000737,S000651,U0203,2026-05-11
C000308,R0001887,S001645,U0109,2026-03-13
C000309,R0003800,S003277,U0279,2026-03-08
C000310,R0003870,S003338,U0263,2026-08-19
C000311,R0001157,S001014,U0433,2026-04-24
C000312,R0003149,S002749,U0402,2026-04-04
C000313,R0005165,S004470,U0132,2026-02-11
C000314,R0006132,S005317,U0320,2026-06-13
C000315,R0006272,S005434,U0430,2026-04-06
C000316,R0001701,S001465,U0036,2026-02-28
C000317,R0000334,S000294,U0084,2026-01-02
C000318,R0004395,S003789,U0083,2026-08-11
C000319,R0006545,S005664,U0093,2026-06-30
C000320,R0002932,S002561,U0385,2026-02-09
C000321,R0002831,S002466,U0032,2026-08-12
C000322,R0004381,S003781,U0103,2026-07-01
C000323,R0000031,S000027,U0099,2026-03-29
C000324,R0005534,S004807,U0410,2026-04-21
C000325,R0002936,S002563,U0363,2026-08-21
C000326,R0001458,S001259,U0003,2026-01-14
C000327,R0001208,S001048,U0290,2026-01-04
C000328,R0000650,S000579,U0186,2026-06-15
C000329,R0005120,S004430,U0020,2026-04-01
C000330,R0003988,S003434,U0428,2026-04-21
C000331,R0005121,S004430,U0020,2026-04-01
C000332,R0000935,S000820,U0432,2026-07-06
C000333,R0005378,S004675,U0421,2026-01-15
C000334,R0006045,S005250,U0299,2026-03-30
C000335,R0000349,S000308,U0016,2026-08-07
C000336,R0001956,S001709,U0498,2026-05-18
C000337,R0006634,S005737,U0337,2026-02-04
C000338,R0004771,S004121,U0371,2026-01-06
C000339,R0006079,S005275,U0287,2026-04-01
C000340,R0003677,S003176,U0424,2026-03-26
C000341,R0006494,S005613,U0282,2026-04-25
C000342,R0000407,S000369,U0194,2026-05-19
C000343,R0004952,S004293,U0092,2026-03-28
C000344,R0004937,S004275,U0372,2026-07-11
C000345,R0002952,S002576,U0250,2026-02-08
C000346,R0001777,S001537,U0494,2026-05-17
C000347,R0003809,S003288,U0058,2026-06-13
C000348,R0001018,S000880,U0321,2026-06-14
C000349,R0005057,S004374,U0165,2026-06-13
C000350,R0005048,S004369,U0448,2026-08-22
C000351,R0000041,S000036,U0072,2026-05-04
C000352,R0001146,S001001,U0387,2026-08-24
C000353,R0001799,S001555,U0184,2026-06-06
C000354,R0004219,S003630,U0496,2026-02-26
C000355,R0004576,S003929,U0136,2026-02-07
C000356,R0000289,S000259,U0309,2026-05-25
C000357,R0006027,S005237,U0387,2026-05-15
C000358,R0006166,S005345,U0053,2026-08-08
C000359,R0002246,S001962,U0198,2026-03-21
C000360,R0002899,S002531,U0132,2026-08-26
C000361,R0001289,S001116,U0430,2026-03-15
C000362,R0001950,S001706,U0357,2026-03-06
C000363,R0002283,S001992,U0437,2026-06-23
C000364,R0001013,S000879,U0043,2026-06-08
C000365,R0003697,S003191,U0183,2026-01-15
C000366,R0000319,S000283,U0286,2026-05-04
C000367,R0006372,S005506,U0442,2026-06-29
C000368,R0003765,S003244,U0128,2026-03-13
C000369,R0005439,S004731,U0027,2026-04-07
C000370,R0005960,S005169,U0365,2026-02-24
C000371,R0002689,S002339,U0473,2026-05-16
C000372,R0000092,S000076,U0233,2026-01-10
C000373,R0006143,S005325,U0138,2026-03-10
C000374,R0002198,S001921,U0010,2026-03-29
C000375,R0006801,S005904,U0090,2026-06-06
C000376,R0006016,S005225,U0309,2026-08-27
C000377,R0000432,S000386,U0368,2026-05-26
C000378,R0000082,S000066,U0106,2026-08-21
C000379,R0005852,S005077,U0447,2026-02-22
C000380,R0005213,S004518,U0492,2026-01-18
C000381,R0005405,S004699,U0447,2026-08-05
C000382,R0003364,S002913,U0418,2026-03-28
C000383,R0000431,S000385,U0419,2026-01-17
C000384,R0001726,S001487,U0348,2026-07-09
C000385,R0000030,S000026,U0299,2026-02-16
C000386,R0003299,S002858,U0173,2026-01-02
C000387,R0002483,S002166,U0054,2026-04-22
C000388,R0006185,S005358,U0024,2026-04-03
C000389,R0006575,S005686,U0024,2026-08-04
C000390,R0005816,S005034,U0436,2026-04-06
C000391,R0003856,S003326,U0153,2026-05-19
C000392,R0000598,S000519,U0266,2026-08-02
C000393,R0004441,S003829,U0072,2026-06-06
C000394,R0001806,S001565,U0347,2026-02-19
C000395,R0000473,S000413,U0225,2026-04-05
C000396,R0005800,S005025,U0285,2026-04-19
C000397,R0006483,S005607,U0123,2026-01-31
C000398,R0002638,S002295,U0099,2026-02-06
C000399,R0006219,S005386,U0044,2026-04-19
C000400,R0001677,S001444,U0230,2026-06-23
C000401,R0005775,S005004,U0335,2026-05-11
C000402,R0005949,S005158,U0306,2026-08-12
C000403,R0002537,S002215,U0357,2026-07-10
C000404,R0006870,S005967,U0046,2026-06-21
C000405,R0006351,S005492,U0077,2026-07-05
C000406,R0000996,S000866,U0197,2026-07-29
C000407,R0005779,S005006,U0217,2026-06-22
C000408,R0000877,S000774,U0465,2026-05-17
C000409,R0002562,S002231,U0112,2026-05-29
C000410,R0000787,S000687,U0496,2026-08-06
C000411,R0006431,S005556,U0129,2026-08-26
C000412,R0005051,S004371,U0294,2026-03-18
C000413,R0006449,S005574,U0331,2026-02-07
C000414,R0001041,S000905,U0263,2026-07-13
C000415,R0004029,S003471,U0108,2026-05-14
C000416,R0000964,S000845,U0090,2026-03-14
C000417,R0005095,S004405,U0269,2026-08-22
C000418,R0000189,S000167,U0339,2026-07-27
C000419,R0000630,S000557,U0307,2026-07-30
C000420,R0002563,S002232,U0413,2026-03-06
C000421,R0003316,S002874,U0236,2026-02-21
C000422,R0002098,S001832,U0076,2026-07-01
C000423,R0003372,S002921,U0281,2026-06-17
C000424,R0006400,S005531,U0086,2026-05-12
C000425,R0000868,S000764,U0071,2026-08-14
C000426,R0000167,S000145,U0013,2026-04-03
C000427,R0003118,S002728,U0495,2026-07-22
C000428,R0000694,S000614,U0060,2026-08-28
C000429,R0003110,S002722,U0391,2026-06-11
C000430,R0000051,S000041,U0472,2026-07-24
C000431,R0005482,S004768,U0211,2026-06-29
C000432,R0000295,S000266,U0122,2026-03-20
C000433,R0003919,S003380,U0254,2026-01-01
C000434,R0000520,S000451,U0390,2026-04-14
C000435,R0005203,S004504,U0290,2026-07-20
C000436,R0004233,S003640,U0359,2026-03-13
C000437,R0006262,S005429,U0119,2026-04-09
C000438,R0001182,S001028,U0078,2026-08-09
C000439,R0003414,S002966,U0407,2026-03-20
C000440,R0003991,S003437,U0470,2026-02-25
C000441,R0002617,S002277,U0215,2026-06-11
C000442,R0003020,S002638,U0026,2026-01-31
C000443,R0002780,S002412,U0386,2026-05-16
C000444,R0000144,S000128,U0245,2026-04-14
C000445,R0000185,S000162,U0446,2026-01-13
C000446,R0000871,S000768,U0401,2026-04-11
C000447,R0001994,S001737,U0492,2026-02-09
C000448,R0006255,S005419,U0112,2026-04-01
C000449,R0004101,S003528,U0360,2026-01-02
C000450,R0005296,S004593,U0360,2026-08-13
C000451,R0004062,S003494,U0157,2026-01-10
C000452,R0004916,S004256,U0353,2026-08-16
C000453,R0003956,S003412,U0090,2026-02-03
C000454,R0000728,S000646,U0399,2026-06-10
C000455,R0000267,S000241,U0497,2026-08-28
C000456,R0005825,S005039,U0129,2026-03-31
C000457,R0006435,S005560,U0497,2026-05-04
C000458,R0004122,S003550,U0239,2026-03-20
C000459,R0004987,S004314,U0239,2026-07-07
C000460,R0006609,S005715,U0280,2026-08-25
C000461,R0005853,S005079,U0315,2026-06-05
C000462,R0002644,S002298,U0161,2026-08-17
C000463,R0005544,S004813,U0161,2026-08-02
C000464,R0001851,S001607,U0377,2026-06-15
C000465,R0003591,S003107,U0013,2026-05-25
C000466,R0002359,S002056,U0211,2026-02-19
C000467,R0001142,S000996,U0217,2026-05-09
C000468,R0001445,S001247,U0452,2026-04-24
C000469,R0004597,S003946,U0307,2026-05-31
C000470,R0000705,S000624,U0184,2026-08-11
C000471,R0000887,S000782,U0262,2026-07-05
C000472,R0002320,S002023,U0173,2026-08-06
C000473,R0005480,S004766,U0293,2026-08-11
C000474,R0004091,S003516,U0004,2026-08-14
C000475,R0002539,S002217,U0233,2026-06-19
C000476,R0002863,S002500,U0080,2026-07-26
C000477,R0001756,S001515,U0062,2026-06-22
C000478,R0001748,S001507,U0018,2026-05-02
C000479,R0003827,S003303,U0186,2026-08-27
C000480,R0005079,S004395,U0232,2026-03-30
C000481,R0003527,S003052,U0388,2026-04-09
C000482,R0003509,S003037,U0168,2026-04-07
C000483,R0002641,S002296,U0431,2026-04-17
C000484,R0000896,S000789,U0201,2026-05-10
C000485,R0002708,S002355,U0215,2026-08-13
C000486,R0003819,S003297,U0399,2026-06-26
C000487,R0000862,S000756,U0046,2026-04-19
C000488,R0003431,S002978,U0185,2026-01-16
C000489,R0005024,S004354,U0299,2026-07-12
C000490,R0004224,S003634,U0373,2026-08-04
C000491,R0002771,S002406,U0010,2026-07-27
C000492,R0004735,S004077,U0248,2026-08-18
C000493,R0000512,S000444,U0386,2026-01-21
C000494,R0004599,S003947,U0116,2026-02-05
C000495,R0003406,S002954,U0455,2026-07-24
C000496,R0004266,S003675,U0390,2026-01-20
C000497,R0004262,S003673,U0391,2026-01-10
C000498,R0000048,S000039,U0231,2026-01-29
C000499,R0000182,S000159,U0474,2026-07-05
C000500,R0005749,S004981,U0419,2026-06-13
C000501,R0000968,S000847,U0472,2026-04-14
C000502,R0004834,S004174,U0224,2026-04-29
C000503,R0005560,S004822,U0223,2026-08-28
C000504,R0001345,S001156,U0046,2026-02-22
C000505,R0002540,S002217,U0233,2026-06-19
C000506,R0001221,S001064,U0299,2026-04-21
C000507,R0001412,S001216,U0133,2026-01-02
C000508,R0002774,S002407,U0289,2026-04-11
C000509,R0005578,S004839,U0189,2026-02-08
C000510,R0004321,S003727,U0395,2026-01-05
C000511,R0006359,S005496,U0359,2026-01-06
C000512,R0003659,S003158,U0347,2026-04-28
C000513,R0004948,S004290,U0216,2026-02-15
C000514,R0004699,S004044,U0215,2026-01-08
C000515,R0000661,S000590,U0369,2026-07-07
C000516,R0005441,S004733,U0131,2026-01-30
C000517,R0003996,S003442,U0144,2026-01-26
C000518,R0005039,S004363,U0349,2026-05-26
C000519,R0005484,S004770,U0490,2026-05-03
C000520,R0003701,S003192,U0085,2026-03-24
C000521,R0005238,S004539,U0426,2026-01-09
C000522,R0006408,S005538,U0146,2026-03-16
C000523,R0004179,S003593,U0342,2026-07-05
C000524,R0000955,S000838,U0320,2026-05-31
C000525,R0001622,S001401,U0297,2026-02-09
C000526,R0000447,S000396,U0231,2026-07-24
C000527,R0006864,S005959,U0306,2026-04-10
C000528,R0004888,S004232,U0354,2026-01-09
C000529,R0005903,S005118,U0102,2026-04-18
C000530,R0002821,S002456,U0365,2026-04-22
C000531,R0002768,S002405,U0085,2026-02-03
C000532,R0002087,S001824,U0435,2026-08-18
C000533,R0001789,S001548,U0320,2026-06-24
C000534,R0002116,S001848,U0405,2026-06-25
C000535,R0005496,S004776,U0299,2026-07-06
C000536,R0006681,S005795,U0310,2026-03-07
C000537,R0002805,S002429,U0237,2026-08-03
C000538,R0000931,S000817,U0310,2026-03-19
C000539,R0005734,S004968,U0355,2026-03-29
C000540,R0002212,S001933,U0334,2026-05-31
C000541,R0001834,S001593,U0010,2026-01-05
C000542,R0000917,S000807,U0193,2026-03-13
C000543,R0001125,S000982,U0194,2026-08-18
C000544,R0001304,S001123,U0429,2026-02-02
C000545,R0002835,S002469,U0393,2026-06-04
C000546,R0003842,S003313,U0161,2026-02-09
C000547,R0005513,S004788,U0329,2026-05-30
C000548,R0006399,S005529,U0231,2026-08-21
C000549,R0002193,S001917,U0065,2026-02-08
C000550,R0003634,S003134,U0353,2026-07-05
C000551,R0002435,S002121,U0375,2026-07-31
C000552,R0002398,S002095,U0439,2026-07-06
C000553,R0004367,S003768,U0219,2026-01-14
C000554,R0004896,S004240,U0138,2026-08-05
C000555,R0002984,S002601,U0471,2026-05-13
C000556,R0002970,S002591,U0380,2026-04-28
C000557,R0002059,S001803,U0453,2026-01-03
C000558,R0000343,S000302,U0094,2026-07-23
C000559,R0000296,S000267,U0444,2026-08-11
C000560,R0000013,S000012,U0008,2026-01-03
C000561,R0004550,S003910,U0133,2026-01-26
C000562,R0006424,S005552,U0321,2026-02-09
C000563,R0006537,S005659,U0125,2026-02-27
C000564,R0000010,S000006,U0146,2026-07-19
C000565,R0002038,S001784,U0031,2026-03-09
C000566,R0003641,S003142,U0381,2026-05-26
C000567,R0003174,S002770,U0243,2026-06-26
C000568,R0006800,S005903,U0340,2026-02-02
C000569,R0006220,S005388,U0236,2026-03-28
C000570,R0004014,S003455,U0287,2026-07-26
C000571,R0002866,S002501,U0134,2026-01-08
C000572,R0003081,S002689,U0042,2026-07-08
C000573,R0002233,S001948,U0158,2026-02-19
C000574,R0005305,S004604,U0262,2026-04-25
C000575,R0001385,S001188,U0318,2026-04-01
C000576,R0000027,S000023,U0115,2026-08-04
C000577,R0000897,S000789,U0201,2026-05-10
C000578,R0002076,S001815,U0485,2026-07-06
C000579,R0002151,S001877,U0149,2026-08-25
C000580,R0001091,S000951,U0339,2026-04-16
C000581,R0004185,S003598,U0254,2026-08-27
C000582,R0004999,S004326,U0065,2026-07-07
C000583,R0000273,S000246,U0440,2026-02-03
C000584,R0001982,S001727,U0404,2026-08-05
C000585,R0000783,S000681,U0375,2026-08-02
C000586,R0002392,S002084,U0416,2026-04-30
C000587,R0005793,S005021,U0392,2026-06-22
C000588,R0003884,S003350,U0403,2026-05-11
C000589,R0005572,S004831,U0392,2026-01-05
C000590,R0000792,S000693,U0314,2026-06-24
C000591,R0005374,S004671,U0275,2026-08-10
C000592,R0000953,S000837,U0372,2026-07-17
C000593,R0005256,S004557,U0183,2026-05-14
C000594,R0004124,S003551,U0362,2026-06-19
C000595,R0006799,S005902,U0269,2026-01-06
C000596,R0004200,S003612,U0096,2026-03-07
C000597,R0005725,S004961,U0145,2026-01-24
C000598,R0003824,S003301,U0209,2026-02-10
C000599,R0000974,S000854,U0214,2026-06-07
C000600,R0000232,S000212,U0036,2026-05-07
C000601,R0004969,S004301,U0065,2026-07-13
C000602,R0005785,S005014,U0228,2026-01-24
C000603,R0000824,S000724,U0227,2026-07-09
C000604,R0001697,S001462,U0220,2026-07-20
C000605,R0003410,S002958,U0087,2026-03-16
C000606,R0004549,S003910,U0133,2026-01-26
C000607,R0004557,S003914,U0177,2026-07-15
C000608,R0003630,S003132,U0315,2026-06-06
C000609,R0005142,S004446,U0342,2026-05-28
C000610,R0005591,S004846,U0031,2026-03-06
C000611,R0002440,S002124,U0412,2026-03-12
C000612,R0004028,S003470,U0351,2026-04-23
C000613,R0000008,S000005,U0013,2026-02-20
C000614,R0006249,S005414,U0407,2026-06-01
C000615,R0006426,S005554,U0074,2026-06-28
C000616,R0001094,S000952,U0447,2026-01-06
C000617,R0001640,S001419,U0236,2026-02-10
C000618,R0000412,S000372,U0154,2026-05-28
C000619,R0000425,S000381,U0233,2026-03-19
C000620,R0006749,S005855,U0310,2026-02-21
C000621,R0000226,S000205,U0267,2026-06-25
C000622,R0005857,S005081,U0306,2026-01-03
C000623,R0001193,S001034,U0239,2026-05-04
C000624,R0003126,S002732,U0063,2026-07-10
C000625,R0002269,S001981,U0069,2026-07-09
C000626,R0003994,S003440,U0093,2026-05-14
C000627,R0001220,S001064,U0299,2026-04-21
C000628,R0000271,S000245,U0309,2026-07-13
C000629,R0003111,S002723,U0167,2026-03-29
C000630,R0003063,S002674,U0072,2026-07-03
C000631,R0004250,S003654,U0166,2026-04-29
C000632,R0004453,S003838,U0263,2026-02-10
C000633,R0003148,S002747,U0004,2026-06-11
C000634,R0004436,S003825,U0345,2026-01-29
C000635,R0001386,S001189,U0182,2026-01-25
C000636,R0006001,S005203,U0251,2026-08-18
C000637,R0001793,S001551,U0250,2026-03-31
C000638,R0000220,S000198,U0158,2026-03-09
C000639,R0005160,S004462,U0187,2026-02-06
C000640,R0003597,S003111,U0092,2026-07-04
C000641,R0005471,S004760,U0246,2026-06-03
C000642,R0003881,S003348,U0234,2026-06-19
C000643,R0000772,S000675,U0021,2026-08-21
C000644,R0006854,S005952,U0290,2026-05-07
C000645,R0001474,S001273,U0436,2026-03-05
C000646,R0000342,S000301,U0297,2026-01-13
C000647,R0002594,S002256,U0179,2026-08-07
C000648,R0002158,S001888,U0453,2026-04-25
C000649,R0004488,S003863,U0013,2026-04-23
C000650,R0003900,S003364,U0075,2026-04-10
C000651,R0006327,S005474,U0180,2026-05-23
C000652,R0000382,S000345,U0078,2026-07-09
C000653,R0004140,S003562,U0207,2026-02-22
C000654,R0001769,S001529,U0427,2026-05-10
C000655,R0002003,S001750,U0259,2026-04-19
C000656,R0002352,S002050,U0262,2026-02-12
C000657,R0002105,S001840,U0331,2026-02-09
C000658,R0005746,S004979,U0015,2026-01-26
C000659,R0002738,S002382,U0468,2026-01-17
C000660,R0001219,S001063,U0407,2026-03-05
C000661,R0005945,S005154,U0172,2026-04-04
C000662,R0005543,S004813,U0161,2026-08-02
C000663,R0004205,S003617,U0032,2026-04-13
C000664,R0001101,S000957,U0135,2026-06-07
C000665,R0003904,S003367,U0304,2026-06-23
C000666,R0004077,S003505,U0246,2026-02-04
C000667,R0000455,S000400,U0149,2026-07-21
C000668,R0000720,S000637,U0440,2026-04-03
C000669,R0005169,S004474,U0143,2026-01-28
C000670,R0002373,S002072,U0495,2026-02-16
C000671,R0003196,S002788,U0423,2026-02-09
C000672,R0003721,S003211,U0167,2026-08-09
C000673,R0000303,S000271,U0193,2026-02-05
C000674,R0005745,S004979,U0015,2026-01-26
C000675,R0001172,S001022,U0230,2026-07-26
C000676,R0001664,S001434,U0236,2026-03-10
C000677,R0005508,S004786,U0405,2026-03-15
C000678,R0004251,S003654,U0166,2026-04-29
C000679,R0004577,S003929,U0136,2026-02-07
C000680,R0004188,S003603,U0037,2026-01-25
C000681,R0005637,S004895,U0034,2026-02-13
C000682,R0006693,S005806,U0112,2026-03-09
C000683,R0006134,S005320,U0180,2026-01-10
C000684,R0005701,S004945,U0204,2026-04-26
C000685,R0004316,S003722,U0338,2026-07-26
C000686,R0005009,S004334,U0243,2026-02-15
C000687,R0003240,S002813,U0164,2026-05-06
C000688,R0006473,S005599,U0406,2026-03-12
C000689,R0005527,S004800,U0408,2026-01-25
C000690,R0000075,S000062,U0029,2026-04-29
C000691,R0006564,S005677,U0355,2026-03-04
C000692,R0006827,S005932,U0408,2026-02-01
C000693,R0003930,S003389,U0478,2026-03-29
C000694,R0005014,S004343,U0339,2026-06-15
C000695,R0002136,S001864,U0078,2026-05-07
C000696,R0000972,S000850,U0271,2026-02-28
C000697,R0003137,S002740,U0150,2026-03-13
C000698,R0005030,S004357,U0097,2026-03-24
C000699,R0002015,S001766,U0271,2026-02-02
C000700,R0000853,S000748,U0136,2026-02-17
C000701,R0004456,S003841,U0246,2026-08-21
C000702,R0003946,S003402,U0209,2026-02-22
C000703,R0000212,S000191,U0417,2026-08-06
C000704,R0000174,S000152,U0326,2026-03-14
C000705,R0005905,S005120,U0054,2026-02-11
C000706,R0005959,S005168,U0118,2026-03-08
C000707,R0001987,S001730,U0339,2026-07-03
C000708,R0000020,S000017,U0244,2026-01-10
C000709,R0000562,S000486,U0423,2026-03-21
C000710,R0005279,S004579,U0361,2026-01-27
C000711,R0003605,S003116,U0108,2026-02-06
C000712,R0003183,S002777,U0390,2026-05-12
C000713,R0004913,S004253,U0015,2026-04-20
C000714,R0003064,S002674,U0072,2026-07-03
C000715,R0004842,S004183,U0254,2026-04-30
C000716,R0006611,S005718,U0138,2026-05-12
C000717,R0003782,S003258,U0459,2026-02-04
C000718,R0002260,S001969,U0024,2026-06-08
C000719,R0003330,S002886,U0051,2026-03-28
C000720,R0006768,S005874,U0281,2026-03-07
C000721,R0002578,S002248,U0266,2026-08-02
C000722,R0004398,S003791,U0152,2026-07-02
C000723,R0004158,S003576,U0294,2026-05-27
C000724,R0005662,S004917,U0043,2026-01-06
C000725,R0000966,S000846,U0264,2026-06-24
C000726,R0003706,S003198,U0455,2026-01-06
C000727,R0003327,S002885,U0102,2026-07-05
C000728,R0005753,S004983,U0235,2026-05-26
C000729,R0006536,S005657,U0334,2026-04-22
C000730,R0003849,S003320,U0475,2026-01-10
C000731,R0002695,S002343,U0287,2026-04-21
C000732,R0002324,S002025,U0403,2026-03-19
C000733,R0000298,S000269,U0090,2026-01-28
C000734,R0000468,S000408,U0249,2026-01-06
C000735,R0004160,S003579,U0338,2026-03-24
C000736,R0001196,S001036,U0288,2026-06-25
C000737,R0001174,S001023,U0370,2026-01-12
C000738,R0001151,S001008,U0069,2026-01-15
C000739,R0006344,S005488,U0152,2026-01-21
C000740,R0003003,S002621,U0020,2026-05-17
C000741,R0002870,S002503,U0203,2026-04-24
C000742,R0000328,S000290,U0050,2026-01-01
C000743,R0002188,S001910,U0337,2026-03-05
C000744,R0004983,S004310,U0199,2026-07-26
C000745,R0003455,S002997,U0274,2026-03-19
C000746,R0004214,S003625,U0430,2026-06-07
C000747,R0003734,S003218,U0046,2026-08-06
C000748,R0002383,S002078,U0327,2026-06-30
C000749,R0001772,S001531,U0465,2026-05-29
C000750,R0001889,S001651,U0220,2026-03-21
C000751,R0005145,S004447,U0419,2026-01-13
C000752,R0006460,S005588,U0422,2026-05-25
C000753,R0001998,S001747,U0036,2026-08-04
C000754,R0005780,S005006,U0217,2026-06-22
C000755,R0002791,S002421,U0413,2026-03-04
C000756,R0001932,S001683,U0033,2026-03-14
C000757,R0004611,S003962,U0122,2026-01-29
C000758,R0006546,S005664,U0093,2026-06-30
C000759,R0001030,S000895,U0345,2026-08-26
C000760,R0004235,S003642,U0138,2026-07-01
C000761,R0002865,S002501,U0134,2026-01-08
C000762,R0004786,S004129,U0414,2026-02-11
C000763,R0005856,S005081,U0306,2026-01-03
C000764,R0000801,S000703,U0311,2026-08-04
C000765,R0003370,S002918,U0084,2026-06-16
C000766,R0001542,S001332,U0306,2026-05-23
C000767,R0004784,S004128,U0304,2026-08-11
C000768,R0006724,S005833,U0157,2026-06-19
C000769,R0006106,S005296,U0003,2026-07-23
C000770,R0001787,S001544,U0420,2026-08-20
C000771,R0005164,S004470,U0132,2026-02-11
C000772,R0000674,S000600,U0173,2026-04-03
C000773,R0004799,S004141,U0352,2026-05-24
C000774,R0000402,S000365,U0299,2026-01-18
C000775,R0001546,S001333,U0058,2026-02-20
C000776,R0005389,S004686,U0197,2026-08-04
C000777,R0001928,S001680,U0173,2026-06-28
C000778,R0005248,S004552,U0373,2026-07-27
C000779,R0003419,S002969,U0290,2026-02-21
C000780,R0003901,S003364,U0075,2026-04-10
C000781,R0004715,S004056,U0093,2026-05-26
C000782,R0003060,S002672,U0117,2026-08-16
C000783,R0006532,S005651,U0250,2026-07-20
C000784,R0005458,S004748,U0408,2026-08-28
C000785,R0004000,S003444,U0163,2026-03-02
C000786,R0000911,S000803,U0490,2026-03-29
C000787,R0005128,S004437,U0238,2026-07-05
C000788,R0006615,S005720,U0228,2026-02-02
C000789,R0005625,S004882,U0155,2026-05-10
C000790,R0004610,S003962,U0122,2026-01-29
C000791,R0002436,S002121,U0375,2026-07-31
C000792,R0004912,S004252,U0252,2026-03-23
C000793,R0003903,S003366,U0229,2026-02-20
C000794,R0001418,S001218,U0281,2026-05-27
C000795,R0006832,S005938,U0042,2026-01-11
C000796,R0006080,S005275,U0287,2026-04-01
C000797,R0000133,S000115,U0265,2026-02-10
C000798,R0000959,S000843,U0078,2026-03-28
C000799,R0004825,S004167,U0264,2026-01-13
C000800,R0003076,S002685,U0006,2026-04-21
C000801,R0002810,S002435,U0448,2026-08-22
C000802,R0005162,S004465,U0095,2026-08-08
C000803,R0003939,S003396,U0392,2026-06-10
C000804,R0001085,S000946,U0199,2026-02-22
C000805,R0002321,S002024,U0200,2026-07-26
C000806,R0002784,S002414,U0119,2026-03-08
C000807,R0005730,S004964,U0322,2026-08-17
C000808,R0004644,S003996,U0345,2026-04-14
C000809,R0001934,S001685,U0210,2026-05-12
C000810,R0004239,S003645,U0302,2026-04-13
C000811,R0002286,S001996,U0162,2026-06-13
C000812,R0000992,S000865,U0016,2026-04-01
C000813,R0001154,S001011,U0366,2026-04-24
C000814,R0006875,S005971,U0360,2026-03-20
C000815,R0001120,S000977,U0256,2026-06-28
C000816,R0002776,S002408,U0302,2026-08-16
C000817,R0005636,S004895,U0034,2026-02-13
C000818,R0000892,S000786,U0419,2026-01-09
C000819,R0001064,S000928,U0027,2026-04-08
C000820,R0005332,S004627,U0054,2026-02-12
C000821,R0001169,S001021,U0489,2026-02-23
C000822,R0001237,S001074,U0499,2026-01-31
C000823,R0005848,S005074,U0399,2026-03-18
C000824,R0006549,S005666,U0310,2026-04-14
C000825,R0005158,S004461,U0350,2026-07-30
C000826,R0004565,S003920,U0328,2026-07-18
C000827,R0003125,S002732,U0063,2026-07-10
C000828,R0003883,S003350,U0403,2026-05-11
C000829,R0005022,S004354,U0299,2026-07-12
C000830,R0003833,S003306,U0260,2026-06-08
C000831,R0002939,S002564,U0372,2026-02-01
C000832,R0003619,S003126,U0241,2026-08-02
C000833,R0002844,S002478,U0270,2026-04-27
C000834,R0003213,S002798,U0161,2026-05-23
C000835,R0003119,S002729,U0383,2026-04-08
C000836,R0002271,S001983,U0198,2026-01-19
C000837,R0004310,S003716,U0486,2026-06-22
C000838,R0004425,S003819,U0058,2026-03-06
C000839,R0001512,S001305,U0203,2026-06-30
C000840,R0002402,S002097,U0335,2026-02-06
C000841,R0005887,S005105,U0097,2026-05-04
C000842,R0004228,S003638,U0274,2026-03-28
C000843,R0003504,S003033,U0422,2026-01-20
C000844,R0002957,S002580,U0279,2026-04-02
C000845,R0000208,S000185,U0183,2026-01-18
C000846,R0001971,S001718,U0277,2026-06-08
C000847,R0001330,S001145,U0350,2026-05-08
C000848,R0003536,S003061,U0310,2026-06-21
C000849,R0003615,S003124,U0329,2026-08-26
C000850,R0005002,S004329,U0498,2026-01-07
C000851,R0005648,S004901,U0212,2026-02-11
C000852,R0001238,S001074,U0499,2026-01-31
C000853,R0001306,S001127,U0455,2026-03-03
C000854,R0005148,S004449,U0455,2026-05-02
C000855,R0000293,S000265,U0358,2026-01-12
C000856,R0005831,S005052,U0310,2026-04-25
C000857,R0003513,S003041,U0015,2026-01-04
C000858,R0004259,S003667,U0171,2026-03-05
C000859,R0005204,S004505,U0226,2026-05-13
C000860,R0000859,S000753,U0043,2026-01-07
C000861,R0004325,S003732,U0223,2026-04-17
C000862,R0004507,S003877,U0376,2026-04-23
C000863,R0000351,S000312,U0072,2026-08-24
C000864,R0002509,S002189,U0416,2026-06-15
C000865,R0006873,S005970,U0066,2026-01-05
C000866,R0002046,S001789,U0067,2026-02-26
C000867,R0003913,S003372,U0187,2026-04-17
C000868,R0000527,S000456,U0228,2026-06-06
C000869,R0004857,S004202,U0423,2026-02-22
C000870,R0002169,S001895,U0497,2026-05-25
C000871,R0005512,S004788,U0329,2026-05-30
C000872,R0003909,S003371,U0108,2026-03-09
C000873,R0000808,S000708,U0087,2026-07-21
C000874,R0006289,S005450,U0277,2026-04-15
C000875,R0006666,S005774,U0368,2026-01-23
C000876,R0006734,S005842,U0044,2026-01-12
C000877,R0003631,S003132,U0315,2026-06-06
C000878,R0005352,S004649,U0186,2026-05-18
C000879,R0001717,S001478,U0195,2026-07-14
C000880,R0003709,S003201,U0022,2026-08-17
C000881,R0005771,S004999,U0174,2026-04-27
C000882,R0003967,S003420,U0332,2026-05-06
C000883,R0001698,S001463,U0240,2026-07-07
C000884,R0002556,S002228,U0166,2026-05-23
C000885,R0001744,S001502,U0042,2026-01-17
C000886,R0000856,S000751,U0312,2026-08-11
C000887,R0002874,S002506,U0220,2026-03-06
C000888,R0001580,S001368,U0066,2026-05-15
C000889,R0004066,S003496,U0457,2026-07-22
C000890,R0002935,S002562,U0497,2026-06-26
C000891,R0003308,S002867,U0081,2026-07-16
C000892,R0005843,S005070,U0196,2026-07-07
C000893,R0000543,S000473,U0123,2026-08-10
C000894,R0006296,S005454,U0113,2026-03-23
C000895,R0002681,S002333,U0058,2026-01-25
C000896,R0002481,S002165,U0425,2026-02-20
C000897,R0005737,S004972,U0482,2026-06-07
C000898,R0003638,S003139,U0106,2026-07-24
C000899,R0000449,S000397,U0201,2026-06-08
C000900,R0004537,S003899,U0049,2026-08-18
C000901,R0006556,S005669,U0407,2026-05-02
C000902,R0000802,S000704,U0366,2026-07-15
C000903,R0001891,S001651,U0220,2026-03-21
C000904,R0003415,S002967,U0097,2026-01-17
C000905,R0000235,S000214,U0028,2026-01-18
C000906,R0005442,S004733,U0131,2026-01-30
C000907,R0005044,S004367,U0024,2026-06-10
C000908,R0003777,S003254,U0024,2026-01-01
C000909,R0003021,S002639,U0281,2026-03-07
C000910,R0005418,S004710,U0376,2026-06-19
C000911,R0003293,S002852,U0114,2026-06-14
C000912,R0001795,S001552,U0478,2026-04-16
C000913,R0004217,S003627,U0043,2026-01-22
C000914,R0006292,S005453,U0131,2026-07-01
C000915,R0004939,S004280,U0336,2026-03-05
C000916,R0006842,S005943,U0134,2026-02-07
C000917,R0001604,S001391,U0079,2026-01-10
C000918,R0001322,S001138,U0240,2026-04-14
C000919,R0003359,S002909,U0040,2026-04-28
C000920,R0004413,S003808,U0394,2026-05-29
C000921,R0001574,S001364,U0019,2026-01-31
C000922,R0000771,S000674,U0444,2026-06-16
C000923,R0006903,S005993,U0076,2026-06-30
C000924,R0005011,S004334,U0243,2026-02-15
C000925,R0000697,S000616,U0216,2026-08-07
C000926,R0006569,S005681,U0002,2026-05-02
C000927,R0005080,S004397,U0190,2026-05-10
C000928,R0000873,S000769,U0052,2026-01-08
C000929,R0006330,S005479,U0347,2026-01-11
C000930,R0002160,S001889,U0395,2026-03-28
C000931,R0001557,S001347,U0483,2026-08-21
C000932,R0003044,S002661,U0009,2026-01-01
C000933,R0005606,S004865,U0250,2026-07-10
C000934,R0001630,S001410,U0331,2026-07-23
C000935,R0000304,S000272,U0416,2026-04-29
C000936,R0000601,S000523,U0494,2026-05-14
C000937,R0000058,S000046,U0049,2026-05-28
C000938,R0002755,S002393,U0109,2026-03-18
C000939,R0005290,S004588,U0333,2026-01-21
C000940,R0003520,S003048,U0196,2026-08-08
C000941,R0004276,S003682,U0435,2026-03-12
C000942,R0006753,S005858,U0259,2026-03-25
C000943,R0003489,S003026,U0254,2026-01-28
C000944,R0006238,S005402,U0480,2026-08-20
C000945,R0004189,S003604,U0155,2026-06-22
C000946,R0000400,S000365,U0299,2026-01-18
C000947,R0001307,S001127,U0455,2026-03-03
C000948,R0005071,S004388,U0431,2026-08-25
C000949,R0004201,S003612,U0096,2026-03-07
C000950,R0006521,S005640,U0287,2026-05-25
C000951,R0000888,S000782,U0262,2026-07-05
C000952,R0000610,S000536,U0073,2026-03-28
C000953,R0004408,S003805,U0123,2026-07-08
C000954,R0000675,S000600,U0173,2026-04-03
C000955,R0002108,S001842,U0426,2026-08-25
C000956,R0000238,S000216,U0406,2026-01-08
C000957,R0000172,S000150,U0321,2026-04-08
C000958,R0006050,S005253,U0449,2026-05-23
C000959,R0001129,S000985,U0304,2026-07-01
C000960,R0005091,S004403,U0388,2026-05-18
C000961,R0000326,S000288,U0367,2026-07-16
C000962,R0001820,S001579,U0083,2026-08-08
C000963,R0001162,S001017,U0498,2026-08-15
C000964,R0003877,S003344,U0229,2026-02-24
C000965,R0002427,S002115,U0368,2026-06-07
C000966,R0005984,S005188,U0399,2026-02-15
C000967,R0003058,S002671,U0127,2026-03-01
C000968,R0000572,S000495,U0059,2026-04-10
C000969,R0006635,S005739,U0231,2026-02-27
C000970,R0004318,S003723,U0437,2026-01-15
C000971,R0003091,S002706,U0131,2026-07-04
C000972,R0004979,S004308,U0460,2026-08-13
C000973,R0006444,S005568,U0308,2026-07-21
C000974,R0001078,S000943,U0349,2026-05-05
C000975,R0001155,S001011,U0366,2026-04-24
C000976,R0004460,S003844,U0457,2026-06-13
C000977,R0004098,S003527,U0263,2026-07-22
C000978,R0005644,S004899,U0446,2026-07-21
C000979,R0004818,S004160,U0189,2026-08-14
C000980,R0004165,S003582,U0373,2026-06-15
C000981,R0006394,S005525,U0041,2026-05-17
C000982,R0006780,S005885,U0381,2026-08-22
C000983,R0004654,S004004,U0445,2026-02-22
C000984,R0000316,S000281,U0141,2026-06-28
C000985,R0003097,S002711,U0413,2026-02-13
C000986,R0003055,S002669,U0037,2026-06-20
C000987,R0006770,S005876,U0244,2026-07-10
C000988,R0002915,S002543,U0151,2026-07-27
C000989,R0004755,S004103,U0246,2026-06-18
C000990,R0002862,S002498,U0311,2026-01-11
C000991,R0001499,S001296,U0189,2026-04-26
C000992,R0003343,S002894,U0205,2026-08-28
C000993,R0004323,S003731,U0474,2026-07-28
C000994,R0003002,S002619,U0172,2026-06-21
C000995,R0003042,S002657,U0103,2026-08-03
C000996,R0003751,S003234,U0499,2026-07-15
C000997,R0005472,S004760,U0246,2026-06-03
C000998,R0006459,S005586,U0089,2026-03-27
C000999,R0002704,S002353,U0023,2026-07-15
C001000,R0005212,S004514,U0053,2026-01-03
C001001,R0001016,S000880,U0321,2026-06-14
C001002,R0006089,S005284,U0498,2026-01-26
C001003,R0002725,S002368,U0018,2026-08-21
C001004,R0003208,S002795,U0415,2026-08-20
C001005,R0000321,S000286,U0111,2026-08-26
C001006,R0001079,S000943,U0349,2026-05-05
C001007,R0003906,S003369,U0058,2026-04-10
C001008,R0001026,S000889,U0342,2026-03-02
C001009,R0005804,S005027,U0435,2026-06-02
C001010,R0005747,S004980,U0085,2026-01-18
C001011,R0004026,S003467,U0213,2026-06-05
C001012,R0003562,S003084,U0337,2026-06-17
C001013,R0000353,S000315,U0066,2026-01-15
C001014,R0005866,S005086,U0049,2026-07-13
C001015,R0000516,S000449,U0420,2026-07-03
C001016,R0003768,S003245,U0368,2026-08-13
C001017,R0003772,S003250,U0180,2026-01-28
C001018,R0000804,S000706,U0403,2026-07-10
C001019,R0003964,S003419,U0470,2026-01-25
C001020,R0006876,S005972,U0261,2026-04-24
C001021,R0004113,S003538,U0118,2026-05-16
C001022,R0003117,S002727,U0242,2026-02-01
C001023,R0003609,S003117,U0289,2026-05-15
C001024,R0002267,S001978,U0086,2026-08-20
C001025,R0006889,S005984,U0392,2026-03-27
C001026,R0006835,S005939,U0396,2026-01-13
C001027,R0002530,S002207,U0081,2026-01-31
C001028,R0003934,S003391,U0426,2026-06-22
C001029,R0000584,S000506,U0120,2026-08-16
C001030,R0006430,S005556,U0129,2026-08-26
C001031,R0001663,S001433,U0031,2026-04-12
C001032,R0003178,S002774,U0286,2026-01-21
C001033,R0002944,S002568,U0303,2026-08-03
C001034,R0006655,S005765,U0384,2026-06-03
C001035,R0003612,S003121,U0320,2026-03-09
C001036,R0002220,S001942,U0008,2026-04-22
C001037,R0000642,S000569,U0481,2026-04-18
C001038,R0006159,S005338,U0134,2026-02-11
C001039,R0004747,S004096,U0236,2026-08-26
C001040,R0002270,S001982,U0031,2026-03-25
C001041,R0000550,S000477,U0462,2026-04-08
C001042,R0000855,S000751,U0312,2026-08-11
C001043,R0005466,S004754,U0148,2026-03-20
C001044,R0003970,S003421,U0288,2026-01-08
C001045,R0005333,S004629,U0395,2026-04-04
C001046,R0002345,S002042,U0357,2026-08-16
C001047,R0001356,S001165,U0409,2026-08-15
C001048,R0004500,S003871,U0486,2026-01-25
C001049,R0006158,S005338,U0134,2026-02-11
C001050,R0000978,S000856,U0064,2026-01-09
C001051,R0003652,S003149,U0471,2026-06-05
C001052,R0005093,S004404,U0279,2026-01-19
C001053,R0000905,S000799,U0058,2026-02-19
C001054,R0001173,S001023,U0370,2026-01-12
C001055,R0004010,S003451,U0138,2026-03-05
C001056,R0005221,S004522,U0487,2026-03-25
C001057,R0000767,S000673,U0230,2026-07-01
C001058,R0000626,S000554,U0184,2026-06-09
C001059,R0004927,S004266,U0419,2026-02-16
C001060,R0002224,S001944,U0392,2026-03-06
C001061,R0000647,S000573,U0171,2026-05-25
C001062,R0001341,S001154,U0300,2026-04-17
C001063,R0001390,S001191,U0316,2026-06-13
C001064,R0002710,S002356,U0399,2026-03-16
C001065,R0003914,S003373,U0475,2026-05-24
C001066,R0005114,S004426,U0189,2026-03-23
C001067,R0005202,S004504,U0290,2026-07-20
C001068,R0006127,S005313,U0312,2026-06-02
C001069,R0003424,S002974,U0270,2026-08-13
C001070,R0002305,S002013,U0306,2026-07-26
C001071,R0004607,S003960,U0494,2026-08-21
C001072,R0001877,S001633,U0193,2026-07-28
C001073,R0001371,S001179,U0064,2026-01-09
C001074,R0005639,S004896,U0228,2026-08-10
C001075,R0000225,S000203,U0415,2026-08-18
C001076,R0005339,S004632,U0381,2026-06-02
C001077,R0006719,S005829,U0115,2026-04-04
C001078,R0003487,S003025,U0333,2026-01-26
C001079,R0006032,S005243,U0073,2026-02-03
C001080,R0006393,S005525,U0041,2026-05-17
C001081,R0006115,S005305,U0463,2026-05-19
C001082,R0006641,S005746,U0140,2026-08-03
C001083,R0005096,S004405,U0269,2026-08-22
C001084,R0000618,S000547,U0327,2026-08-13
C001085,R0004559,S003916,U0241,2026-08-22
C001086,R0005729,S004963,U0202,2026-08-27
C001087,R0004208,S003621,U0427,2026-05-07
C001088,R0006248,S005413,U0298,2026-04-23
C001089,R0002393,S002085,U0249,2026-04-11
C001090,R0001222,S001064,U0299,2026-04-21
C001091,R0004344,S003750,U0341,2026-06-27
C001092,R0001909,S001663,U0319,2026-04-11
C001093,R0003026,S002642,U0458,2026-01-28
C001094,R0002296,S002003,U0273,2026-06-01
C001095,R0003625,S003129,U0014,2026-07-27
C001096,R0001245,S001080,U0340,2026-02-15
C001097,R0002558,S002229,U0291,2026-02-01
C001098,R0001841,S001600,U0153,2026-05-04
C001099,R0006723,S005832,U0382,2026-07-31
C001100,R0000187,S000164,U0220,2026-04-08
C001101,R0003411,S002962,U0397,2026-07-13
C001102,R0005397,S004690,U0387,2026-04-10
C001103,R0002533,S002209,U0322,2026-08-23
C001104,R0004133,S003558,U0171,2026-01-17
C001105,R0003075,S002684,U0374,2026-07-10
C001106,R0005579,S004839,U0189,2026-02-08
C001107,R0005056,S004373,U0010,2026-08-03
C001108,R0005850,S005076,U0051,2026-05-20
C001109,R0000194,S000172,U0155,2026-03-07
C001110,R0006171,S005349,U0044,2026-04-19
C001111,R0001863,S001621,U0050,2026-04-22
C001112,R0004064,S003495,U0085,2026-04-12
C001113,R0003587,S003103,U0214,2026-07-31
C001114,R0002173,S001898,U0343,2026-05-01
C001115,R0004322,S003730,U0036,2026-08-28
C001116,R0004815,S004159,U0023,2026-04-23
C001117,R0001131,S000985,U0304,2026-07-01
C001118,R0006384,S005513,U0176,2026-02-06
C001119,R0003844,S003315,U0340,2026-08-27
C001120,R0004255,S003662,U0073,2026-04-26
C001121,R0000591,S000511,U0342,2026-02-08
C001122,R0002541,S002218,U0098,2026-07-01
C001123,R0002048,S001795,U0353,2026-08-21
C001124,R0004477,S003856,U0391,2026-06-12
C001125,R0004522,S003885,U0218,2026-04-12
C001126,R0002653,S002303,U0241,2026-02-06
C001127,R0001204,S001043,U0276,2026-05-24
C001128,R0004145,S003567,U0001,2026-05-16
C001129,R0003805,S003281,U0030,2026-07-04
C001130,R0000625,S000553,U0302,2026-08-17
C001131,R0002881,S002513,U0372,2026-03-25
C001132,R0005847,S005074,U0399,2026-03-18
C001133,R0003628,S003130,U0275,2026-03-16
C001134,R0006901,S005991,U0294,2026-03-31
C001135,R0005716,S004955,U0031,2026-02-02
C001136,R0002449,S002134,U0096,2026-02-21
C001137,R0001866,S001622,U0215,2026-02-04
C001138,R0005445,S004734,U0216,2026-01-24
C001139,R0005835,S005056,U0434,2026-01-16
C001140,R0003811,S003290,U0428,2026-05-04
C001141,R0005874,S005093,U0461,2026-08-25
C001142,R0002561,S002231,U0112,2026-05-29
C001143,R0003139,S002740,U0150,2026-03-13
C001144,R0003325,S002884,U0282,2026-01-23
C001145,R0001334,S001149,U0143,2026-04-14
C001146,R0000629,S000556,U0339,2026-04-19
C001147,R0000666,S000595,U0254,2026-05-10
C001148,R0001926,S001679,U0018,2026-07-04
C001149,R0001548,S001336,U0465,2026-07-16
C001150,R0005025,S004356,U0240,2026-01-08
C001151,R0000948,S000833,U0185,2026-08-08
C001152,R0004743,S004089,U0143,2026-07-03
C001153,R0001123,S000981,U0258,2026-08-15
C001154,R0004215,S003626,U0416,2026-01-11
C001155,R0005509,S004787,U0169,2026-04-15
C001156,R0000265,S000239,U0082,2026-02-21
C001157,R0002189,S001911,U0213,2026-02-12
C001158,R0002471,S002155,U0299,2026-08-26
C001159,R0004701,S004045,U0439,2026-08-04
C001160,R0002516,S002194,U0296,2026-04-22
C001161,R0004878,S004217,U0160,2026-08-20
C001162,R0003397,S002944,U0019,2026-03-14
C001163,R0006294,S005454,U0113,2026-03-23
C001164,R0003129,S002734,U0091,2026-02-17
C001165,R0006533,S005652,U0147,2026-01-23
C001166,R0004742,S004088,U0386,2026-06-28
C001167,R0006566,S005679,U0189,2026-04-12
C001168,R0001361,S001169,U0073,2026-06-05
C001169,R0000539,S000468,U0114,2026-04-01
C001170,R0002272,S001983,U0198,2026-01-19
C001171,R0005331,S004627,U0054,2026-02-12
C001172,R0002576,S002247,U0272,2026-03-04
C001173,R0005739,S004975,U0322,2026-03-14
C001174,R0002885,S002521,U0465,2026-03-05
C001175,R0002690,S002340,U0484,2026-01-19
C001176,R0003245,S002817,U0018,2026-01-22
C001177,R0002824,S002457,U0199,2026-07-15
C001178,R0006823,S005928,U0242,2026-07-03
C001179,R0006331,S005480,U0246,2026-07-13
C001180,R0006416,S005545,U0086,2026-03-07
C001181,R0005133,S004440,U0495,2026-05-18
C001182,R0006685,S005797,U0219,2026-07-27
C001183,R0006434,S005560,U0497,2026-05-04
C001184,R0002146,S001872,U0499,2026-03-17
C001185,R0001215,S001054,U0127,2026-06-09
C001186,R0004148,S003569,U0393,2026-03-18
C001187,R0003793,S003272,U0312,2026-03-03
C001188,R0000811,S000711,U0423,2026-04-03
C001189,R0004505,S003875,U0056,2026-02-05
C001190,R0001847,S001605,U0342,2026-01-24
C001191,R0005698,S004943,U0384,2026-07-12
C001192,R0000769,S000674,U0444,2026-06-16
C001193,R0001960,S001712,U0149,2026-04-30
C001194,R0005951,S005158,U0306,2026-08-12
C001195,R0004700,S004045,U0439,2026-08-04
C001196,R0003923,S003381,U0445,2026-04-12
C001197,R0004464,S003845,U0284,2026-08-09
C001198,R0004157,S003576,U0294,2026-05-27
C001199,R0004571,S003926,U0045,2026-06-24
C001200,R0006000,S005203,U0251,2026-08-18
C001201,R0001003,S000872,U0105,2026-02-14
C001202,R0004726,S004067,U0086,2026-03-17
C001203,R0001438,S001237,U0018,2026-08-01
C001204,R0002073,S001813,U0480,2026-06-12
C001205,R0000857,S000752,U0302,2026-08-23
C001206,R0001067,S000929,U0457,2026-04-22
C001207,R0006881,S005975,U0438,2026-08-08
C001208,R0001558,S001347,U0483,2026-08-21
C001209,R0004791,S004136,U0354,2026-02-13
C001210,R0004561,S003917,U0077,2026-05-22
C001211,R0002621,S002279,U0475,2026-02-19
C001212,R0003442,S002989,U0204,2026-02-10
C001213,R0002975,S002594,U0071,2026-06-14
C001214,R0000890,S000783,U0068,2026-06-05
C001215,R0004956,S004296,U0028,2026-06-06
C001216,R0001923,S001678,U0353,2026-07-30
C001217,R0002992,S002606,U0162,2026-05-30
C001218,R0005940,S005147,U0496,2026-07-08
C001219,R0001683,S001449,U0468,2026-06-10
C001220,R0005226,S004526,U0447,2026-03-07
C001221,R0003589,S003105,U0023,2026-04-07
C001222,R0006031,S005240,U0411,2026-04-24
C001223,R0005316,S004613,U0472,2026-01-28
C001224,R0004809,S004151,U0302,2026-04-27
C001225,R0001393,S001196,U0474,2026-08-03
C001226,R0002972,S002592,U0323,2026-07-19
C001227,R0000460,S000405,U0074,2026-06-05
C001228,R0004613,S003963,U0175,2026-08-15
C001229,R0005656,S004913,U0074,2026-06-16
C001230,R0006191,S005363,U0119,2026-07-12
C001231,R0005312,S004611,U0025,2026-02-16
C001232,R0003275,S002842,U0238,2026-01-02
C001233,R0004497,S003870,U0294,2026-03-16
C001234,R0001790,S001549,U0332,2026-07-30
C001235,R0003693,S003189,U0112,2026-07-03
C001236,R0003112,S002723,U0167,2026-03-29
C001237,R0000843,S000740,U0272,2026-06-25
C001238,R0003401,S002951,U0300,2026-04-29
C001239,R0003169,S002768,U0073,2026-04-20
C001240,R0004499,S003871,U0486,2026-01-25
C001241,R0005872,S005092,U0353,2026-08-06
C001242,R0000433,S000386,U0368,2026-05-26
C001243,R0002037,S001784,U0031,2026-03-09
C001244,R0002336,S002038,U0301,2026-02-03
C001245,R0001864,S001621,U0050,2026-04-22
C001246,R0006567,S005681,U0002,2026-05-02
C001247,R0002779,S002412,U0386,2026-05-16
C001248,R0003938,S003395,U0175,2026-06-26
C001249,R0001940,S001694,U0005,2026-01-19
C001250,R0005073,S004389,U0484,2026-06-18
C001251,R0006552,S005667,U0390,2026-06-14
C001252,R0004170,S003586,U0134,2026-03-09
C001253,R0003657,S003155,U0063,2026-04-22
C001254,R0001099,S000957,U0135,2026-06-07
C001255,R0001784,S001542,U0334,2026-03-25
C001256,R0005391,S004687,U0392,2026-06-26
C001257,R0000088,S000073,U0373,2026-03-21
C001258,R0005340,S004637,U0290,2026-04-17
C001259,R0003690,S003186,U0166,2026-06-27
C001260,R0006509,S005629,U0136,2026-02-14
C001261,R0005898,S005114,U0215,2026-06-03
C001262,R0004403,S003799,U0066,2026-04-17
C001263,R0006498,S005617,U0152,2026-07-04
C001264,R0005922,S005133,U0195,2026-05-31
C001265,R0005410,S004702,U0082,2026-01-11
C001266,R0004009,S003451,U0138,2026-03-05
C001267,R0005921,S005132,U0293,2026-02-06
C001268,R0003954,S003411,U0356,2026-02-05
C001269,R0000158,S000136,U0312,2026-04-16
C001270,R0004392,S003786,U0318,2026-01-17
C001271,R0003603,S003114,U0229,2026-08-04
C001272,R0001288,S001115,U0273,2026-03-16
C001273,R0002860,S002497,U0333,2026-04-02
C001274,R0001606,S001392,U0169,2026-01-08
C001275,R0006084,S005279,U0019,2026-04-02
C001276,R0005291,S004588,U0333,2026-01-21
C001277,R0004963,S004298,U0148,2026-01-09
C001278,R0003220,S002802,U0152,2026-05-06
C001279,R0006462,S005589,U0170,2026-07-25
C001280,R0006863,S005959,U0306,2026-04-10
C001281,R0005404,S004698,U0159,2026-06-13
C001282,R0004130,S003554,U0069,2026-02-10
C001283,R0002156,S001881,U0172,2026-03-28
C001284,R0004132,S003557,U0077,2026-05-09
C001285,R0004886,S004228,U0147,2026-03-30
C001286,R0005505,S004784,U0216,2026-01-29
C001287,R0006397,S005528,U0275,2026-04-01
C001288,R0002836,S002469,U0393,2026-06-04
C001289,R0006679,S005794,U0394,2026-06-25
C001290,R0001333,S001148,U0271,2026-03-27
C001291,R0002524,S002204,U0447,2026-08-23
C001292,R0001991,S001732,U0199,2026-07-04
C001293,R0001800,S001558,U0155,2026-04-19
C001294,R0004086,S003513,U0457,2026-05-16
C001295,R0006018,S005225,U0309,2026-08-27
C001296,R0004474,S003852,U0242,2026-07-27
C001297,R0005370,S004669,U0269,2026-05-22
C001298,R0002505,S002182,U0049,2026-08-01
C001299,R0003104,S002716,U0014,2026-05-05
C001300,R0004877,S004217,U0160,2026-08-20
C001301,R0006286,S005446,U0173,2026-02-01
C001302,R0000207,S000185,U0183,2026-01-18
C001303,R0001152,S001008,U0069,2026-01-15
C001304,R0000997,S000867,U0258,2026-04-06
C001305,R0002470,S002154,U0373,2026-01-28
C001306,R0006076,S005274,U0009,2026-01-25
C001307,R0004935,S004274,U0190,2026-05-10
C001308,R0005873,S005093,U0461,2026-08-25
C001309,R0006291,S005451,U0249,2026-05-26
C001310,R0002508,S002188,U0087,2026-02-20
C001311,R0001354,S001164,U0203,2026-08-02
C001312,R0002602,S002260,U0268,2026-06-06
C001313,R0001365,S001175,U0157,2026-04-22
C001314,R0001399,S001201,U0011,2026-05-26
C001315,R0001608,S001393,U0298,2026-01-12
C001316,R0000754,S000664,U0341,2026-08-08
C001317,R0006687,S005800,U0248,2026-08-02
C001318,R0002766,S002404,U0335,2026-05-14
C001319,R0006283,S005444,U0220,2026-01-09
C001320,R0001453,S001254,U0275,2026-02-06
C001321,R0006139,S005323,U0076,2026-05-13
C001322,R0002812,S002438,U0482,2026-07-05
C001323,R0000154,S000133,U0009,2026-07-18
C001324,R0003034,S002652,U0339,2026-07-13
C001325,R0001766,S001527,U0337,2026-02-13
C001326,R0006755,S005862,U0431,2026-08-13
C001327,R0004046,S003484,U0132,2026-02-23
C001328,R0005992,S005195,U0391,2026-04-06
C001329,R0001763,S001523,U0028,2026-07-01
C001330,R0003618,S003126,U0241,2026-08-02
C001331,R0004547,S003908,U0425,2026-07-02
C001332,R0006551,S005667,U0390,2026-06-14
C001333,R0003297,S002857,U0238,2026-02-04
C001334,R0001711,S001474,U0370,2026-06-02
C001335,R0004538,S003900,U0067,2026-05-17
C001336,R0005599,S004857,U0012,2026-03-28
C001337,R0002460,S002148,U0371,2026-03-16
C001338,R0006116,S005305,U0463,2026-05-19
C001339,R0004574,S003927,U0218,2026-07-12
C001340,R0006527,S005647,U0328,2026-02-12
C001341,R0005767,S004997,U0200,2026-04-29
C001342,R0004131,S003556,U0499,2026-05-22
C001343,R0001954,S001707,U0015,2026-02-12
C001344,R0000907,S000801,U0328,2026-05-02
C001345,R0001948,S001705,U0271,2026-06-28
C001346,R0005663,S004918,U0050,2026-01-14
C001347,R0005608,S004869,U0048,2026-04-29
C001348,R0000664,S000594,U0003,2026-03-08
C001349,R0004096,S003522,U0448,2026-01-21
C001350,R0000823,S000722,U0148,2026-02-03
C001351,R0003077,S002686,U0260,2026-05-13
C001352,R0003679,S003178,U0213,2026-01-24
C001353,R0002990,S002606,U0162,2026-05-30
C001354,R0005372,S004670,U0155,2026-03-15
C001355,R0006017,S005225,U0309,2026-08-27
C001356,R0004312,S003717,U0262,2026-06-28
C001357,R0005276,S004578,U0055,2026-04-22
C001358,R0006046,S005251,U0287,2026-04-13
C001359,R0004374,S003775,U0075,2026-06-19
C001360,R0005630,S004888,U0470,2026-03-09
C001361,R0002697,S002345,U0403,2026-06-26
C001362,R0001654,S001426,U0142,2026-03-12
C001363,R0000633,S000561,U0374,2026-07-21
C001364,R0006829,S005935,U0068,2026-07-05
C001365,R0004990,S004319,U0270,2026-03-09
C001366,R0005211,S004513,U0153,2026-07-12
C001367,R0000040,S000035,U0169,2026-06-13
C001368,R0005570,S004830,U0167,2026-03-28
C001369,R0004435,S003824,U0069,2026-02-05
C001370,R0001159,S001016,U0488,2026-02-03
C001371,R0000994,S000866,U0197,2026-07-29
C001372,R0003741,S003224,U0074,2026-06-02
C001373,R0003912,S003372,U0187,2026-04-17
C001374,R0000563,S000487,U0026,2026-02-20
C001375,R0006530,S005650,U0204,2026-06-28
C001376,R0006310,S005464,U0382,2026-05-14
C001377,R0000426,S000382,U0171,2026-05-29
C001378,R0006214,S005382,U0460,2026-03-30
C001379,R0006203,S005375,U0426,2026-08-22
C001380,R0000213,S000193,U0328,2026-06-22
C001381,R0004978,S004306,U0409,2026-07-02
C001382,R0005246,S004549,U0139,2026-04-27
C001383,R0006463,S005590,U0128,2026-08-14
C001384,R0003171,S002768,U0073,2026-04-20
C001385,R0004178,S003593,U0342,2026-07-05
C001386,R0004925,S004264,U0261,2026-03-27
C001387,R0005063,S004381,U0455,2026-01-10
C001388,R0003810,S003288,U0058,2026-06-13
C001389,R0003671,S003169,U0172,2026-08-24
C001390,R0002074,S001813,U0480,2026-06-12
C001391,R0006713,S005823,U0013,2026-08-12
C001392,R0005974,S005181,U0060,2026-02-16
C001393,R0002652,S002303,U0241,2026-02-06
C001394,R0000981,S000858,U0210,2026-02-28
C001395,R0005016,S004348,U0063,2026-02-06
C001396,R0002692,S002342,U0159,2026-05-19
C001397,R0004031,S003474,U0177,2026-04-28
C001398,R0001278,S001105,U0449,2026-06-17
C001399,R0006282,S005443,U0496,2026-06-07
C001400,R0006547,S005665,U0380,2026-06-28
C001401,R0001087,S000947,U0043,2026-08-21
C001402,R0001518,S001309,U0352,2026-06-10
C001403,R0001456,S001258,U0399,2026-03-11
C001404,R0005275,S004577,U0030,2026-01-11
C001405,R0002375,S002074,U0245,2026-06-09
C001406,R0002714,S002359,U0343,2026-01-05
C001407,R0003348,S002896,U0219,2026-05-26
C001408,R0001261,S001091,U0444,2026-05-01
C001409,R0001572,S001362,U0172,2026-07-19
C001410,R0005915,S005129,U0164,2026-05-25
C001411,R0000688,S000610,U0057,2026-01-20
C001412,R0005844,S005072,U0021,2026-04-20
C001413,R0005005,S004330,U0036,2026-06-23
C001414,R0004603,S003952,U0442,2026-01-14
C001415,R0000764,S000671,U0285,2026-03-01
C001416,R0002323,S002025,U0403,2026-03-19
C001417,R0003918,S003379,U0290,2026-07-05
C001418,R0001613,S001395,U0180,2026-04-28
C001419,R0005286,S004585,U0219,2026-02-24
C001420,R0001301,S001122,U0192,2026-05-28
C001421,R0004648,S004001,U0334,2026-07-28
C001422,R0003337,S002890,U0307,2026-05-14
C001423,R0000247,S000225,U0454,2026-06-04
C001424,R0002154,S001881,U0172,2026-03-28
C001425,R0003261,S002831,U0045,2026-04-11
C001426,R0001687,S001453,U0424,2026-05-01
C001427,R0003837,S003308,U0452,2026-04-08
C001428,R0002502,S002180,U0089,2026-06-23
C001429,R0004898,S004241,U0105,2026-06-24
C001430,R0006420,S005551,U0343,2026-03-31
C001431,R0005060,S004378,U0267,2026-02-25
C001432,R0006708,S005819,U0287,2026-03-06
C001433,R0005263,S004563,U0334,2026-02-28
C001434,R0002473,S002156,U0338,2026-03-21
C001435,R0002506,S002184,U0476,2026-03-02
C001436,R0002200,S001923,U0234,2026-04-08
C001437,R0005396,S004690,U0387,2026-04-10
C001438,R0005896,S005112,U0184,2026-01-16
C001439,R0002306,S002014,U0378,2026-07-14
C001440,R0005419,S004712,U0033,2026-05-25
C001441,R0000636,S000563,U0275,2026-06-02
C001442,R0006297,S005455,U0286,2026-02-06
C001443,R0005817,S005034,U0436,2026-04-06
C001444,R0002775,S002408,U0302,2026-08-16
C001445,R0003841,S003313,U0161,2026-02-09
C001446,R0006597,S005704,U0035,2026-06-13
C001447,R0006195,S005367,U0320,2026-04-20
C001448,R0002790,S002419,U0251,2026-04-19
C001449,R0004360,S003763,U0178,2026-03-04
C001450,R0006268,S005432,U0191,2026-05-25
C001451,R0006908,S005999,U0479,2026-07-07
C001452,R0001853,S001612,U0247,2026-03-15
C001453,R0004171,S003587,U0259,2026-02-25
C001454,R0001338,S001152,U0020,2026-05-09
C001455,R0006437,S005563,U0455,2026-07-19
C001456,R0002308,S002015,U0090,2026-01-06
C001457,R0001119,S000977,U0256,2026-06-28
C001458,R0002385,S002080,U0158,2026-07-09
C001459,R0002719,S002365,U0295,2026-01-11
C001460,R0004414,S003808,U0394,2026-05-29
C001461,R0006892,S005985,U0328,2026-06-14
C001462,R0000805,S000706,U0403,2026-07-10
C001463,R0000932,S000818,U0047,2026-04-16
C001464,R0005394,S004688,U0014,2026-02-26
C001465,R0004394,S003789,U0083,2026-08-11
C001466,R0003098,S002712,U0434,2026-07-14
C001467,R0001360,S001169,U0073,2026-06-05
C001468,R0002009,S001762,U0142,2026-08-15
C001469,R0004114,S003542,U0389,2026-01-12
C001470,R0004388,S003785,U0500,2026-07-17
C001471,R0000706,S000626,U0281,2026-07-12
C001472,R0004418,S003811,U0482,2026-03-28
C001473,R0002115,S001847,U0148,2026-07-23
C001474,R0005626,S004885,U0380,2026-04-15
C001475,R0000651,S000580,U0392,2026-03-16
C001476,R0003358,S002908,U0354,2026-04-26
C001477,R0001722,S001482,U0122,2026-02-07
C001478,R0006625,S005727,U0099,2026-06-28
C001479,R0000404,S000367,U0099,2026-03-11
C001480,R0000986,S000860,U0174,2026-07-11
C001481,R0002031,S001777,U0206,2026-05-20
C001482,R0002688,S002338,U0228,2026-01-07
C001483,R0002711,S002358,U0131,2026-06-17
C001484,R0000874,S000769,U0052,2026-01-08
C001485,R0002547,S002221,U0439,2026-03-21
C001486,R0001350,S001160,U0413,2026-02-27
C001487,R0001901,S001660,U0187,2026-07-29
C001488,R0003747,S003232,U0063,2026-06-07
C001489,R0001126,S000982,U0194,2026-08-18
C001490,R0002455,S002140,U0058,2026-07-28
C001491,R0001231,S001069,U0269,2026-08-15
C001492,R0005621,S004880,U0123,2026-03-19
C001493,R0004659,S004007,U0456,2026-01-18
C001494,R0001771,S001530,U0467,2026-07-26
C001495,R0003506,S003035,U0436,2026-05-20
C001496,R0001161,S001017,U0498,2026-08-15
C001497,R0005811,S005032,U0224,2026-08-07
C001498,R0003223,S002803,U0095,2026-03-02
C001499,R0000810,S000710,U0475,2026-08-06
C001500,R0002050,S001797,U0336,2026-05-27
C001501,R0001707,S001472,U0459,2026-06-19
C001502,R0000708,S000628,U0177,2026-05-28
C001503,R0003547,S003068,U0365,2026-07-21
C001504,R0005979,S005186,U0073,2026-08-13
C001505,R0000112,S000099,U0120,2026-08-01
C001506,R0001578,S001367,U0225,2026-08-05
C001507,R0006632,S005737,U0337,2026-02-04
C001508,R0000275,S000246,U0440,2026-02-03
C001509,R0003698,S003191,U0183,2026-01-15
C001510,R0006880,S005974,U0231,2026-06-22
C001511,R0003550,S003071,U0363,2026-05-21
C001512,R0003450,S002994,U0084,2026-01-05
C001513,R0002699,S002346,U0309,2026-01-11
C001514,R0003446,S002991,U0189,2026-01-22
C001515,R0001294,S001117,U0360,2026-05-01
C001516,R0005867,S005087,U0006,2026-03-09
C001517,R0003999,S003444,U0163,2026-03-02
C001518,R0000970,S000848,U0208,2026-06-07
C001519,R0001188,S001032,U0228,2026-06-15
C001520,R0005769,S004998,U0424,2026-03-25
C001521,R0004713,S004055,U0436,2026-04-22
C001522,R0000695,S000614,U0060,2026-08-28
C001523,R0001053,S000913,U0234,2026-08-13
C001524,R0003653,S003149,U0471,2026-06-05
C001525,R0004022,S003465,U0187,2026-07-13
C001526,R0001075,S000941,U0027,2026-06-16
C001527,R0003522,S003051,U0288,2026-03-17
C001528,R0001816,S001578,U0165,2026-01-09
C001529,R0004966,S004300,U0328,2026-07-10
C001530,R0001268,S001097,U0256,2026-05-25
C001531,R0006112,S005302,U0015,2026-07-23
C001532,R0005258,S004559,U0481,2026-06-09
C001533,R0000879,S000776,U0038,2026-03-19
C001534,R0002147,S001873,U0022,2026-03-11
C001535,R0001544,S001332,U0306,2026-05-23
C001536,R0005617,S004876,U0465,2026-02-18
C001537,R0001646,S001424,U0050,2026-03-19
C001538,R0006105,S005296,U0003,2026-07-23
C001539,R0002632,S002291,U0235,2026-04-21
C001540,R0005706,S004947,U0445,2026-01-14
C001541,R0003565,S003087,U0336,2026-02-03
C001542,R0000056,S000044,U0436,2026-07-31
C001543,R0001063,S000927,U0205,2026-07-29
C001544,R0004930,S004268,U0452,2026-04-18
C001545,R0001569,S001361,U0483,2026-02-17
C001546,R0006704,S005812,U0241,2026-04-24
C001547,R0006520,S005639,U0228,2026-03-23
C001548,R0002661,S002311,U0293,2026-04-08
C001549,R0003816,S003294,U0443,2026-04-07
C001550,R0000268,S000243,U0048,2026-08-07
C001551,R0004199,S003610,U0067,2026-08-21
C001552,R0004361,S003763,U0178,2026-03-04
C001553,R0001900,S001658,U0475,2026-05-14
C001554,R0006211,S005380,U0185,2026-02-25
C001555,R0003643,S003143,U0196,2026-02-23
C001556,R0000372,S000334,U0452,2026-05-30
C001557,R0002873,S002505,U0451,2026-05-29
C001558,R0003704,S003196,U0090,2026-07-16
C001559,R0006342,S005487,U0019,2026-01-21
C001560,R0000838,S000735,U0191,2026-04-06
C001561,R0006796,S005898,U0158,2026-02-11
C001562,R0005770,S004999,U0174,2026-04-27
C001563,R0006198,S005369,U0342,2026-05-18
C001564,R0002034,S001782,U0119,2026-05-20
C001565,R0003221,S002802,U0152,2026-05-06
C001566,R0000644,S000572,U0157,2026-07-18
C001567,R0002265,S001975,U0261,2026-01-18
C001568,R0001541,S001331,U0080,2026-07-15
C001569,R0004863,S004207,U0024,2026-08-27
C001570,R0000920,S000810,U0463,2026-02-26
C001571,R0003592,S003108,U0393,2026-03-05
C001572,R0006663,S005773,U0199,2026-08-09
C001573,R0005679,S004929,U0391,2026-03-15
C001574,R0005450,S004741,U0413,2026-03-12
C001575,R0001106,S000960,U0489,2026-05-15
C001576,R0005551,S004817,U0163,2026-04-22
C001577,R0003268,S002835,U0032,2026-03-04
C001578,R0006771,S005878,U0226,2026-08-06
C001579,R0005393,S004688,U0014,2026-02-26
C001580,R0002439,S002124,U0412,2026-03-12
C001581,R0001886,S001645,U0109,2026-03-13
C001582,R0006461,S005589,U0170,2026-07-25
C001583,R0002107,S001841,U0259,2026-02-23
C001584,R0003402,S002953,U0113,2026-08-16
C001585,R0000564,S000487,U0026,2026-02-20
C001586,R0004015,S003459,U0325,2026-01-26
C001587,R0004339,S003746,U0292,2026-04-08
C001588,R0003541,S003063,U0175,2026-04-06
C001589,R0004882,S004225,U0375,2026-04-28
C001590,R0003156,S002758,U0111,2026-02-08
C001591,R0002014,S001766,U0271,2026-02-02
C001592,R0005834,S005055,U0498,2026-08-15
C001593,R0000129,S000112,U0262,2026-04-22
C001594,R0001676,S001442,U0106,2026-04-16
C001595,R0003872,S003340,U0459,2026-08-21
C001596,R0005218,S004519,U0427,2026-06-02
C001597,R0003711,S003204,U0058,2026-05-02
C001598,R0004848,S004188,U0052,2026-01-13
C001599,R0004016,S003460,U0421,2026-01-23
C001600,R0003963,S003418,U0282,2026-02-10
C001601,R0000272,S000245,U0309,2026-07-13
C001602,R0003590,S003107,U0013,2026-05-25
C001603,R0003815,S003293,U0236,2026-04-30
C001604,R0003972,S003423,U0481,2026-07-31
C001605,R0003041,S002657,U0103,2026-08-03
C001606,R0006404,S005535,U0293,2026-08-01
C001607,R0001526,S001321,U0017,2026-02-02
C001608,R0001206,S001045,U0010,2026-04-28
C001609,R0004708,S004053,U0375,2026-02-11
C001610,R0002097,S001832,U0076,2026-07-01
C001611,R0005634,S004894,U0009,2026-07-24
C001612,R0006190,S005362,U0064,2026-04-29
C001613,R0000338,S000296,U0158,2026-03-10
C001614,R0000469,S000409,U0280,2026-03-07
C001615,R0001233,S001072,U0139,2026-07-02
C001616,R0002036,S001784,U0031,2026-03-09
C001617,R0001571,S001362,U0172,2026-07-19
C001618,R0006082,S005278,U0318,2026-05-20
C001619,R0003124,S002731,U0142,2026-01-05
C001620,R0003250,S002819,U0490,2026-03-24
C001621,R0000827,S000728,U0294,2026-01-19
C001622,R0003295,S002853,U0379,2026-04-07
C001623,R0000645,S000572,U0157,2026-07-18
C001624,R0005782,S005013,U0389,2026-05-14
C001625,R0004702,S004047,U0217,2026-01-03
C001626,R0000445,S000395,U0005,2026-03-16
C001627,R0000333,S000294,U0084,2026-01-02
C001628,R0001725,S001486,U0031,2026-06-14
C001629,R0001892,S001652,U0398,2026-04-04
C001630,R0002131,S001862,U0030,2026-06-21
C001631,R0000292,S000265,U0358,2026-01-12
C001632,R0004430,S003822,U0449,2026-03-04
C001633,R0004421,S003812,U0067,2026-03-14
C001634,R0003340,S002892,U0270,2026-07-12
C001635,R0004273,S003678,U0383,2026-03-03
C001636,R0001783,S001542,U0334,2026-03-25
C001637,R0000464,S000407,U0169,2026-03-23
C001638,R0002941,S002565,U0380,2026-02-07
C001639,R0001199,S001039,U0250,2026-05-24
C001640,R0000757,S000665,U0060,2026-05-20
C001641,R0006683,S005796,U0498,2026-05-24
C001642,R0004627,S003977,U0067,2026-03-08
C001643,R0002783,S002414,U0119,2026-03-08
C001644,R0001961,S001712,U0149,2026-04-30
C001645,R0001533,S001326,U0402,2026-06-29
C001646,R0002938,S002564,U0372,2026-02-01
C001647,R0002951,S002573,U0174,2026-03-17
C001648,R0006592,S005701,U0129,2026-02-18
C001649,R0000573,S000496,U0096,2026-05-02
C001650,R0001817,S001578,U0165,2026-01-09
C001651,R0004621,S003969,U0190,2026-04-27
C001652,R0001229,S001069,U0269,2026-08-15
C001653,R0000221,S000200,U0310,2026-03-18
C001654,R0000731,S000648,U0027,2026-08-25
C001655,R0000837,S000734,U0393,2026-02-17
C001656,R0000799,S000702,U0493,2026-06-24
C001657,R0004946,S004287,U0399,2026-06-17
C001658,R0004632,S003980,U0368,2026-03-16
C001659,R0000727,S000646,U0399,2026-06-10
C001660,R0004535,S003897,U0314,2026-07-09
C001661,R0005348,S004642,U0321,2026-07-28
C001662,R0001092,S000951,U0339,2026-04-16
C001663,R0001649,S001425,U0428,2026-01-11
C001664,R0004071,S003499,U0375,2026-08-26
C001665,R0006775,S005881,U0195,2026-05-22
C001666,R0000875,S000770,U0045,2026-02-22
C001667,R0003896,S003359,U0158,2026-05-28
C001668,R0001428,S001230,U0117,2026-08-21
C001669,R0005004,S004329,U0498,2026-01-07
C001670,R0002411,S002104,U0101,2026-01-07
C001671,R0001422,S001224,U0439,2026-04-01
C001672,R0000389,S000353,U0400,2026-08-22
C001673,R0001186,S001032,U0228,2026-06-15
C001674,R0005987,S005191,U0072,2026-04-29
C001675,R0000621,S000548,U0019,2026-03-20
C001676,R0002347,S002043,U0479,2026-05-24
C001677,R0006748,S005854,U0221,2026-02-04
C001678,R0005003,S004329,U0498,2026-01-07
C001679,R0002035,S001782,U0119,2026-05-20
C001680,R0001833,S001592,U0335,2026-03-28
C001681,R0002682,S002334,U0053,2026-01-08
C001682,R0004805,S004148,U0106,2026-04-29
C001683,R0004707,S004053,U0375,2026-02-11
C001684,R0001054,S000914,U0024,2026-07-18
C001685,R0004282,S003689,U0318,2026-03-19
C001686,R0003700,S003192,U0085,2026-03-24
C001687,R0006155,S005336,U0107,2026-06-09
C001688,R0004230,S003639,U0323,2026-04-28
C001689,R0005868,S005089,U0118,2026-08-08
C001690,R0005481,S004767,U0230,2026-07-04
C001691,R0002247,S001962,U0198,2026-03-21
C001692,R0006884,S005976,U0125,2026-07-24
C001693,R0001096,S000952,U0447,2026-01-06
C001694,R0001337,S001152,U0020,2026-05-09
C001695,R0002735,S002379,U0329,2026-03-26
C001696,R0003983,S003430,U0424,2026-08-16
C001697,R0003488,S003026,U0254,2026-01-28
C001698,R0001176,S001024,U0178,2026-05-06
C001699,R0000895,S000788,U0441,2026-06-03
C001700,R0002581,S002249,U0360,2026-03-13
C001701,R0005101,S004411,U0220,2026-07-19
C001702,R0003405,S002954,U0455,2026-07-24
C001703,R0003362,S002911,U0125,2026-05-19
C001704,R0004994,S004323,U0209,2026-02-13
C001705,R0001963,S001713,U0358,2026-03-10
C001706,R0004023,S003465,U0187,2026-07-13
C001707,R0000988,S000862,U0256,2026-05-03
C001708,R0006264,S005429,U0119,2026-04-09
C001709,R0003347,S002896,U0219,2026-05-26
C001710,R0001903,S001661,U0170,2026-05-14
C001711,R0003249,S002818,U0136,2026-08-17
C001712,R0002868,S002502,U0432,2026-07-31
C001713,R0001593,S001382,U0361,2026-05-23
C001714,R0002484,S002167,U0065,2026-04-15
C001715,R0002489,S002170,U0334,2026-08-17
C001716,R0003135,S002739,U0365,2026-08-17
C001717,R0006745,S005853,U0005,2026-02-23
C001718,R0004938,S004279,U0277,2026-05-13
C001719,R0006119,S005306,U0202,2026-06-21
C001720,R0001302,S001123,U0429,2026-02-02
C001721,R0003525,S003052,U0388,2026-04-09
C001722,R0002001,S001748,U0373,2026-06-16
C001723,R0004141,S003563,U0154,2026-04-28
C001724,R0002335,S002038,U0301,2026-02-03
C001725,R0006011,S005213,U0358,2026-03-08
C001726,R0001908,S001662,U0052,2026-01-26
C001727,R0001480,S001278,U0352,2026-03-18
C001728,R0002785,S002415,U0168,2026-01-04
C001729,R0001495,S001290,U0242,2026-05-21
C001730,R0005732,S004965,U0344,2026-05-13
C001731,R0004823,S004166,U0025,2026-02-28
C001732,R0002889,S002525,U0015,2026-06-07
C001733,R0004957,S004296,U0028,2026-06-06
C001734,R0004313,S003720,U0375,2026-05-03
C001735,R0005970,S005177,U0206,2026-04-27
C001736,R0002382,S002078,U0327,2026-06-30
C001737,R0001047,S000909,U0180,2026-03-02
C001738,R0006153,S005335,U0147,2026-07-29
C001739,R0006387,S005515,U0457,2026-01-03
C001740,R0006266,S005431,U0094,2026-06-11
C001741,R0003225,S002804,U0442,2026-03-21
C001742,R0004630,S003979,U0383,2026-05-12
C001743,R0003271,S002837,U0118,2026-01-28
C001744,R0006885,S005978,U0272,2026-08-25
C001745,R0002965,S002586,U0247,2026-02-03
C001746,R0004109,S003534,U0030,2026-03-19
C001747,R0002447,S002132,U0302,2026-02-09
C001748,R0006847,S005947,U0450,2026-02-05
C001749,R0001999,S001748,U0373,2026-06-16
C001750,R0002650,S002302,U0117,2026-04-20
C001751,R0004424,S003818,U0082,2026-01-04
C001752,R0001966,S001715,U0219,2026-04-29
C001753,R0005349,S004648,U0286,2026-01-26
C001754,R0001807,S001567,U0265,2026-04-22
C001755,R0000276,S000247,U0040,2026-04-05
C001756,R0006233,S005397,U0123,2026-08-15
C001757,R0005053,S004372,U0417,2026-02-23
C001758,R0001605,S001392,U0169,2026-01-08
C001759,R0001506,S001302,U0261,2026-06-04
C001760,R0005143,S004446,U0342,2026-05-28
C001761,R0003426,S002975,U0162,2026-02-23
C001762,R0004227,S003637,U0296,2026-02-05
C001763,R0001723,S001484,U0235,2026-04-23
C001764,R0002979,S002598,U0421,2026-03-21
C001765,R0003699,S003191,U0183,2026-01-15
C001766,R0002634,S002293,U0387,2026-01-23
C001767,R0005098,S004408,U0016,2026-06-25
C001768,R0004526,S003887,U0055,2026-06-18
C001769,R0006257,S005421,U0104,2026-02-12
C001770,R0003791,S003271,U0032,2026-04-10
C001771,R0000356,S000319,U0055,2026-05-30
C001772,R0000399,S000364,U0387,2026-07-26
C001773,R0000719,S000636,U0069,2026-02-20
C001774,R0004642,S003996,U0345,2026-04-14
C001775,R0006828,S005933,U0275,2026-05-23
C001776,R0005261,S004561,U0317,2026-06-25
C001777,R0006740,S005846,U0022,2026-02-15
C001778,R0004078,S003506,U0341,2026-04-13
C001779,R0003109,S002722,U0391,2026-06-11
C001780,R0002675,S002327,U0443,2026-07-03
C001781,R0001821,S001582,U0211,2026-05-21
C001782,R0005489,S004773,U0397,2026-04-03
C001783,R0002883,S002518,U0156,2026-05-25
C001784,R0005461,S004750,U0444,2026-05-18
C001785,R0000806,S000707,U0318,2026-01-16
C001786,R0005467,S004755,U0184,2026-04-06
C001787,R0000777,S000678,U0499,2026-04-16
C001788,R0003226,S002805,U0423,2026-08-06
C001789,R0002573,S002241,U0418,2026-05-13
C001790,R0003882,S003350,U0403,2026-05-11
C001791,R0002416,S002107,U0030,2026-02-11
C001792,R0000673,S000599,U0098,2026-06-01
C001793,R0005990,S005195,U0391,2026-04-06
C001794,R0000938,S000823,U0431,2026-05-06
C001795,R0001352,S001163,U0459,2026-06-17
C001796,R0006328,S005476,U0163,2026-02-11
C001797,R0005495,S004776,U0299,2026-07-06
C001798,R0002497,S002175,U0498,2026-03-30
C001799,R0004102,S003528,U0360,2026-01-02
C001800,R0003885,S003351,U0435,2026-03-27
C001801,R0002201,S001924,U0298,2026-03-29
C001802,R0001997,S001746,U0246,2026-06-12
C001803,R0006275,S005438,U0257,2026-05-16
C001804,R0001108,S000964,U0488,2026-06-27
C001805,R0006605,S005712,U0349,2026-04-06
C001806,R0004459,S003843,U0008,2026-07-16
C001807,R0001314,S001134,U0130,2026-08-09
C001808,R0006391,S005521,U0286,2026-03-05
C001809,R0006676,S005790,U0357,2026-06-18
C001810,R0003482,S003022,U0413,2026-07-19
C001811,R0002143,S001870,U0105,2026-04-21
C001812,R0001002,S000872,U0105,2026-02-14
C001813,R0005520,S004796,U0014,2026-01-12
C001814,R0006893,S005986,U0215,2026-04-26
C001815,R0001021,S000884,U0200,2026-02-15
C001816,R0000704,S000624,U0184,2026-08-11
C001817,R0000483,S000420,U0418,2026-03-06
C001818,R0000119,S000104,U0428,2026-03-03
C001819,R0000652,S000580,U0392,2026-03-16
C001820,R0000545,S000474,U0173,2026-08-05
C001821,R0002482,S002166,U0054,2026-04-22
C001822,R0003355,S002906,U0337,2026-01-16
C001823,R0000251,S000229,U0078,2026-02-03
C001824,R0001638,S001415,U0281,2026-04-21
C001825,R0002706,S002354,U0244,2026-04-02
C001826,R0005954,S005164,U0151,2026-03-12
C001827,R0004052,S003486,U0395,2026-03-10
C001828,R0002219,S001942,U0008,2026-04-22
C001829,R0000847,S000742,U0450,2026-08-04
C001830,R0002642,S002297,U0038,2026-02-10
C001831,R0001190,S001033,U0388,2026-02-11
C001832,R0003481,S003020,U0466,2026-07-07
C001833,R0002837,S002470,U0101,2026-05-26
C001834,R0001403,S001205,U0247,2026-08-09
C001835,R0001236,S001074,U0499,2026-01-31
C001836,R0005066,S004383,U0021,2026-02-13
C001837,R0003279,S002844,U0074,2026-01-17
C001838,R0000941,S000826,U0347,2026-01-31
C001839,R0001441,S001241,U0122,2026-08-28
C001840,R0005503,S004783,U0221,2026-05-28
C001841,R0006025,S005231,U0116,2026-08-08
C001842,R0005533,S004807,U0410,2026-04-21
C001843,R0000599,S000520,U0222,2026-08-19
C001844,R0001815,S001577,U0271,2026-07-12
C001845,R0005492,S004774,U0084,2026-01-03
C001846,R0003533,S003060,U0146,2026-05-04
C001847,R0002016,S001767,U0307,2026-04-10
C001848,R0004476,S003856,U0391,2026-06-12
C001849,R0002138,S001866,U0055,2026-06-02
C001850,R0005504,S004783,U0221,2026-05-28
C001851,R0001575,S001364,U0019,2026-01-31
C001852,R0003702,S003193,U0269,2026-08-08
C001853,R0005722,S004959,U0090,2026-07-30
C001854,R0003776,S003254,U0024,2026-01-01
C001855,R0006590,S005698,U0032,2026-06-17
C001856,R0003957,S003413,U0042,2026-03-29
C001857,R0002403,S002098,U0036,2026-07-20
C001858,R0001656,S001427,U0271,2026-06-08
C001859,R0001493,S001289,U0306,2026-03-19
C001860,R0006811,S005913,U0242,2026-07-05
C001861,R0000609,S000536,U0073,2026-03-28
C001862,R0000851,S000747,U0098,2026-02-27
C001863,R0006557,S005671,U0334,2026-02-03
C001864,R0000166,S000144,U0356,2026-04-22
C001865,R0000864,S000758,U0048,2026-07-25
C001866,R0006368,S005504,U0250,2026-01-12
C001867,R0001861,S001620,U0151,2026-06-08
C001868,R0001104,S000959,U0281,2026-07-23
C001869,R0000352,S000313,U0270,2026-05-10
C001870,R0001778,S001538,U0379,2026-04-09
C001871,R0004416,S003810,U0321,2026-07-11
C001872,R0001594,S001382,U0361,2026-05-23
C001873,R0006737,S005845,U0318,2026-03-23
C001874,R0001011,S000877,U0420,2026-02-15
C001875,R0001136,S000991,U0224,2026-02-02
C001876,R0000373,S000334,U0452,2026-05-30
C001877,R0004254,S003658,U0453,2026-03-30
C001878,R0006516,S005635,U0344,2026-05-29
C001879,R0002423,S002113,U0172,2026-07-20
C001880,R0001983,S001728,U0290,2026-08-10
C001881,R0004879,S004219,U0220,2026-05-20
C001882,R0002657,S002308,U0294,2026-08-28
C001883,R0002223,S001943,U0152,2026-03-15
C001884,R0003583,S003100,U0176,2026-01-29
C001885,R0003796,S003276,U0216,2026-06-09
C001886,R0006841,S005943,U0134,2026-02-07
C001887,R0004324,S003731,U0474,2026-07-28
C001888,R0006667,S005779,U0482,2026-04-20
C001889,R0006464,S005590,U0128,2026-08-14
C001890,R0003326,S002884,U0282,2026-01-23
C001891,R0002510,S002190,U0008,2026-01-12
C001892,R0000270,S000244,U0049,2026-03-05
C001893,R0000594,S000515,U0435,2026-05-26
C001894,R0001336,S001150,U0189,2026-05-23
C001895,R0000876,S000772,U0426,2026-07-18
C001896,R0001930,S001682,U0352,2026-02-27
C001897,R0004320,S003726,U0025,2026-03-04
C001898,R0006298,S005455,U0286,2026-02-06
C001899,R0000976,S000854,U0214,2026-06-07
C001900,R0006133,S005319,U0470,2026-05-20
C001901,R0002365,S002059,U0205,2026-03-26
C001902,R0004658,S004006,U0322,2026-07-21
C001903,R0000479,S000418,U0443,2026-03-08
C001904,R0003144,S002743,U0369,2026-02-15
C001905,R0004869,S004211,U0449,2026-03-08
C001906,R0005720,S004958,U0195,2026-04-13
C001907,R0004281,S003688,U0088,2026-04-30
C001908,R0006029,S005239,U0247,2026-03-11
C001909,R0002499,S002177,U0192,2026-01-15
C001910,R0006806,S005909,U0304,2026-04-04
C001911,R0003004,S002622,U0070,2026-03-06
C001912,R0000631,S000559,U0346,2026-06-05
C001913,R0005611,S004871,U0071,2026-05-11
C001914,R0001560,S001349,U0398,2026-06-03
C001915,R0003456,S002998,U0181,2026-08-19
C001916,R0005516,S004792,U0196,2026-08-14
C001917,R0002599,S002259,U0195,2026-05-13
C001918,R0006684,S005797,U0219,2026-07-27
C001919,R0004387,S003784,U0099,2026-06-01
C001920,R0001504,S001299,U0389,2026-08-23
C001921,R0002614,S002275,U0456,2026-02-27
C001922,R0001329,S001145,U0350,2026-05-08
C001923,R0001256,S001089,U0198,2026-07-30
C001924,R0005536,S004809,U0492,2026-03-09
C001925,R0004970,S004302,U0218,2026-07-27
C001926,R0003578,S003098,U0005,2026-03-12
C001927,R0001367,S001177,U0329,2026-01-17
C001928,R0002808,S002434,U0246,2026-08-01
C001929,R0003716,S003208,U0402,2026-08-19
C001930,R0004826,S004168,U0479,2026-06-18
C001931,R0003447,S002992,U0476,2026-04-25
C001932,R0002077,S001817,U0356,2026-07-04
C001933,R0000308,S000273,U0377,2026-03-06
C001934,R0003730,S003217,U0321,2026-04-08
C001935,R0001870,S001623,U0479,2026-02-06
C001936,R0001359,S001168,U0174,2026-01-06
C001937,R0000108,S000092,U0390,2026-08-09
C001938,R0002252,S001965,U0245,2026-07-19
C001939,R0000684,S000608,U0243,2026-01-02
C001940,R0000967,S000847,U0472,2026-04-14
C001941,R0005265,S004566,U0133,2026-02-10
C001942,R0000513,S000446,U0154,2026-05-08
C001943,R0000219,S000198,U0158,2026-03-09
C001944,R0003767,S003245,U0368,2026-08-13
C001945,R0005478,S004763,U0001,2026-03-28
C001946,R0003222,S002803,U0095,2026-03-02
C001947,R0001010,S000876,U0169,2026-08-01
C001948,R0002591,S002254,U0075,2026-05-05
C001949,R0000476,S000415,U0044,2026-07-30
C001950,R0002442,S002127,U0446,2026-03-30
C001951,R0000677,S000602,U0488,2026-04-20
C001952,R0000196,S000174,U0282,2026-04-01
C001953,R0002128,S001858,U0326,2026-03-03
C001954,R0006407,S005538,U0146,2026-03-16
C001955,R0003879,S003346,U0125,2026-08-15
C001956,R0001828,S001589,U0191,2026-05-11
C001957,R0000156,S000134,U0386,2026-05-27
C001958,R0000680,S000604,U0059,2026-07-31
C001959,R0002389,S002082,U0001,2026-04-06
C001960,R0006450,S005574,U0331,2026-02-07
C001961,R0006260,S005424,U0293,2026-08-19
C001962,R0003546,S003065,U0066,2026-06-07
C001963,R0002636,S002294,U0335,2026-04-09
C001964,R0002232,S001948,U0158,2026-02-19
C001965,R0004986,S004313,U0012,2026-03-06
C001966,R0003756,S003239,U0478,2026-06-09
C001967,R0003068,S002677,U0149,2026-06-28
C001968,R0004540,S003901,U0275,2026-03-08
C001969,R0003373,S002921,U0281,2026-06-17
C001970,R0000526,S000456,U0228,2026-06-06
C001971,R0001398,S001201,U0011,2026-05-26
C001972,R0001751,S001509,U0243,2026-03-01
C001973,R0003806,S003284,U0144,2026-06-26
C001974,R0000419,S000377,U0291,2026-03-10
C001975,R0001192,S001034,U0239,2026-05-04
C001976,R0006028,S005237,U0387,2026-05-15
C001977,R0003629,S003130,U0275,2026-03-16
C001978,R0000391,S000356,U0092,2026-02-13
C001979,R0004439,S003828,U0177,2026-03-10
C001980,R0005842,S005070,U0196,2026-07-07
C001981,R0000552,S000478,U0267,2026-07-19
C001982,R0001573,S001362,U0172,2026-07-19
C001983,R0000989,S000862,U0256,2026-05-03
C001984,R0000363,S000326,U0131,2026-08-01
C001985,R0001642,S001420,U0338,2026-06-19
C001986,R0001384,S001188,U0318,2026-04-01
C001987,R0004718,S004059,U0321,2026-02-19
C001988,R0006199,S005373,U0438,2026-06-28
C001989,R0004915,S004256,U0353,2026-08-16
C001990,R0002724,S002368,U0018,2026-08-21
C001991,R0000089,S000074,U0285,2026-02-11
C001992,R0000230,S000210,U0099,2026-02-05
C001993,R0000646,S000572,U0157,2026-07-18
C001994,R0003676,S003176,U0424,2026-03-26
C001995,R0000554,S000480,U0162,2026-02-10
C001996,R0006070,S005270,U0273,2026-01-01
C001997,R0006831,S005936,U0184,2026-08-06
C001998,R0002467,S002151,U0213,2026-02-09
C001999,R0004867,S004209,U0471,2026-07-01
C002000,R0002847,S002481,U0077,2026-01-17
C002001,R0004292,S003698,U0391,2026-04-06
C002002,R0004765,S004116,U0218,2026-06-17
C002003,R0006757,S005864,U0235,2026-03-02
C002004,R0006176,S005354,U0340,2026-05-11
C002005,R0001535,S001327,U0429,2026-01-12
C002006,R0004790,S004135,U0428,2026-04-14
C002007,R0006857,S005954,U0344,2026-03-30
C002008,R0002180,S001905,U0168,2026-01-01
C002009,R0004197,S003609,U0012,2026-07-05
C002010,R0002896,S002530,U0351,2026-04-16
C002011,R0004480,S003859,U0428,2026-04-17
C002012,R0005152,S004455,U0263,2026-02-14
C002013,R0005728,S004963,U0202,2026-08-27
C002014,R0002187,S001910,U0337,2026-03-05
C002015,R0004940,S004280,U0336,2026-03-05
C002016,R0005415,S004708,U0080,2026-01-17
C002017,R0004663,S004011,U0484,2026-07-09
C002018,R0006897,S005989,U0367,2026-07-21
C002019,R0000608,S000535,U0357,2026-02-17
C002020,R0006336,S005483,U0033,2026-02-27
C002021,R0006607,S005712,U0349,2026-04-06
C002022,R0005882,S005101,U0372,2026-04-11
C002023,R0005955,S005164,U0151,2026-03-12
C002024,R0002256,S001967,U0261,2026-07-21
C002025,R0000397,S000360,U0169,2026-06-16
C002026,R0003510,S003037,U0168,2026-04-07
C002027,R0001946,S001703,U0125,2026-03-22
C002028,R0001369,S001178,U0061,2026-06-15
C002029,R0002144,S001871,U0172,2026-06-17
C002030,R0002445,S002130,U0114,2026-04-18
C002031,R0006402,S005534,U0192,2026-08-13
C002032,R0006244,S005410,U0079,2026-05-18
C002033,R0001140,S000994,U0412,2026-08-17
C002034,R0004903,S004243,U0218,2026-05-05
C002035,R0002129,S001860,U0476,2026-05-18
C002036,R0005999,S005202,U0097,2026-03-18
C002037,R0006629,S005733,U0066,2026-05-31
C002038,R0001721,S001482,U0122,2026-02-07
C002039,R0005812,S005032,U0224,2026-08-07
C002040,R0006471,S005598,U0438,2026-05-30
C002041,R0004776,S004123,U0332,2026-08-27
C002042,R0003828,S003303,U0186,2026-08-27
C002043,R0003951,S003408,U0475,2026-05-18
C002044,R0003773,S003252,U0082,2026-04-07
C002045,R0000205,S000181,U0348,2026-05-01
C002046,R0002535,S002212,U0031,2026-06-28
C002047,R0003976,S003424,U0125,2026-04-22
C002048,R0002577,S002248,U0266,2026-08-02
C002049,R0005353,S004649,U0186,2026-05-18
C002050,R0005303,S004599,U0183,2026-06-01
C002051,R0002341,S002040,U0307,2026-08-27
C002052,R0005794,S005021,U0392,2026-06-22
C002053,R0001665,S001437,U0148,2026-07-30
C002054,R0004633,S003981,U0392,2026-08-21
C002055,R0001939,S001694,U0005,2026-01-19
C002056,R0002703,S002353,U0023,2026-07-15
C002057,R0001865,S001621,U0050,2026-04-22
C002058,R0006484,S005608,U0292,2026-06-03
C002059,R0004223,S003633,U0074,2026-06-07
C002060,R0005553,S004818,U0396,2026-04-07
C002061,R0001570,S001361,U0483,2026-02-17
C002062,R0002773,S002407,U0289,2026-04-11
C002063,R0000858,S000753,U0043,2026-01-07
C002064,R0005946,S005154,U0172,2026-04-04
C002065,R0000947,S000832,U0308,2026-07-16
C002066,R0006453,S005579,U0392,2026-08-01
C002067,R0000886,S000781,U0478,2026-03-31
C002068,R0005141,S004445,U0415,2026-04-22
C002069,R0000024,S000019,U0085,2026-02-15
C002070,R0005601,S004859,U0198,2026-02-16
C002071,R0001298,S001120,U0361,2026-02-10
C002072,R0002819,S002447,U0389,2026-03-12
C002073,R0004634,S003983,U0497,2026-01-28
C002074,R0001719,S001481,U0419,2026-08-25
C002075,R0003006,S002622,U0070,2026-03-06
C002076,R0001611,S001394,U0471,2026-03-05
C002077,R0000257,S000234,U0351,2026-04-12
C002078,R0002297,S002005,U0149,2026-04-29
C002079,R0004851,S004195,U0115,2026-04-29
C002080,R0001736,S001497,U0348,2026-08-26
C002081,R0001263,S001093,U0368,2026-03-01
C002082,R0001890,S001651,U0220,2026-03-21
C002083,R0004727,S004068,U0026,2026-06-21
C002084,R0002434,S002120,U0253,2026-02-20
C002085,R0004734,S004077,U0248,2026-08-18
C002086,R0001713,S001475,U0331,2026-07-01
C002087,R0002700,S002348,U0458,2026-02-10
C002088,R0000386,S000350,U0462,2026-05-26
C002089,R0000842,S000739,U0278,2026-04-19
C002090,R0005895,S005112,U0184,2026-01-16
C002091,R0003376,S002923,U0378,2026-02-19
C002092,R0003154,S002757,U0016,2026-07-04
C002093,R0006860,S005957,U0413,2026-05-30
C002094,R0003179,S002774,U0286,2026-01-21
C002095,R0003133,S002738,U0309,2026-06-02
C002096,R0003244,S002816,U0016,2026-06-29
C002097,R0000073,S000060,U0340,2026-01-03
C002098,R0006493,S005613,U0282,2026-04-25
C002099,R0004202,S003615,U0135,2026-05-05
C002100,R0003310,S002867,U0081,2026-07-16
C002101,R0004049,S003485,U0179,2026-04-03
C002102,R0006612,S005719,U0269,2026-04-16
C002103,R0001814,S001574,U0328,2026-05-21
C002104,R0002985,S002601,U0471,2026-05-13
C002105,R0001668,S001439,U0370,2026-06-05
C002106,R0002572,S002239,U0346,2026-03-26
C002107,R0000035,S000029,U0372,2026-06-03
C002108,R0001264,S001094,U0169,2026-07-23
C002109,R0002454,S002138,U0288,2026-07-08
C002110,R0005491,S004774,U0084,2026-01-03
C002111,R0005546,S004815,U0351,2026-01-18
C002112,R0005743,S004977,U0371,2026-06-05
C002113,R0003937,S003395,U0175,2026-06-26
C002114,R0003161,S002762,U0379,2026-05-16
C002115,R0000277,S000247,U0040,2026-04-05
C002116,R0002584,S002250,U0332,2026-04-08
C002117,R0006087,S005283,U0458,2026-08-22
C002118,R0005172,S004477,U0456,2026-06-18
C002119,R0004801,S004143,U0261,2026-07-02
C002120,R0006095,S005289,U0220,2026-07-04
C002121,R0004007,S003450,U0389,2026-05-13
C002122,R0004174,S003589,U0066,2026-03-04
C002123,R0004982,S004309,U0425,2026-05-27
C002124,R0002230,S001946,U0367,2026-03-08
C002125,R0005188,S004492,U0055,2026-01-25
C002126,R0003371,S002918,U0084,2026-06-16
C002127,R0002432,S002120,U0253,2026-02-20
C002128,R0002937,S002564,U0372,2026-02-01
C002129,R0000776,S000678,U0499,2026-04-16
C002130,R0003576,S003097,U0254,2026-03-12
C002131,R0002869,S002502,U0432,2026-07-31
C002132,R0006015,S005220,U0146,2026-04-22
C002133,R0001545,S001333,U0058,2026-02-20
C002134,R0000368,S000331,U0296,2026-04-01
C002135,R0004465,S003846,U0207,2026-08-28
C002136,R0002082,S001820,U0204,2026-02-03
C002137,R0004025,S003466,U0192,2026-03-05
C002138,R0006833,S005938,U0042,2026-01-11
C002139,R0003727,S003214,U0327,2026-05-06
C002140,R0000641,S000569,U0481,2026-04-18
C002141,R0000614,S000542,U0439,2026-02-25
C002142,R0005672,S004923,U0284,2026-03-03
C002143,R0006476,S005602,U0492,2026-04-13
C002144,R0005971,S005178,U0274,2026-07-10
C002145,R0001634,S001413,U0188,2026-05-29
C002146,R0005920,S005131,U0189,2026-05-25
C002147,R0005422,S004717,U0004,2026-01-07
C002148,R0006496,S005616,U0292,2026-01-15
C002149,R0002893,S002528,U0331,2026-04-22
C002150,R0002466,S002151,U0213,2026-02-09
C002151,R0002145,S001872,U0499,2026-03-17
C002152,R0004651,S004003,U0294,2026-06-06
C002153,R0004128,S003553,U0244,2026-07-23
C002154,R0002553,S002226,U0206,2026-01-19
C002155,R0001325,S001140,U0389,2026-08-09
C002156,R0000234,S000213,U0401,2026-04-15
C002157,R0000183,S000160,U0250,2026-04-14
C002158,R0004541,S003901,U0275,2026-03-08
C002159,R0001466,S001265,U0398,2026-03-07
C002160,R0003614,S003123,U0364,2026-07-08
C002161,R0001972,S001718,U0277,2026-06-08
C002162,R0002452,S002137,U0360,2026-03-09
C002163,R0004447,S003835,U0232,2026-05-24
C002164,R0005693,S004938,U0051,2026-07-28
C002165,R0000973,S000853,U0342,2026-04-26
C002166,R0003030,S002645,U0012,2026-08-27
C002167,R0005320,S004619,U0201,2026-04-26
C002168,R0001243,S001079,U0475,2026-03-22
C002169,R0002745,S002386,U0324,2026-07-11
C002170,R0006782,S005886,U0113,2026-06-29
C002171,R0006172,S005351,U0046,2026-07-06
C002172,R0000985,S000859,U0312,2026-04-12
C002173,R0000055,S000043,U0469,2026-03-31
C002174,R0006299,S005455,U0286,2026-02-06
C002175,R0001181,S001027,U0056,2026-03-19
C002176,R0004680,S004033,U0277,2026-05-08
C002177,R0006019,S005226,U0026,2026-08-28
C002178,R0000990,S000863,U0463,2026-06-29
C002179,R0006652,S005760,U0068,2026-06-28
C002180,R0006442,S005566,U0112,2026-05-16
C002181,R0000849,S000743,U0474,2026-04-10
C002182,R0006235,S005399,U0228,2026-07-03
C002183,R0006789,S005891,U0327,2026-03-09
C002184,R0000491,S000426,U0086,2026-07-11
C002185,R0002328,S002031,U0266,2026-07-03
C002186,R0001511,S001305,U0203,2026-06-30
C002187,R0005659,S004916,U0419,2026-08-12
C002188,R0006544,S005662,U0131,2026-01-30
C002189,R0005791,S005020,U0285,2026-04-12
C002190,R0004572,S003926,U0045,2026-06-24
C002191,R0004335,S003742,U0307,2026-04-03
C002192,R0003050,S002665,U0112,2026-05-22
C002193,R0005027,S004356,U0240,2026-01-08
C002194,R0006022,S005229,U0040,2026-03-29
C002195,R0000228,S000209,U0053,2026-07-05
C002196,R0003009,S002628,U0246,2026-07-17
C002197,R0006648,S005756,U0069,2026-08-01
C002198,R0004779,S004126,U0152,2026-03-13
C002199,R0005400,S004694,U0413,2026-01-19
C002200,R0002769,S002406,U0010,2026-07-27
C002201,R0002208,S001930,U0381,2026-08-24
C002202,R0001440,S001239,U0452,2026-04-22
C002203,R0006682,S005796,U0498,2026-05-24
C002204,R0006146,S005328,U0201,2026-04-11
C002205,R0001589,S001376,U0435,2026-03-18
C002206,R0005413,S004704,U0007,2026-05-06
C002207,R0005624,S004882,U0155,2026-05-10
C002208,R0006867,S005960,U0076,2026-03-14
C002209,R0003365,S002914,U0474,2026-06-11
C002210,R0006312,S005465,U0409,2026-07-24
C002211,R0006501,S005621,U0405,2026-04-14
C002212,R0003039,S002656,U0369,2026-02-08
C002213,R0001115,S000974,U0429,2026-07-19
C002214,R0002079,S001819,U0367,2026-07-14
C002215,R0006596,S005702,U0447,2026-08-14
C002216,R0006432,S005559,U0231,2026-03-26
C002217,R0006157,S005338,U0134,2026-02-11
C002218,R0002338,S002039,U0195,2026-06-13
C002219,R0001452,S001254,U0275,2026-02-06
C002220,R0005198,S004498,U0197,2026-02-08
C002221,R0003551,S003071,U0363,2026-05-21
C002222,R0002195,S001919,U0183,2026-02-10
C002223,R0006838,S005941,U0151,2026-06-27
C002224,R0003581,S003099,U0372,2026-04-24
C002225,R0001935,S001687,U0383,2026-07-10
C002226,R0000816,S000715,U0430,2026-08-25
C002227,R0004051,S003486,U0395,2026-03-10
C002228,R0006891,S005985,U0328,2026-06-14
C002229,R0006559,S005673,U0020,2026-08-12
C002230,R0002093,S001831,U0449,2026-07-13
C002231,R0002629,S002286,U0247,2026-03-26
C002232,R0004653,S004003,U0294,2026-06-06
C002233,R0002277,S001986,U0473,2026-03-31
C002234,R0002624,S002280,U0415,2026-01-02
C002235,R0000135,S000116,U0468,2026-07-22
C002236,R0005880,S005100,U0199,2026-08-24
C002237,R0004331,S003739,U0142,2026-08-03
C002238,R0004552,S003912,U0185,2026-06-12
C002239,R0003409,S002958,U0087,2026-03-16
C002240,R0006850,S005948,U0030,2026-06-09
C002241,R0001037,S000901,U0123,2026-02-16
C002242,R0006904,S005993,U0076,2026-06-30
C002243,R0006422,S005551,U0343,2026-03-31
C002244,R0000223,S000202,U0267,2026-04-22
C002245,R0006403,S005535,U0293,2026-08-01
C002246,R0005765,S004992,U0433,2026-03-06
C002247,R0006209,S005379,U0220,2026-08-28
C002248,R0002217,S001940,U0246,2026-05-22
C002249,R0002005,S001752,U0019,2026-02-18
C002250,R0000155,S000134,U0386,2026-05-27
C002251,R0003146,S002744,U0069,2026-06-02
C002252,R0001448,S001249,U0059,2026-08-18
C002253,R0005669,S004922,U0059,2026-05-20
C002254,R0003894,S003357,U0485,2026-01-01
C002255,R0004444,S003832,U0160,2026-08-07
C002256,R0003339,S002892,U0270,2026-07-12
C002257,R0006377,S005509,U0451,2026-03-11
C002258,R0003350,S002899,U0145,2026-08-13
C002259,R0005454,S004745,U0500,2026-01-29
C002260,R0006616,S005721,U0201,2026-02-12
C002261,R0000671,S000598,U0256,2026-06-29
C002262,R0003650,S003148,U0424,2026-05-24
C002263,R0006855,S005953,U0168,2026-01-06
C002264,R0000376,S000338,U0120,2026-06-22
C002265,R0002216,S001939,U0487,2026-01-01
C002266,R0001481,S001279,U0122,2026-02-28
C002267,R0005557,S004820,U0089,2026-08-22
C002268,R0000549,S000476,U0153,2026-06-04
C002269,R0005821,S005038,U0052,2026-04-16
C002270,R0004053,S003487,U0145,2026-07-21
C002271,R0003549,S003071,U0363,2026-05-21
C002272,R0000300,S000270,U0346,2026-05-12
C002273,R0006785,S005888,U0166,2026-03-09
C002274,R0006047,S005251,U0287,2026-04-13
C002275,R0006382,S005513,U0176,2026-02-06
C002276,R0002221,S001943,U0152,2026-03-15
C002277,R0003916,S003375,U0048,2026-07-18
C002278,R0000835,S000733,U0500,2026-01-28
C002279,R0001396,S001200,U0240,2026-07-11
C002280,R0003080,S002687,U0299,2026-03-13
C002281,R0002109,S001842,U0426,2026-08-25
C002282,R0003831,S003305,U0172,2026-06-06
C002283,R0003470,S003011,U0447,2026-05-26
C002284,R0000098,S000080,U0493,2026-02-07
C002285,R0002446,S002130,U0114,2026-04-18
C002286,R0000409,S000370,U0157,2026-06-09
C002287,R0000246,S000224,U0286,2026-04-03
C002288,R0006468,S005595,U0488,2026-01-02
C002289,R0001463,S001264,U0016,2026-06-16
C002290,R0000615,S000543,U0111,2026-08-17
C002291,R0002024,S001770,U0110,2026-08-26
C002292,R0006762,S005868,U0448,2026-04-05
C002293,R0004672,S004021,U0006,2026-02-02
C002294,R0002182,S001906,U0102,2026-06-10
C002295,R0004997,S004325,U0119,2026-05-13
C002296,R0004058,S003492,U0325,2026-08-01
C002297,R0000662,S000593,U0357,2026-02-09
C002298,R0003703,S003194,U0165,2026-06-17
C002299,R0003094,S002710,U0441,2026-06-03
C002300,R0000702,S000620,U0055,2026-03-08
C002301,R0003061,S002673,U0340,2026-06-04
C002302,R0003162,S002762,U0379,2026-05-16
C002303,R0002707,S002354,U0244,2026-04-02
C002304,R0002511,S002191,U0223,2026-08-04
C002305,R0006295,S005454,U0113,2026-03-23
C002306,R0006196,S005367,U0320,2026-04-20
C002307,R0002608,S002270,U0260,2026-08-04
C002308,R0006895,S005987,U0352,2026-06-16
C002309,R0003637,S003137,U0367,2026-03-07
C002310,R0002995,S002612,U0232,2026-03-19
C002311,R0002942,S002566,U0143,2026-04-02
C002312,R0004107,S003533,U0434,2026-05-25
C002313,R0005434,S004729,U0278,2026-03-20
C002314,R0006736,S005843,U0206,2026-06-26
C002315,R0005594,S004851,U0294,2026-03-08
C002316,R0004449,S003836,U0021,2026-04-10
C002317,R0005807,S005029,U0221,2026-02-04
C002318,R0002728,S002371,U0411,2026-04-28
C002319,R0001699,S001464,U0106,2026-03-10
C002320,R0000331,S000292,U0134,2026-01-06
C002321,R0001382,S001185,U0106,2026-08-09
C002322,R0004725,S004066,U0278,2026-02-28
C002323,R0000613,S000541,U0259,2026-05-10
C002324,R0003307,S002866,U0223,2026-02-12
C002325,R0000435,S000389,U0341,2026-05-24
C002326,R0002010,S001762,U0142,2026-08-15
C002327,R0004375,S003776,U0006,2026-01-20
C002328,R0004017,S003460,U0421,2026-01-23
C002329,R0004470,S003849,U0047,2026-02-17
C002330,R0000450,S000398,U0373,2026-06-02
C002331,R0002901,S002532,U0483,2026-07-22
C002332,R0004144,S003567,U0001,2026-05-16
C002333,R0001661,S001430,U0158,2026-01-30
C002334,R0002816,S002441,U0374,2026-08-10
C002335,R0004817,S004159,U0023,2026-04-23
C002336,R0000797,S000700,U0246,2026-04-05
C002337,R0000070,S000055,U0471,2026-07-12
C002338,R0004917,S004257,U0105,2026-02-22
C002339,R0003582,S003099,U0372,2026-04-24
C002340,R0004624,S003973,U0338,2026-08-13
C002341,R0003978,S003426,U0052,2026-03-25
C002342,R0006563,S005675,U0091,2026-04-25
C002343,R0000286,S000257,U0333,2026-05-17
C002344,R0002349,S002044,U0384,2026-03-20
C002345,R0003269,S002835,U0032,2026-03-04
C002346,R0003236,S002811,U0288,2026-05-25
C002347,R0003889,S003355,U0214,2026-04-13
C002348,R0003866,S003334,U0452,2026-04-12
C002349,R0006039,S005247,U0346,2026-07-15
C002350,R0002357,S002055,U0028,2026-03-10
C002351,R0006513,S005633,U0376,2026-07-06
C002352,R0005178,S004479,U0207,2026-01-18
C002353,R0003324,S002880,U0425,2026-02-12
C002354,R0005223,S004524,U0112,2026-01-30
C002355,R0004272,S003678,U0383,2026-03-03
C002356,R0003329,S002886,U0051,2026-03-28
C002357,R0004226,S003636,U0367,2026-02-14
C002358,R0005298,S004594,U0173,2026-02-27
C002359,R0004901,S004243,U0218,2026-05-05
C002360,R0005906,S005120,U0054,2026-02-11
C002361,R0002587,S002251,U0406,2026-03-14
C002362,R0001631,S001411,U0013,2026-08-15
C002363,R0006603,S005707,U0301,2026-07-17
C002364,R0005335,S004629,U0395,2026-04-04
C002365,R0003352,S002901,U0178,2026-01-07
C002366,R0000946,S000832,U0308,2026-07-16
C002367,R0006466,S005592,U0437,2026-07-30
C002368,R0005901,S005117,U0029,2026-08-25
C002369,R0002529,S002206,U0347,2026-07-30
C002370,R0000159,S000137,U0414,2026-05-25
C002371,R0006497,S005616,U0292,2026-01-15
C002372,R0005050,S004370,U0315,2026-03-30
C002373,R0000785,S000685,U0140,2026-07-19
C002374,R0001894,S001652,U0398,2026-04-04
C002375,R0004528,S003889,U0129,2026-08-14
C002376,R0001432,S001232,U0192,2026-06-15
C002377,R0004977,S004306,U0409,2026-07-02
C002378,R0004285,S003690,U0242,2026-08-02
C002379,R0004918,S004257,U0105,2026-02-22
C002380,R0003317,S002874,U0236,2026-02-21
C002381,R0000290,S000261,U0462,2026-08-20
C002382,R0001786,S001544,U0420,2026-08-20
C002383,R0005189,S004492,U0055,2026-01-25
C002384,R0001145,S001001,U0387,2026-08-24
C002385,R0000074,S000062,U0029,2026-04-29
C002386,R0000037,S000031,U0362,2026-01-23
C002387,R0001981,S001726,U0015,2026-03-18
C002388,R0000866,S000762,U0161,2026-07-06
C002389,R0004039,S003481,U0095,2026-03-27
C002390,R0002686,S002336,U0216,2026-03-03
C002391,R0005675,S004926,U0070,2026-03-31
C002392,R0002495,S002174,U0360,2026-07-20
C002393,R0001917,S001673,U0321,2026-08-06
C002394,R0000738,S000652,U0085,2026-05-06
C002395,R0006504,S005625,U0134,2026-06-29
C002396,R0002127,S001858,U0326,2026-03-03
C002397,R0004566,S003922,U0165,2026-02-11
C002398,R0002244,S001959,U0392,2026-08-27
C002399,R0004841,S004183,U0254,2026-04-30
C002400,R0002476,S002157,U0151,2026-03-04
C002401,R0002295,S002002,U0113,2026-07-24
C002402,R0005375,S004672,U0154,2026-04-10
C002403,R0005524,S004799,U0277,2026-05-24
C002404,R0004186,S003602,U0015,2026-03-29
C002405,R0004012,S003452,U0308,2026-07-18
C002406,R0003876,S003342,U0491,2026-01-19
C002407,R0000743,S000657,U0387,2026-05-24
C002408,R0006385,S005514,U0392,2026-04-27
C002409,R0004637,S003991,U0473,2026-02-18
C002410,R0000160,S000137,U0414,2026-05-25
C002411,R0005681,S004931,U0207,2026-06-29
C002412,R0001910,S001664,U0189,2026-08-07
C002413,R0003853,S003323,U0463,2026-01-09
C002414,R0001368,S001178,U0061,2026-06-15
C002415,R0006795,S005898,U0158,2026-02-11
C002416,R0000239,S000216,U0406,2026-01-08
C002417,R0002437,S002122,U0291,2026-02-01
C002418,R0005427,S004721,U0009,2026-04-20
C002419,R0000306,S000273,U0377,2026-03-06
C002420,R0005925,S005136,U0261,2026-06-26
C002421,R0002913,S002543,U0151,2026-07-27
C002422,R0001376,S001183,U0129,2026-01-14
C002423,R0001839,S001599,U0146,2026-05-29
C002424,R0003832,S003305,U0172,2026-06-06
C002425,R0005604,S004862,U0328,2026-05-28
C002426,R0001667,S001439,U0370,2026-06-05
C002427,R0001252,S001088,U0339,2026-06-09
C002428,R0005408,S004701,U0402,2026-06-13
C002429,R0001248,S001084,U0264,2026-05-31
C002430,R0005751,S004982,U0197,2026-05-16
C002431,R0005651,S004906,U0275,2026-04-23
C002432,R0001922,S001676,U0160,2026-07-03
C002433,R0001171,S001021,U0489,2026-02-23
C002434,R0004595,S003946,U0307,2026-05-31
C002435,R0004162,S003581,U0127,2026-01-25
C002436,R0003052,S002667,U0393,2026-07-18
C002437,R0001048,S000909,U0180,2026-03-02
C002438,R0002961,S002582,U0183,2026-05-25
C002439,R0006234,S005399,U0228,2026-07-03
C002440,R0000963,S000844,U0167,2026-08-02
C002441,R0005357,S004654,U0422,2026-04-01
C002442,R0006804,S005908,U0041,2026-07-03
C002443,R0003328,S002885,U0102,2026-07-05
C002444,R0002989,S002605,U0031,2026-07-20
C002445,R0005107,S004418,U0178,2026-06-16
C002446,R0004446,S003834,U0113,2026-07-27
C002447,R0004884,S004226,U0139,2026-07-03
C002448,R0006639,S005743,U0146,2026-02-27
C002449,R0002017,S001767,U0307,2026-04-10
C002450,R0001705,S001467,U0045,2026-04-16
C002451,R0000216,S000194,U0325,2026-01-28
C002452,R0002520,S002201,U0113,2026-07-25
C002453,R0001782,S001541,U0412,2026-05-26
C002454,R0004356,S003760,U0263,2026-05-13
C002455,R0003430,S002977,U0331,2026-04-19
C002456,R0000195,S000174,U0282,2026-04-01
C002457,R0001831,S001591,U0331,2026-05-14
C002458,R0000203,S000180,U0001,2026-01-15
C002459,R0004593,S003944,U0063,2026-04-20
C002460,R0005781,S005008,U0353,2026-05-15
C002461,R0006858,S005955,U0497,2026-06-29
C002462,R0005941,S005148,U0145,2026-05-22
C002463,R0000670,S000598,U0256,2026-06-29
C002464,R0003753,S003237,U0355,2026-03-17
C002465,R0001107,S000963,U0359,2026-01-04
C002466,R0001100,S000957,U0135,2026-06-07
C002467,R0000121,S000105,U0106,2026-03-31
C002468,R0002871,S002504,U0116,2026-07-06
C002469,R0000287,S000257,U0333,2026-05-17
C002470,R0006741,S005846,U0022,2026-02-15
C002471,R0001632,S001411,U0013,2026-08-15
C002472,R0003332,S002887,U0420,2026-01-31
C002473,R0002891,S002527,U0117,2026-01-07
C002474,R0005361,S004658,U0443,2026-03-20
C002475,R0006120,S005308,U0137,2026-07-06
C002476,R0000313,S000280,U0378,2026-02-13
C002477,R0005893,S005110,U0101,2026-08-02
C002478,R0000742,S000654,U0030,2026-02-04
C002479,R0003349,S002898,U0185,2026-03-18
C002480,R0001143,S000996,U0217,2026-05-09
C002481,R0001690,S001456,U0032,2026-03-03
C002482,R0005859,S005082,U0124,2026-07-29
C002483,R0005234,S004534,U0445,2026-05-17
C002484,R0004382,S003782,U0344,2026-04-08
C002485,R0000523,S000455,U0419,2026-04-20
C002486,R0003710,S003204,U0058,2026-05-02
C002487,R0001040,S000905,U0263,2026-07-13
C002488,R0006250,S005415,U0308,2026-01-13
C002489,R0001009,S000876,U0169,2026-08-01
C002490,R0001623,S001406,U0357,2026-03-28
C002491,R0003595,S003109,U0241,2026-07-31
C002492,R0003530,S003054,U0449,2026-05-07
C002493,R0000891,S000784,U0179,2026-08-25
C002494,R0004237,S003644,U0457,2026-06-27
C002495,R0001377,S001183,U0129,2026-01-14
C002496,R0004501,S003873,U0038,2026-01-07
C002497,R0003813,S003292,U0279,2026-08-16
C002498,R0000181,S000158,U0105,2026-06-21
C002499,R0004068,S003497,U0476,2026-07-15
C002500,R0002231,S001947,U0432,2026-06-26
C002501,R0003770,S003250,U0180,2026-01-28
C002502,R0002333,S002036,U0029,2026-02-21
C002503,R0003875,S003342,U0491,2026-01-19
C002504,R0002112,S001843,U0190,2026-06-16
C002505,R0006389,S005519,U0067,2026-02-16
C002506,R0005680,S004930,U0202,2026-05-24
C002507,R0001710,S001474,U0370,2026-06-02
C002508,R0005475,S004762,U0150,2026-03-22
C002509,R0004351,S003756,U0175,2026-01-05
C002510,R0004532,S003892,U0388,2026-06-30
C002511,R0005789,S005018,U0142,2026-04-10
C002512,R0005619,S004878,U0278,2026-07-05
C002513,R0003421,S002971,U0227,2026-04-22
C002514,R0001235,S001073,U0052,2026-04-10
C002515,R0005674,S004926,U0070,2026-03-31
C002516,R0000285,S000254,U0255,2026-08-25
C002517,R0000640,S000567,U0249,2026-04-27
C002518,R0001300,S001121,U0104,2026-04-07
C002519,R0005956,S005165,U0428,2026-05-11
C002520,R0002794,S002423,U0190,2026-01-10
C002521,R0006091,S005286,U0412,2026-06-27
C002522,R0004975,S004304,U0427,2026-07-05
C002523,R0005571,S004830,U0167,2026-03-28
C002524,R0002060,S001804,U0140,2026-07-30
C002525,R0001724,S001486,U0031,2026-06-14
C002526,R0004929,S004267,U0341,2026-07-18
C002527,R0001241,S001077,U0013,2026-07-07
C002528,R0002876,S002506,U0220,2026-03-06
C002529,R0003318,S002876,U0405,2026-01-30
C002530,R0003545,S003065,U0066,2026-06-07
C002531,R0000903,S000797,U0356,2026-01-13
C002532,R0002906,S002536,U0394,2026-02-21
C002533,R0002748,S002390,U0425,2026-07-12
C002534,R0005094,S004404,U0279,2026-01-19
C002535,R0005214,S004518,U0492,2026-01-18
C002536,R0003835,S003308,U0452,2026-04-08
C002537,R0000042,S000036,U0072,2026-05-04
C002538,R0004862,S004205,U0333,2026-04-05
C002539,R0005683,S004933,U0221,2026-05-16
C002540,R0002663,S002312,U0154,2026-01-19
C002541,R0001285,S001109,U0437,2026-06-28
C002542,R0002255,S001967,U0261,2026-07-21
C002543,R0006160,S005340,U0221,2026-06-08
C002544,R0003353,S002901,U0178,2026-01-07
C002545,R0002845,S002478,U0270,2026-04-27
C002546,R0005670,S004922,U0059,2026-05-20
C002547,R0000301,S000270,U0346,2026-05-12
C002548,R0000139,S000126,U0481,2026-04-09
C002549,R0004346,S003752,U0257,2026-01-26
C002550,R0005696,S004941,U0492,2026-04-13
C002551,R0004302,S003708,U0161,2026-02-11
C002552,R0003031,S002647,U0372,2026-04-24
C002553,R0006418,S005546,U0044,2026-05-23
C002554,R0000086,S000070,U0173,2026-02-24
C002555,R0004757,S004107,U0491,2026-04-03
C002556,R0003380,S002929,U0236,2026-07-07
C002557,R0006742,S005846,U0022,2026-02-15
C002558,R0001308,S001128,U0081,2026-08-16
C002559,R0005916,S005130,U0465,2026-02-07
C002560,R0006370,S005505,U0446,2026-03-27
C002561,R0004203,S003616,U0290,2026-05-26
C002562,R0000860,S000754,U0120,2026-02-18
C002563,R0000436,S000389,U0341,2026-05-24
C002564,R0002749,S002390,U0425,2026-07-12
C002565,R0006152,S005335,U0147,2026-07-29
C002566,R0000929,S000817,U0310,2026-03-19
C002567,R0006279,S005441,U0477,2026-06-03
C002568,R0002258,S001968,U0178,2026-08-13
C002569,R0006529,S005650,U0204,2026-06-28
C002570,R0003083,S002690,U0259,2026-04-10
C002571,R0004691,S004040,U0478,2026-01-21
C002572,R0002207,S001929,U0144,2026-05-17
C002573,R0000739,S000652,U0085,2026-05-06
C002574,R0003959,S003415,U0159,2026-01-16
C002575,R0005978,S005185,U0467,2026-04-04
C002576,R0006820,S005922,U0272,2026-02-16
C002577,R0006269,S005433,U0003,2026-05-29
C002578,R0002763,S002402,U0341,2026-05-22
C002579,R0006454,S005580,U0232,2026-04-30
C002580,R0005585,S004843,U0362,2026-08-25
C002581,R0003260,S002829,U0294,2026-02-21
C002582,R0002162,S001891,U0413,2026-01-07
C002583,R0005797,S005023,U0360,2026-01-29
C002584,R0003804,S003279,U0098,2026-07-30
C002585,R0004855,S004200,U0231,2026-05-05
C002586,R0001070,S000932,U0202,2026-01-01
C002587,R0004674,S004022,U0129,2026-01-02
C002588,R0004681,S004033,U0277,2026-05-08
C002589,R0000492,S000426,U0086,2026-07-11
C002590,R0003675,S003174,U0322,2026-01-21
C002591,R0002203,S001927,U0267,2026-05-21
C002592,R0004638,S003991,U0473,2026-02-18
C002593,R0002879,S002510,U0316,2026-04-14
C002594,R0001165,S001019,U0487,2026-01-25
C002595,R0000414,S000373,U0115,2026-04-07
C002596,R0005994,S005197,U0159,2026-03-02
C002597,R0001138,S000992,U0220,2026-08-03
C002598,R0005714,S004954,U0441,2026-08-26
C002599,R0002887,S002524,U0220,2026-07-17
C002600,R0005841,S005067,U0405,2026-08-18
