search_id,user_id,origin,destination,search_date,travel_date,cabin,device
S000001,U0320,Delhi,Dubai,2026-01-09,2026-03-08,Economy,Mobile
S000002,U0095,Delhi,New York,2026-01-08,2026-06-03,Business,Desktop
S000003,U0473,Mumbai,Dubai,2026-04-20,2026-05-15,Business,Desktop
S000004,U0361,Mumbai,Paris,2026-05-27,2026-08-16,Economy,Mobile
S000005,U0013,Delhi,Singapore,2026-02-20,2026-07-06,Business,Mobile
S000006,U0146,Hyderabad,Dubai,2026-07-19,2026-09-18,Economy,Desktop
S000007,U0405,Delhi,London,2026-08-14,2026-09-04,First,Mobile
S000008,U0368,Mumbai,Paris,2026-07-04,2026-10-18,First,Desktop
S000009,U0065,Bengaluru,London,2026-07-15,2026-09-28,First,Mobile
S000010,U0228,Delhi,Paris,2026-01-31,2026-06-29,Business,Desktop
S000011,U0242,Mumbai,Dubai,2026-04-12,2026-05-31,Economy,Desktop
S000012,U0008,Mumbai,Singapore,2026-01-03,2026-01-26,Business,Mobile
S000013,U0500,Mumbai,Paris,2026-04-09,2026-07-22,Economy,Mobile
S000014,U0304,Mumbai,Dubai,2026-03-24,2026-07-24,Economy,Mobile
S000015,U0341,Mumbai,Dubai,2026-02-12,2026-07-20,Business,Mobile
S000016,U0043,Delhi,New York,2026-01-29,2026-04-19,Economy,Mobile
S000017,U0244,Mumbai,Singapore,2026-01-10,2026-05-12,First,Desktop
S000018,U0181,Mumbai,Dubai,2026-05-20,2026-06-25,Business,Mobile
S000019,U0085,Mumbai,Dubai,2026-02-15,2026-04-29,Economy,Mobile
S000020,U0155,Mumbai,Dubai,2026-01-30,2026-03-28,Economy,Desktop
S000021,U0275,Mumbai,Paris,2026-04-04,2026-06-09,Economy,Desktop
S000022,U0023,Bengaluru,London,2026-07-29,2026-08-07,Business,Mobile
S000023,U0115,Delhi,Bangkok,2026-08-04,2026-11-22,Business,Desktop
S000024,U0306,Hyderabad,Dubai,2026-02-01,2026-02-12,Economy,Desktop
S000025,U0435,Mumbai,Singapore,2026-07-20,2026-08-23,Economy,Desktop
S000026,U0299,Delhi,London,2026-02-16,2026-06-10,Economy,Mobile
S000027,U0099,Delhi,London,2026-03-29,2026-08-21,First,Mobile
S000028,U0104,Mumbai,Dubai,2026-03-04,2026-06-19,Economy,Desktop
S000029,U0372,Bengaluru,Dubai,2026-06-03,2026-08-24,Economy,Desktop
S000030,U0051,Mumbai,Singapore,2026-05-11,2026-06-01,Business,Desktop
S000031,U0362,Mumbai,Dubai,2026-01-23,2026-04-22,Business,Mobile
S000032,U0112,Delhi,Singapore,2026-07-22,2026-09-14,Business,Desktop
S000033,U0453,Delhi,New York,2026-03-15,2026-07-26,Economy,Desktop
S000034,U0244,Bengaluru,London,2026-02-19,2026-04-12,Business,Mobile
S000035,U0169,Delhi,Dubai,2026-06-13,2026-07-17,Business,Mobile
S000036,U0072,Hyderabad,Dubai,2026-05-04,2026-05-17,Economy,Desktop
S000037,U0139,Delhi,New York,2026-01-13,2026-04-23,Business,Desktop
S000038,U0336,Delhi,Dubai,2026-05-06,2026-08-02,Economy,Mobile
S000039,U0231,Delhi,Tokyo,2026-01-29,2026-05-03,Economy,Desktop
S000040,U0239,Delhi,London,2026-06-15,2026-11-02,First,Desktop
S000041,U0472,Delhi,Tokyo,2026-07-24,2026-10-06,Economy,Desktop
S000042,U0253,Hyderabad,Dubai,2026-05-01,2026-07-01,First,Desktop
S000043,U0469,Bengaluru,London,2026-03-31,2026-08-02,Economy,Desktop
S000044,U0436,Mumbai,Paris,2026-07-31,2026-12-18,Economy,Mobile
S000045,U0407,Mumbai,London,2026-05-13,2026-09-04,Business,Mobile
S000046,U0049,Bengaluru,Dubai,2026-05-28,2026-07-24,Business,Desktop
S000047,U0422,Mumbai,Singapore,2026-03-19,2026-05-02,Economy,Mobile
S000048,U0303,Delhi,Paris,2026-04-19,2026-09-11,Business,Desktop
S000049,U0072,Bengaluru,Dubai,2026-01-14,2026-04-23,Economy,Desktop
S000050,U0263,Hyderabad,Dubai,2026-05-16,2026-06-11,First,Mobile
S000051,U0322,Delhi,Bangkok,2026-02-17,2026-03-05,Economy,Desktop
S000052,U0222,Mumbai,Dubai,2026-05-21,2026-06-22,Business,Mobile
S000053,U0077,Hyderabad,Dubai,2026-01-24,2026-03-19,Economy,Mobile
S000054,U0062,Mumbai,New York,2026-03-20,2026-06-25,Business,Mobile
S000055,U0471,Bengaluru,Dubai,2026-07-12,2026-11-09,Business,Desktop
S000056,U0157,Bengaluru,London,2026-08-02,2026-08-22,Economy,Mobile
S000057,U0294,Mumbai,Dubai,2026-06-11,2026-09-25,Business,Desktop
S000058,U0125,Mumbai,London,2026-02-20,2026-03-10,Economy,Mobile
S000059,U0229,Delhi,New York,2026-08-20,2026-12-20,Economy,Mobile
S000060,U0340,Mumbai,Paris,2026-01-03,2026-05-12,Business,Mobile
S000061,U0161,Mumbai,London,2026-05-08,2026-06-06,Economy,Desktop
S000062,U0029,Delhi,New York,2026-04-29,2026-07-29,Economy,Mobile
S000063,U0114,Mumbai,London,2026-08-06,2026-10-23,Economy,Mobile
S000064,U0079,Mumbai,Paris,2026-07-25,2027-01-14,Business,Desktop
S000065,U0023,Delhi,Singapore,2026-02-27,2026-07-05,Economy,Mobile
S000066,U0106,Delhi,London,2026-08-21,2027-01-11,Business,Mobile
S000067,U0131,Delhi,Dubai,2026-05-05,2026-08-14,Business,Mobile
S000068,U0357,Delhi,London,2026-07-19,2026-08-19,Business,Mobile
S000069,U0477,Mumbai,Singapore,2026-04-23,2026-05-16,First,Desktop
S000070,U0173,Delhi,Dubai,2026-02-24,2026-08-19,Business,Mobile
S000071,U0264,Delhi,Dubai,2026-04-29,2026-06-03,Business,Mobile
S000072,U0342,Bengaluru,Dubai,2026-04-30,2026-07-12,Economy,Desktop
S000073,U0373,Delhi,Tokyo,2026-03-21,2026-06-20,Economy,Desktop
S000074,U0285,Delhi,Singapore,2026-02-11,2026-04-15,Business,Desktop
S000075,U0002,Hyderabad,Dubai,2026-01-21,2026-04-09,First,Desktop
S000076,U0233,Delhi,London,2026-01-10,2026-01-30,Business,Desktop
S000077,U0369,Mumbai,New York,2026-02-26,2026-04-12,Economy,Desktop
S000078,U0251,Mumbai,New York,2026-06-02,2026-10-30,Economy,Desktop
S000079,U0434,Delhi,Singapore,2026-02-25,2026-03-21,Business,Desktop
S000080,U0493,Delhi,Singapore,2026-02-07,2026-04-29,Business,Desktop
S000081,U0321,Delhi,Singapore,2026-03-27,2026-07-13,Business,Mobile
S000082,U0108,Delhi,Singapore,2026-04-23,2026-05-19,Business,Desktop
S000083,U0276,Delhi,Paris,2026-07-08,2026-11-08,Economy,Desktop
S000084,U0180,Delhi,Dubai,2026-04-22,2026-10-19,First,Desktop
S000085,U0213,Delhi,Dubai,2026-06-24,2026-10-25,Business,Mobile
S000086,U0293,Delhi,Dubai,2026-02-23,2026-08-21,Economy,Mobile
S000087,U0072,Mumbai,Dubai,2026-02-15,2026-02-25,Economy,Mobile
S000088,U0283,Mumbai,Singapore,2026-07-15,2026-10-13,First,Mobile
S000089,U0175,Delhi,Dubai,2026-01-04,2026-06-07,Business,Mobile
S000090,U0123,Delhi,Bangkok,2026-08-10,2027-01-02,Economy,Mobile
S000091,U0227,Mumbai,Dubai,2026-07-13,2026-11-10,Economy,Mobile
S000092,U0390,Delhi,Dubai,2026-08-09,2026-10-19,Economy,Mobile
S000093,U0444,Bengaluru,London,2026-06-20,2026-11-19,Economy,Desktop
S000094,U0301,Delhi,London,2026-03-03,2026-08-23,Business,Desktop
S000095,U0428,Mumbai,New York,2026-08-16,2026-10-05,Business,Mobile
S000096,U0083,Bengaluru,London,2026-08-01,2026-12-03,Business,Desktop
S000097,U0253,Mumbai,Dubai,2026-05-04,2026-08-18,Business,Mobile
S000098,U0146,Delhi,London,2026-05-08,2026-06-01,Economy,Mobile
S000099,U0120,Mumbai,London,2026-08-01,2027-01-13,Economy,Desktop
S000100,U0065,Delhi,London,2026-04-22,2026-09-03,Economy,Desktop
S000101,U0281,Delhi,Dubai,2026-03-26,2026-09-15,Economy,Desktop
S000102,U0283,Mumbai,Dubai,2026-01-04,2026-02-17,Economy,Mobile
S000103,U0391,Mumbai,Dubai,2026-03-06,2026-07-26,Business,Desktop
S000104,U0428,Mumbai,Singapore,2026-03-03,2026-06-21,Business,Mobile
S000105,U0106,Bengaluru,London,2026-03-31,2026-04-19,Business,Mobile
S000106,U0413,Delhi,New York,2026-04-30,2026-06-30,Business,Mobile
S000107,U0479,Delhi,Dubai,2026-05-10,2026-08-12,Business,Desktop
S000108,U0300,Delhi,Dubai,2026-05-17,2026-08-16,Business,Mobile
S000109,U0107,Delhi,Tokyo,2026-07-04,2026-10-27,Economy,Mobile
S000110,U0036,Delhi,New York,2026-02-14,2026-04-04,First,Desktop
S000111,U0147,Delhi,Bangkok,2026-05-26,2026-10-11,Economy,Mobile
S000112,U0262,Mumbai,London,2026-04-22,2026-07-08,Economy,Mobile
S000113,U0409,Mumbai,New York,2026-06-25,2026-07-13,Economy,Mobile
S000114,U0159,Mumbai,Singapore,2026-02-11,2026-04-17,First,Mobile
S000115,U0265,Mumbai,London,2026-02-10,2026-04-01,First,Desktop
S000116,U0468,Delhi,Singapore,2026-07-22,2026-08-13,Business,Desktop
S000117,U0202,Mumbai,Singapore,2026-03-30,2026-08-17,Business,Mobile
S000118,U0421,Delhi,Dubai,2026-08-06,2026-08-26,Business,Mobile
S000119,U0155,Mumbai,London,2026-07-05,2026-11-03,First,Desktop
S000120,U0013,Mumbai,Paris,2026-08-16,2026-12-12,Business,Mobile
S000121,U0297,Bengaluru,Dubai,2026-02-11,2026-06-20,First,Desktop
S000122,U0384,Mumbai,London,2026-02-04,2026-04-09,Economy,Mobile
S000123,U0322,Mumbai,Dubai,2026-06-15,2026-11-27,Economy,Mobile
S000124,U0498,Delhi,Dubai,2026-03-08,2026-08-30,Business,Tablet
S000125,U0085,Bengaluru,London,2026-02-10,2026-06-16,Economy,Desktop
S000126,U0481,Mumbai,London,2026-04-09,2026-05-20,First,Mobile
S000127,U0280,Hyderabad,Dubai,2026-02-19,2026-03-07,Economy,Mobile
S000128,U0245,Mumbai,London,2026-04-14,2026-07-10,First,Mobile
S000129,U0300,Delhi,Singapore,2026-03-27,2026-09-07,Economy,Mobile
S000130,U0362,Mumbai,New York,2026-07-19,2026-09-07,Business,Tablet
S000131,U0354,Mumbai,Paris,2026-03-20,2026-06-05,Economy,Desktop
S000132,U0316,Delhi,Singapore,2026-02-14,2026-03-10,Business,Mobile
S000133,U0009,Delhi,Singapore,2026-07-18,2026-10-15,Economy,Mobile
S000134,U0386,Hyderabad,Dubai,2026-05-27,2026-08-20,First,Desktop
S000135,U0247,Delhi,London,2026-08-20,2026-11-20,Business,Mobile
S000136,U0312,Delhi,Tokyo,2026-04-16,2026-10-06,Economy,Desktop
S000137,U0414,Delhi,Dubai,2026-05-25,2026-07-12,Business,Desktop
S000138,U0278,Mumbai,Paris,2026-07-12,2026-11-19,Economy,Desktop
S000139,U0238,Mumbai,New York,2026-08-25,2026-09-30,Economy,Desktop
S000140,U0203,Mumbai,London,2026-08-09,2026-09-04,Economy,Desktop
S000141,U0247,Delhi,Tokyo,2026-05-02,2026-09-11,Business,Tablet
S000142,U0235,Delhi,London,2026-03-18,2026-06-28,Economy,Mobile
S000143,U0081,Mumbai,Dubai,2026-02-25,2026-07-06,Economy,Desktop
S000144,U0356,Delhi,New York,2026-04-22,2026-06-09,First,Mobile
S000145,U0013,Mumbai,London,2026-04-03,2026-07-07,Business,Mobile
S000146,U0327,Mumbai,New York,2026-02-10,2026-05-14,Economy,Mobile
S000147,U0016,Delhi,London,2026-06-19,2026-06-30,Business,Desktop
S000148,U0481,Delhi,Dubai,2026-01-06,2026-03-03,Business,Mobile
S000149,U0045,Delhi,Dubai,2026-07-16,2026-09-01,Economy,Desktop
S000150,U0321,Delhi,Dubai,2026-04-08,2026-07-17,Business,Desktop
S000151,U0139,Delhi,Singapore,2026-07-22,2027-01-11,Business,Mobile
S000152,U0326,Delhi,Paris,2026-03-14,2026-05-16,Business,Desktop
S000153,U0148,Delhi,Tokyo,2026-08-18,2027-02-05,Economy,Desktop
S000154,U0355,Delhi,Bangkok,2026-06-17,2026-11-05,Business,Desktop
S000155,U0236,Delhi,Dubai,2026-02-10,2026-06-29,Economy,Mobile
S000156,U0191,Delhi,Singapore,2026-01-09,2026-03-07,Business,Desktop
S000157,U0101,Delhi,Dubai,2026-01-08,2026-04-30,Economy,Desktop
S000158,U0105,Mumbai,Dubai,2026-06-21,2026-11-10,Economy,Mobile
S000159,U0474,Mumbai,Singapore,2026-07-05,2026-07-22,Economy,Mobile
S000160,U0250,Delhi,London,2026-04-14,2026-09-17,Business,Mobile
S000161,U0396,Mumbai,Dubai,2026-07-14,2026-10-26,Economy,Desktop
S000162,U0446,Bengaluru,Dubai,2026-01-13,2026-04-28,Economy,Mobile
S000163,U0094,Delhi,Singapore,2026-01-19,2026-06-13,Economy,Mobile
S000164,U0220,Delhi,Singapore,2026-04-08,2026-07-19,Business,Desktop
S000165,U0475,Delhi,London,2026-04-06,2026-07-27,Economy,Mobile
S000166,U0298,Mumbai,Dubai,2026-02-18,2026-07-17,Business,Desktop
S000167,U0339,Delhi,Bangkok,2026-07-27,2027-01-15,Economy,Mobile
S000168,U0453,Delhi,Dubai,2026-04-10,2026-04-17,Economy,Mobile
S000169,U0442,Delhi,Singapore,2026-03-23,2026-05-14,Business,Mobile
S000170,U0133,Delhi,London,2026-07-25,2026-10-27,First,Desktop
S000171,U0361,Mumbai,Singapore,2026-06-07,2026-12-01,Economy,Desktop
S000172,U0155,Delhi,London,2026-03-07,2026-04-04,Economy,Desktop
S000173,U0028,Mumbai,Paris,2026-07-24,2026-08-02,Economy,Desktop
S000174,U0282,Delhi,Bangkok,2026-04-01,2026-08-27,Business,Mobile
S000175,U0475,Mumbai,Paris,2026-02-28,2026-07-14,Economy,Mobile
S000176,U0116,Mumbai,Dubai,2026-02-22,2026-04-30,Business,Mobile
S000177,U0305,Delhi,Bangkok,2026-02-21,2026-08-06,Economy,Desktop
S000178,U0234,Delhi,New York,2026-03-22,2026-05-05,Economy,Desktop
S000179,U0405,Mumbai,London,2026-06-08,2026-07-30,Economy,Mobile
S000180,U0001,Mumbai,New York,2026-01-15,2026-07-10,Business,Desktop
S000181,U0348,Delhi,London,2026-05-01,2026-09-18,Business,Tablet
S000182,U0240,Delhi,Dubai,2026-05-28,2026-07-14,Economy,Mobile
S000183,U0058,Delhi,Paris,2026-01-05,2026-06-13,First,Desktop
S000184,U0335,Mumbai,Dubai,2026-05-15,2026-10-07,Economy,Mobile
S000185,U0183,Delhi,New York,2026-01-18,2026-05-14,Business,Desktop
S000186,U0337,Mumbai,London,2026-02-25,2026-04-13,Business,Mobile
S000187,U0026,Delhi,Bangkok,2026-03-16,2026-05-18,Economy,Mobile
S000188,U0468,Bengaluru,Dubai,2026-04-06,2026-10-03,Business,Mobile
S000189,U0409,Delhi,Tokyo,2026-04-24,2026-08-31,Business,Tablet
S000190,U0077,Mumbai,Dubai,2026-08-07,2026-11-07,Economy,Desktop
S000191,U0417,Delhi,Dubai,2026-08-06,2026-10-14,Business,Mobile
S000192,U0217,Mumbai,Singapore,2026-04-11,2026-05-26,Economy,Tablet
S000193,U0328,Delhi,London,2026-06-22,2026-11-13,Business,Desktop
S000194,U0325,Delhi,London,2026-01-28,2026-07-17,Economy,Desktop
S000195,U0262,Delhi,New York,2026-02-19,2026-03-24,Business,Mobile
S000196,U0023,Mumbai,Singapore,2026-01-02,2026-03-30,Economy,Mobile
S000197,U0244,Hyderabad,Dubai,2026-07-31,2026-11-21,Economy,Desktop
S000198,U0158,Delhi,Dubai,2026-03-09,2026-04-20,Economy,Mobile
S000199,U0206,Mumbai,Dubai,2026-05-08,2026-08-07,Economy,Mobile
S000200,U0310,Delhi,Dubai,2026-03-18,2026-08-26,Economy,Mobile
S000201,U0087,Bengaluru,Dubai,2026-01-24,2026-07-18,Economy,Mobile
S000202,U0267,Mumbai,Paris,2026-04-22,2026-05-26,Business,Mobile
S000203,U0415,Delhi,Bangkok,2026-08-18,2026-09-09,Economy,Tablet
S000204,U0134,Delhi,Tokyo,2026-08-20,2026-09-30,Business,Mobile
S000205,U0267,Mumbai,Singapore,2026-06-25,2026-12-12,Business,Mobile
S000206,U0333,Delhi,Singapore,2026-06-22,2026-10-05,First,Mobile
S000207,U0268,Mumbai,London,2026-04-29,2026-09-29,First,Desktop
S000208,U0450,Delhi,New York,2026-08-09,2026-12-15,Business,Desktop
S000209,U0053,Delhi,Singapore,2026-07-05,2026-12-19,Business,Desktop
S000210,U0099,Delhi,Singapore,2026-02-05,2026-03-06,Economy,Mobile
S000211,U0247,Bengaluru,Dubai,2026-01-02,2026-05-07,Business,Mobile
S000212,U0036,Hyderabad,Dubai,2026-05-07,2026-07-15,First,Desktop
S000213,U0401,Mumbai,Paris,2026-04-15,2026-06-30,Economy,Desktop
S000214,U0028,Delhi,Paris,2026-01-18,2026-06-23,Business,Desktop
S000215,U0220,Bengaluru,London,2026-06-26,2026-09-20,Economy,Mobile
S000216,U0406,Delhi,Dubai,2026-01-08,2026-03-14,Business,Mobile
S000217,U0102,Delhi,London,2026-07-05,2026-12-11,Economy,Mobile
S000218,U0263,Bengaluru,London,2026-01-15,2026-02-07,Business,Desktop
S000219,U0271,Delhi,Paris,2026-08-21,2026-10-05,Business,Mobile
S000220,U0224,Delhi,London,2026-05-25,2026-08-16,First,Mobile
S000221,U0139,Bengaluru,Dubai,2026-01-23,2026-05-01,Business,Mobile
S000222,U0280,Delhi,London,2026-07-13,2027-01-02,Business,Mobile
S000223,U0451,Mumbai,Dubai,2026-07-17,2026-08-16,Economy,Mobile
S000224,U0286,Bengaluru,London,2026-04-03,2026-09-22,Economy,Mobile
S000225,U0454,Delhi,Dubai,2026-06-04,2026-09-06,Economy,Desktop
S000226,U0250,Delhi,London,2026-06-14,2026-08-03,Economy,Mobile
S000227,U0322,Mumbai,London,2026-02-18,2026-04-01,Economy,Mobile
S000228,U0317,Delhi,Paris,2026-03-05,2026-06-18,Business,Mobile
S000229,U0078,Delhi,Singapore,2026-02-03,2026-04-20,Business,Mobile
S000230,U0297,Bengaluru,London,2026-01-18,2026-05-26,Business,Desktop
S000231,U0338,Delhi,New York,2026-03-05,2026-07-13,Economy,Mobile
S000232,U0307,Delhi,London,2026-04-16,2026-07-11,Economy,Desktop
S000233,U0428,Hyderabad,Dubai,2026-03-15,2026-05-05,Business,Desktop
S000234,U0351,Delhi,London,2026-04-12,2026-09-19,Economy,Desktop
S000235,U0013,Hyderabad,Dubai,2026-06-21,2026-11-13,Economy,Mobile
S000236,U0346,Delhi,New York,2026-01-17,2026-06-25,Economy,Mobile
S000237,U0492,Hyderabad,Dubai,2026-07-06,2026-08-12,Economy,Desktop
S000238,U0396,Delhi,Dubai,2026-05-21,2026-08-20,Economy,Mobile
S000239,U0082,Mumbai,Singapore,2026-02-21,2026-04-13,Economy,Mobile
S000240,U0009,Delhi,Dubai,2026-07-07,2026-11-05,Economy,Desktop
S000241,U0497,Delhi,London,2026-08-28,2026-11-09,Business,Mobile
S000242,U0213,Mumbai,New York,2026-06-19,2026-09-09,Economy,Mobile
S000243,U0048,Delhi,Dubai,2026-08-07,2026-09-22,Economy,Desktop
S000244,U0049,Delhi,New York,2026-03-05,2026-09-01,Business,Tablet
S000245,U0309,Delhi,Dubai,2026-07-13,2026-08-29,Business,Desktop
S000246,U0440,Mumbai,London,2026-02-03,2026-06-09,Economy,Mobile
S000247,U0040,Mumbai,Paris,2026-04-05,2026-07-01,First,Mobile
S000248,U0363,Delhi,Singapore,2026-03-28,2026-05-11,Economy,Mobile
S000249,U0280,Mumbai,New York,2026-07-18,2026-11-01,Economy,Mobile
S000250,U0226,Mumbai,New York,2026-04-12,2026-09-29,First,Desktop
S000251,U0456,Delhi,Bangkok,2026-07-11,2027-01-05,Business,Mobile
S000252,U0108,Mumbai,London,2026-06-10,2026-08-12,Economy,Mobile
S000253,U0245,Bengaluru,London,2026-05-20,2026-07-31,Business,Tablet
S000254,U0255,Hyderabad,Dubai,2026-08-25,2026-09-30,Business,Desktop
S000255,U0033,Delhi,Paris,2026-03-17,2026-04-02,Economy,Desktop
S000256,U0023,Mumbai,Singapore,2026-01-19,2026-03-27,Economy,Desktop
S000257,U0333,Mumbai,New York,2026-05-17,2026-06-28,Economy,Desktop
S000258,U0054,Delhi,Paris,2026-03-15,2026-05-14,Business,Mobile
S000259,U0309,Mumbai,New York,2026-05-25,2026-09-05,Economy,Mobile
S000260,U0049,Delhi,London,2026-02-19,2026-03-01,Business,Mobile
S000261,U0462,Delhi,Dubai,2026-08-20,2026-10-19,Economy,Mobile
S000262,U0078,Mumbai,Paris,2026-02-08,2026-06-05,Economy,Desktop
S000263,U0336,Mumbai,Dubai,2026-06-18,2026-09-23,Business,Mobile
S000264,U0433,Delhi,Paris,2026-05-18,2026-08-21,Business,Mobile
S000265,U0358,Mumbai,London,2026-01-12,2026-03-23,Economy,Mobile
S000266,U0122,Mumbai,Singapore,2026-03-20,2026-07-23,Economy,Mobile
S000267,U0444,Delhi,London,2026-08-11,2026-11-17,Business,Desktop
S000268,U0359,Delhi,Dubai,2026-01-15,2026-06-20,Economy,Desktop
S000269,U0090,Bengaluru,Dubai,2026-01-28,2026-07-06,Economy,Desktop
S000270,U0346,Delhi,Tokyo,2026-05-12,2026-08-07,Business,Mobile
S000271,U0193,Bengaluru,London,2026-02-05,2026-04-11,Business,Desktop
S000272,U0416,Delhi,Singapore,2026-04-29,2026-06-18,Economy,Desktop
S000273,U0377,Bengaluru,London,2026-03-06,2026-05-27,Business,Desktop
S000274,U0463,Mumbai,New York,2026-08-24,2027-01-21,Business,Tablet
S000275,U0244,Delhi,New York,2026-04-08,2026-07-24,Economy,Tablet
S000276,U0149,Delhi,London,2026-02-16,2026-06-27,Business,Tablet
S000277,U0146,Mumbai,New York,2026-03-22,2026-04-13,Economy,Desktop
S000278,U0478,Delhi,Paris,2026-02-08,2026-04-10,Economy,Tablet
S000279,U0316,Hyderabad,Dubai,2026-02-07,2026-05-19,Economy,Mobile
S000280,U0378,Delhi,London,2026-02-13,2026-05-09,Economy,Desktop
S000281,U0141,Delhi,Paris,2026-06-28,2026-09-19,Business,Desktop
S000282,U0408,Delhi,New York,2026-04-07,2026-05-23,Economy,Desktop
S000283,U0286,Delhi,Singapore,2026-05-04,2026-05-31,Business,Desktop
S000284,U0386,Delhi,Dubai,2026-08-01,2026-10-12,Economy,Mobile
S000285,U0339,Delhi,Singapore,2026-01-26,2026-06-17,Economy,Mobile
S000286,U0111,Mumbai,London,2026-08-26,2026-09-11,Economy,Mobile
S000287,U0108,Mumbai,Dubai,2026-06-13,2026-10-29,Business,Desktop
S000288,U0367,Delhi,Paris,2026-07-16,2026-09-03,Business,Mobile
S000289,U0281,Bengaluru,London,2026-04-07,2026-07-27,Business,Mobile
S000290,U0050,Delhi,New York,2026-01-01,2026-03-11,Economy,Desktop
S000291,U0014,Bengaluru,Dubai,2026-02-22,2026-08-18,Business,Desktop
S000292,U0134,Mumbai,London,2026-01-06,2026-04-04,Economy,Tablet
S000293,U0076,Mumbai,Dubai,2026-02-06,2026-04-04,Business,Desktop
S000294,U0084,Bengaluru,London,2026-01-02,2026-03-05,First,Desktop
S000295,U0343,Delhi,Dubai,2026-05-03,2026-10-27,Economy,Desktop
S000296,U0158,Mumbai,London,2026-03-10,2026-08-15,Economy,Desktop
S000297,U0286,Mumbai,Dubai,2026-08-06,2026-09-15,Business,Mobile
S000298,U0422,Delhi,London,2026-06-18,2026-08-22,Business,Mobile
S000299,U0314,Delhi,Bangkok,2026-06-28,2026-11-11,Economy,Desktop
S000300,U0094,Mumbai,Dubai,2026-06-24,2026-11-07,First,Desktop
S000301,U0297,Mumbai,Singapore,2026-01-13,2026-06-06,Business,Desktop
S000302,U0094,Delhi,London,2026-07-23,2026-12-27,Economy,Mobile
S000303,U0057,Bengaluru,London,2026-03-10,2026-08-06,Economy,Mobile
S000304,U0164,Mumbai,London,2026-03-07,2026-07-09,Business,Desktop
S000305,U0320,Delhi,Paris,2026-02-28,2026-07-12,Economy,Mobile
S000306,U0497,Delhi,Singapore,2026-03-09,2026-04-01,Economy,Mobile
S000307,U0098,Delhi,Dubai,2026-02-28,2026-05-27,Business,Mobile
S000308,U0016,Mumbai,Singapore,2026-08-07,2026-08-27,Business,Mobile
S000309,U0344,Delhi,Dubai,2026-04-27,2026-07-23,Business,Desktop
S000310,U0078,Delhi,Singapore,2026-01-10,2026-05-19,Economy,Tablet
S000311,U0346,Mumbai,London,2026-05-21,2026-06-12,Business,Desktop
S000312,U0072,Bengaluru,Dubai,2026-08-24,2026-10-01,First,Desktop
S000313,U0270,Delhi,London,2026-05-10,2026-06-08,Economy,Desktop
S000314,U0287,Bengaluru,London,2026-08-06,2026-11-22,Business,Desktop
S000315,U0066,Delhi,Dubai,2026-01-15,2026-07-02,First,Mobile
S000316,U0368,Mumbai,London,2026-02-15,2026-05-30,Business,Mobile
S000317,U0068,Delhi,Singapore,2026-07-04,2026-12-01,Business,Desktop
S000318,U0193,Delhi,Tokyo,2026-05-18,2026-11-02,Economy,Mobile
S000319,U0055,Mumbai,Dubai,2026-05-30,2026-09-17,Business,Desktop
S000320,U0468,Delhi,London,2026-08-20,2026-12-30,Business,Mobile
S000321,U0379,Mumbai,London,2026-03-30,2026-09-13,Business,Desktop
S000322,U0462,Delhi,Dubai,2026-07-26,2026-10-08,First,Tablet
S000323,U0168,Delhi,Dubai,2026-03-18,2026-09-11,Economy,Mobile
S000324,U0409,Delhi,New York,2026-05-16,2026-07-25,Economy,Mobile
S000325,U0025,Delhi,London,2026-05-29,2026-08-14,Economy,Desktop
S000326,U0131,Delhi,London,2026-08-01,2026-08-25,Business,Mobile
S000327,U0325,Delhi,Paris,2026-05-30,2026-09-26,Economy,Mobile
S000328,U0102,Mumbai,London,2026-04-20,2026-08-29,Business,Desktop
S000329,U0374,Delhi,Dubai,2026-04-07,2026-08-18,Economy,Tablet
S000330,U0282,Mumbai,Dubai,2026-02-14,2026-04-22,Economy,Desktop
S000331,U0296,Mumbai,New York,2026-04-01,2026-06-21,Economy,Mobile
S000332,U0294,Mumbai,Dubai,2026-06-17,2026-10-08,Business,Mobile
S000333,U0422,Mumbai,Singapore,2026-04-24,2026-09-25,Business,Mobile
S000334,U0452,Delhi,Dubai,2026-05-30,2026-10-22,First,Mobile
S000335,U0263,Delhi,New York,2026-06-07,2026-12-04,Business,Mobile
S000336,U0478,Mumbai,London,2026-07-09,2026-10-04,Economy,Mobile
S000337,U0414,Mumbai,New York,2026-03-14,2026-07-04,Economy,Desktop
S000338,U0120,Mumbai,Paris,2026-06-22,2026-07-26,First,Desktop
S000339,U0403,Mumbai,New York,2026-02-04,2026-07-23,Business,Desktop
S000340,U0231,Mumbai,Dubai,2026-07-29,2026-08-12,Economy,Tablet
S000341,U0291,Mumbai,Dubai,2026-02-11,2026-05-19,Business,Mobile
S000342,U0488,Mumbai,London,2026-05-13,2026-10-16,Economy,Mobile
S000343,U0161,Delhi,Dubai,2026-01-27,2026-06-03,Economy,Desktop
S000344,U0161,Delhi,Dubai,2026-07-17,2026-12-22,Economy,Tablet
S000345,U0078,Mumbai,Paris,2026-07-09,2026-09-19,Business,Desktop
S000346,U0038,Mumbai,London,2026-02-01,2026-05-13,Economy,Mobile
S000347,U0394,Delhi,Singapore,2026-05-16,2026-07-25,Economy,Desktop
S000348,U0441,Delhi,New York,2026-04-13,2026-06-23,Economy,Mobile
S000349,U0028,Delhi,New York,2026-03-26,2026-08-04,Economy,Mobile
S000350,U0462,Delhi,London,2026-05-26,2026-06-15,Economy,Mobile
S000351,U0100,Delhi,Bangkok,2026-03-19,2026-04-19,Economy,Desktop
S000352,U0294,Delhi,Dubai,2026-05-23,2026-09-06,Economy,Mobile
S000353,U0400,Delhi,Paris,2026-08-22,2026-12-11,First,Desktop
S000354,U0124,Mumbai,Paris,2026-06-03,2026-10-18,Economy,Mobile
S000355,U0405,Delhi,Paris,2026-06-30,2026-11-16,Economy,Mobile
S000356,U0092,Delhi,New York,2026-02-13,2026-04-25,Economy,Tablet
S000357,U0255,Delhi,London,2026-02-01,2026-02-26,Business,Mobile
S000358,U0097,Mumbai,London,2026-08-19,2026-12-09,Business,Desktop
S000359,U0006,Mumbai,New York,2026-01-28,2026-03-29,Economy,Mobile
S000360,U0169,Mumbai,London,2026-06-16,2026-11-07,Business,Desktop
S000361,U0383,Delhi,Bangkok,2026-08-23,2027-01-20,Business,Mobile
S000362,U0271,Mumbai,Dubai,2026-06-09,2026-09-27,Business,Mobile
S000363,U0108,Mumbai,Dubai,2026-03-18,2026-09-14,Economy,Desktop
S000364,U0387,Mumbai,Dubai,2026-07-26,2027-01-05,Economy,Mobile
S000365,U0299,Mumbai,London,2026-01-18,2026-02-08,Business,Mobile
S000366,U0047,Delhi,New York,2026-04-13,2026-06-06,Business,Desktop
S000367,U0099,Bengaluru,London,2026-03-11,2026-08-03,Business,Mobile
S000368,U0014,Bengaluru,London,2026-04-29,2026-06-08,Economy,Mobile
S000369,U0194,Mumbai,Paris,2026-05-19,2026-11-05,Economy,Desktop
S000370,U0157,Delhi,Tokyo,2026-06-09,2026-11-20,Business,Desktop
S000371,U0388,Mumbai,Paris,2026-08-20,2026-12-03,Business,Mobile
S000372,U0154,Delhi,London,2026-05-28,2026-06-22,Economy,Desktop
S000373,U0115,Delhi,Paris,2026-04-07,2026-06-22,Economy,Desktop
S000374,U0396,Delhi,Dubai,2026-06-17,2026-10-16,Economy,Mobile
S000375,U0258,Delhi,Dubai,2026-05-16,2026-10-30,Business,Mobile
S000376,U0145,Mumbai,New York,2026-02-04,2026-05-17,Business,Mobile
S000377,U0291,Mumbai,London,2026-03-10,2026-05-30,Business,Desktop
S000378,U0010,Delhi,London,2026-05-06,2026-10-09,Business,Mobile
S000379,U0368,Delhi,Dubai,2026-04-09,2026-05-21,Economy,Desktop
S000380,U0214,Delhi,London,2026-08-27,2027-01-31,Business,Desktop
S000381,U0233,Delhi,Tokyo,2026-03-19,2026-05-27,First,Mobile
S000382,U0171,Delhi,London,2026-05-29,2026-11-05,Business,Mobile
S000383,U0021,Delhi,Dubai,2026-04-21,2026-07-29,Business,Tablet
S000384,U0015,Delhi,Singapore,2026-06-01,2026-06-12,Economy,Mobile
S000385,U0419,Mumbai,London,2026-01-17,2026-07-08,Business,Mobile
S000386,U0368,Bengaluru,Dubai,2026-05-26,2026-06-26,Business,Desktop
S000387,U0126,Delhi,London,2026-08-14,2026-11-26,Business,Mobile
S000388,U0341,Mumbai,Singapore,2026-05-20,2026-06-07,Economy,Mobile
S000389,U0341,Bengaluru,London,2026-05-24,2026-10-27,First,Mobile
S000390,U0213,Bengaluru,Dubai,2026-01-04,2026-05-27,Economy,Mobile
S000391,U0188,Mumbai,New York,2026-08-05,2026-11-03,Economy,Mobile
S000392,U0172,Mumbai,Paris,2026-06-11,2026-07-16,Economy,Desktop
S000393,U0480,Delhi,London,2026-04-02,2026-09-27,Business,Tablet
S000394,U0247,Mumbai,London,2026-06-23,2026-10-16,Economy,Mobile
S000395,U0005,Mumbai,London,2026-03-16,2026-04-18,Economy,Mobile
S000396,U0231,Delhi,Tokyo,2026-07-24,2026-09-23,Business,Mobile
S000397,U0201,Delhi,Dubai,2026-06-08,2026-10-25,Business,Mobile
S000398,U0373,Delhi,Dubai,2026-06-02,2026-07-30,Business,Mobile
S000399,U0402,Mumbai,London,2026-04-13,2026-05-02,Economy,Mobile
S000400,U0149,Delhi,London,2026-07-21,2026-09-07,Business,Tablet
S000401,U0072,Delhi,Dubai,2026-01-24,2026-06-22,Economy,Mobile
S000402,U0492,Hyderabad,Dubai,2026-03-06,2026-05-30,Economy,Mobile
S000403,U0500,Delhi,Singapore,2026-04-27,2026-05-21,Economy,Mobile
S000404,U0226,Mumbai,New York,2026-06-02,2026-07-28,Business,Mobile
S000405,U0074,Delhi,Paris,2026-06-05,2026-06-13,Economy,Desktop
S000406,U0307,Mumbai,London,2026-06-13,2026-09-14,Economy,Mobile
S000407,U0169,Delhi,Dubai,2026-03-23,2026-07-14,Economy,Tablet
S000408,U0249,Delhi,Dubai,2026-01-06,2026-06-02,Economy,Mobile
S000409,U0280,Mumbai,London,2026-03-07,2026-04-29,First,Desktop
S000410,U0488,Mumbai,New York,2026-03-08,2026-06-11,First,Tablet
S000411,U0152,Delhi,Singapore,2026-08-26,2026-09-13,Economy,Mobile
S000412,U0224,Delhi,London,2026-03-13,2026-04-01,Economy,Mobile
S000413,U0225,Mumbai,Singapore,2026-04-05,2026-08-26,Economy,Desktop
S000414,U0038,Bengaluru,Dubai,2026-02-17,2026-04-23,Business,Mobile
S000415,U0044,Mumbai,Paris,2026-07-30,2027-01-25,Economy,Desktop
S000416,U0185,Delhi,Bangkok,2026-03-11,2026-04-29,Economy,Mobile
S000417,U0499,Mumbai,Paris,2026-03-19,2026-06-07,Business,Mobile
S000418,U0443,Mumbai,London,2026-03-08,2026-04-06,Economy,Mobile
S000419,U0241,Delhi,Paris,2026-06-25,2026-09-18,Economy,Desktop
S000420,U0418,Delhi,Dubai,2026-03-06,2026-09-01,Economy,Mobile
S000421,U0331,Bengaluru,London,2026-06-21,2026-07-20,Economy,Mobile
S000422,U0351,Mumbai,New York,2026-08-10,2026-11-25,Economy,Desktop
S000423,U0210,Delhi,London,2026-03-04,2026-08-19,First,Mobile
S000424,U0023,Mumbai,Paris,2026-02-15,2026-07-15,Economy,Mobile
S000425,U0124,Delhi,Tokyo,2026-05-27,2026-09-19,Economy,Mobile
S000426,U0086,Mumbai,Dubai,2026-07-11,2026-11-05,First,Desktop
S000427,U0043,Mumbai,Paris,2026-07-30,2027-01-12,Business,Desktop
S000428,U0466,Delhi,London,2026-03-14,2026-09-02,Economy,Mobile
S000429,U0040,Delhi,New York,2026-03-12,2026-04-04,Business,Mobile
S000430,U0303,Mumbai,Singapore,2026-04-20,2026-07-21,Economy,Desktop
S000431,U0169,Delhi,New York,2026-08-17,2026-10-01,Business,Desktop
S000432,U0175,Bengaluru,Dubai,2026-06-27,2026-08-13,First,Mobile
S000433,U0487,Delhi,Tokyo,2026-03-04,2026-04-27,Business,Mobile
S000434,U0020,Mumbai,Paris,2026-02-10,2026-07-22,Economy,Mobile
S000435,U0461,Mumbai,Dubai,2026-01-07,2026-03-31,Economy,Desktop
S000436,U0109,Bengaluru,Dubai,2026-05-17,2026-05-24,Business,Tablet
S000437,U0193,Delhi,London,2026-01-04,2026-05-07,Business,Mobile
S000438,U0244,Delhi,Bangkok,2026-03-30,2026-04-24,Business,Mobile
S000439,U0324,Mumbai,London,2026-06-26,2026-08-30,Economy,Mobile
S000440,U0280,Delhi,London,2026-07-23,2026-11-13,Business,Mobile
S000441,U0228,Bengaluru,London,2026-05-14,2026-11-05,Business,Mobile
S000442,U0036,Mumbai,Dubai,2026-03-23,2026-08-14,Economy,Desktop
S000443,U0045,Mumbai,Dubai,2026-08-20,2026-09-23,Economy,Mobile
S000444,U0386,Mumbai,Dubai,2026-01-21,2026-03-02,Economy,Desktop
S000445,U0028,Delhi,London,2026-05-23,2026-07-07,Business,Mobile
S000446,U0154,Delhi,Dubai,2026-05-08,2026-09-17,Business,Desktop
S000447,U0023,Delhi,London,2026-07-14,2026-10-11,Business,Mobile
S000448,U0207,Delhi,Singapore,2026-07-13,2026-11-02,Economy,Mobile
S000449,U0420,Delhi,London,2026-07-03,2026-10-27,Business,Tablet
S000450,U0091,Bengaluru,London,2026-04-15,2026-08-20,Business,Mobile
S000451,U0390,Mumbai,Dubai,2026-04-14,2026-08-05,Economy,Desktop
S000452,U0419,Bengaluru,Dubai,2026-03-09,2026-07-24,Economy,Desktop
S000453,U0359,Delhi,Tokyo,2026-06-09,2026-07-08,Economy,Mobile
S000454,U0038,Mumbai,Dubai,2026-07-13,2026-12-11,First,Desktop
S000455,U0419,Mumbai,Paris,2026-04-20,2026-07-06,Economy,Desktop
S000456,U0228,Mumbai,Paris,2026-06-06,2026-11-13,Economy,Tablet
S000457,U0202,Hyderabad,Dubai,2026-03-07,2026-06-28,Economy,Desktop
S000458,U0350,Delhi,New York,2026-06-11,2026-11-10,Business,Mobile
S000459,U0309,Delhi,London,2026-01-27,2026-03-20,Economy,Desktop
S000460,U0489,Mumbai,New York,2026-03-01,2026-05-16,Economy,Desktop
S000461,U0254,Mumbai,New York,2026-04-28,2026-06-04,Economy,Desktop
S000462,U0038,Mumbai,New York,2026-06-16,2026-09-23,Economy,Desktop
S000463,U0221,Mumbai,Dubai,2026-02-13,2026-07-06,Economy,Mobile
S000464,U0500,Delhi,Bangkok,2026-08-18,2026-12-20,Economy,Mobile
S000465,U0187,Bengaluru,Dubai,2026-07-29,2027-01-14,Business,Desktop
S000466,U0043,Mumbai,Dubai,2026-02-05,2026-05-03,Business,Tablet
S000467,U0359,Delhi,London,2026-01-19,2026-03-26,Business,Mobile
S000468,U0114,Delhi,Dubai,2026-04-01,2026-06-22,Economy,Tablet
S000469,U0260,Delhi,Bangkok,2026-02-14,2026-04-24,Business,Tablet
S000470,U0005,Bengaluru,London,2026-07-31,2026-11-14,Economy,Desktop
S000471,U0068,Mumbai,New York,2026-05-29,2026-07-22,Economy,Desktop
S000472,U0228,Delhi,Singapore,2026-05-31,2026-11-05,First,Desktop
S000473,U0123,Delhi,New York,2026-08-10,2026-10-29,Business,Desktop
S000474,U0173,Mumbai,Dubai,2026-08-05,2026-10-08,Business,Desktop
S000475,U0336,Mumbai,Singapore,2026-08-11,2026-09-16,Business,Mobile
S000476,U0153,Mumbai,Paris,2026-06-04,2026-11-14,First,Mobile
S000477,U0462,Hyderabad,Dubai,2026-04-08,2026-04-24,Business,Mobile
S000478,U0267,Bengaluru,Dubai,2026-07-19,2026-09-02,Business,Mobile
S000479,U0157,Bengaluru,Dubai,2026-01-19,2026-03-21,Business,Mobile
S000480,U0162,Delhi,Singapore,2026-02-10,2026-03-16,Economy,Desktop
S000481,U0214,Delhi,Singapore,2026-01-26,2026-06-27,Economy,Desktop
S000482,U0398,Bengaluru,London,2026-01-28,2026-07-22,Business,Mobile
S000483,U0376,Bengaluru,Dubai,2026-03-05,2026-07-07,Economy,Desktop
S000484,U0408,Delhi,Dubai,2026-03-09,2026-07-07,Economy,Mobile
S000485,U0443,Mumbai,Dubai,2026-08-11,2026-10-31,Economy,Mobile
S000486,U0423,Delhi,Dubai,2026-03-21,2026-05-31,Economy,Desktop
S000487,U0026,Mumbai,New York,2026-02-20,2026-05-18,First,Mobile
S000488,U0427,Mumbai,Dubai,2026-07-21,2026-11-04,Business,Desktop
S000489,U0292,Mumbai,London,2026-04-12,2026-07-27,Business,Mobile
S000490,U0423,Delhi,London,2026-06-25,2026-08-16,First,Mobile
S000491,U0189,Mumbai,London,2026-01-10,2026-03-17,Business,Desktop
S000492,U0400,Delhi,Bangkok,2026-08-25,2027-01-15,Economy,Mobile
S000493,U0122,Mumbai,Dubai,2026-07-20,2027-01-15,Business,Tablet
S000494,U0230,Bengaluru,London,2026-06-16,2026-11-25,Economy,Mobile
S000495,U0059,Mumbai,New York,2026-04-10,2026-07-22,Economy,Mobile
S000496,U0096,Delhi,Bangkok,2026-05-02,2026-05-11,Economy,Desktop
S000497,U0262,Delhi,Dubai,2026-08-16,2027-01-05,Business,Tablet
S000498,U0354,Hyderabad,Dubai,2026-05-27,2026-09-24,Economy,Mobile
S000499,U0312,Delhi,New York,2026-03-05,2026-07-05,Business,Mobile
S000500,U0136,Hyderabad,Dubai,2026-05-04,2026-07-07,Business,Desktop
S000501,U0350,Bengaluru,Dubai,2026-01-19,2026-04-05,Economy,Mobile
S000502,U0283,Mumbai,Dubai,2026-03-17,2026-06-24,Economy,Mobile
S000503,U0455,Delhi,London,2026-03-03,2026-07-27,Business,Desktop
S000504,U0411,Mumbai,Dubai,2026-05-21,2026-10-11,Economy,Desktop
S000505,U0473,Mumbai,Singapore,2026-01-25,2026-05-16,Business,Mobile
S000506,U0120,Delhi,Dubai,2026-08-16,2026-10-10,Business,Mobile
S000507,U0430,Delhi,Dubai,2026-03-30,2026-06-27,Business,Desktop
S000508,U0425,Delhi,Singapore,2026-04-02,2026-04-25,Economy,Desktop
S000509,U0463,Delhi,London,2026-02-11,2026-04-12,Business,Desktop
S000510,U0025,Delhi,Dubai,2026-04-27,2026-08-23,Business,Mobile
S000511,U0342,Delhi,Singapore,2026-02-08,2026-08-05,First,Mobile
S000512,U0146,Delhi,London,2026-06-07,2026-11-20,Business,Mobile
S000513,U0012,Delhi,Singapore,2026-05-13,2026-10-29,Business,Mobile
S000514,U0087,Mumbai,Singapore,2026-03-22,2026-05-16,Economy,Mobile
S000515,U0435,Delhi,Singapore,2026-05-26,2026-10-23,Business,Mobile
S000516,U0109,Delhi,Bangkok,2026-04-17,2026-07-17,First,Desktop
S000517,U0423,Mumbai,Singapore,2026-04-21,2026-05-09,Economy,Desktop
S000518,U0345,Delhi,Singapore,2026-01-21,2026-06-02,Economy,Mobile
S000519,U0266,Delhi,Singapore,2026-08-02,2026-11-14,Economy,Desktop
S000520,U0222,Mumbai,Paris,2026-08-19,2027-01-08,Business,Desktop
S000521,U0074,Delhi,Tokyo,2026-02-19,2026-07-24,Economy,Mobile
S000522,U0482,Delhi,Bangkok,2026-05-01,2026-06-24,Economy,Mobile
S000523,U0494,Bengaluru,London,2026-05-14,2026-10-03,Business,Desktop
S000524,U0333,Delhi,Dubai,2026-02-19,2026-03-25,Business,Mobile
S000525,U0310,Mumbai,Dubai,2026-07-27,2026-10-21,Economy,Mobile
S000526,U0413,Delhi,London,2026-07-13,2026-07-29,Economy,Mobile
S000527,U0102,Bengaluru,Dubai,2026-04-25,2026-06-22,Economy,Mobile
S000528,U0425,Bengaluru,London,2026-01-01,2026-05-30,Economy,Tablet
S000529,U0493,Delhi,Paris,2026-07-04,2026-11-19,Economy,Desktop
S000530,U0137,Mumbai,London,2026-01-30,2026-05-06,Business,Mobile
S000531,U0191,Delhi,Bangkok,2026-07-05,2026-09-11,Business,Tablet
S000532,U0461,Mumbai,Dubai,2026-04-17,2026-08-08,Business,Desktop
S000533,U0421,Delhi,London,2026-06-29,2026-11-14,Economy,Desktop
S000534,U0142,Mumbai,London,2026-06-14,2026-07-31,Business,Mobile
S000535,U0357,Delhi,New York,2026-02-17,2026-06-02,Business,Desktop
S000536,U0073,Mumbai,Singapore,2026-03-28,2026-05-28,Economy,Mobile
S000537,U0328,Delhi,Bangkok,2026-05-09,2026-06-12,Economy,Mobile
S000538,U0167,Delhi,Dubai,2026-01-19,2026-05-06,Business,Mobile
S000539,U0168,Delhi,New York,2026-02-15,2026-04-09,Business,Mobile
S000540,U0054,Mumbai,Singapore,2026-07-14,2026-12-04,Economy,Mobile
S000541,U0259,Mumbai,Dubai,2026-05-10,2026-09-23,Business,Mobile
S000542,U0439,Delhi,Bangkok,2026-02-25,2026-06-28,Business,Desktop
S000543,U0111,Delhi,Paris,2026-08-17,2026-12-09,First,Mobile
S000544,U0232,Delhi,Paris,2026-05-25,2026-08-08,Economy,Desktop
S000545,U0161,Delhi,Tokyo,2026-04-02,2026-05-06,Business,Desktop
S000546,U0352,Delhi,Paris,2026-03-23,2026-06-16,Economy,Mobile
S000547,U0327,Mumbai,Dubai,2026-08-13,2026-09-02,Business,Mobile
S000548,U0019,Bengaluru,London,2026-03-20,2026-05-11,Business,Desktop
S000549,U0290,Mumbai,Dubai,2026-05-30,2026-10-24,Economy,Mobile
S000550,U0462,Mumbai,Dubai,2026-04-15,2026-05-07,Business,Desktop
S000551,U0050,Delhi,London,2026-01-27,2026-07-20,Economy,Desktop
S000552,U0175,Delhi,Paris,2026-02-24,2026-08-07,Business,Mobile
S000553,U0302,Delhi,Paris,2026-08-17,2026-11-12,Economy,Mobile
S000554,U0184,Mumbai,Dubai,2026-06-09,2026-08-12,Business,Mobile
S000555,U0185,Delhi,Paris,2026-03-01,2026-04-24,Economy,Desktop
S000556,U0339,Bengaluru,Dubai,2026-04-19,2026-06-13,Business,Desktop
S000557,U0307,Delhi,Dubai,2026-07-30,2026-11-02,Business,Tablet
S000558,U0310,Mumbai,Dubai,2026-06-05,2026-10-19,Business,Mobile
S000559,U0346,Delhi,Paris,2026-06-05,2026-06-25,Economy,Mobile
S000560,U0081,Mumbai,Dubai,2026-04-30,2026-08-17,Business,Mobile
S000561,U0374,Mumbai,New York,2026-07-21,2026-11-25,Economy,Tablet
S000562,U0156,Delhi,London,2026-07-31,2026-12-29,Business,Mobile
S000563,U0275,Delhi,Singapore,2026-06-02,2026-10-09,Business,Mobile
S000564,U0283,Delhi,Paris,2026-03-26,2026-09-07,Business,Desktop
S000565,U0432,Bengaluru,London,2026-07-25,2026-12-16,Business,Mobile
S000566,U0500,Mumbai,Paris,2026-03-27,2026-06-11,Economy,Desktop
S000567,U0249,Delhi,Tokyo,2026-04-27,2026-08-14,Business,Mobile
S000568,U0147,Mumbai,Paris,2026-06-03,2026-09-19,Economy,Mobile
S000569,U0481,Bengaluru,London,2026-04-18,2026-10-06,First,Desktop
S000570,U0435,Delhi,London,2026-03-16,2026-05-25,Business,Desktop
S000571,U0007,Mumbai,Singapore,2026-04-29,2026-10-10,Business,Mobile
S000572,U0157,Delhi,London,2026-07-18,2027-01-02,First,Mobile
S000573,U0171,Mumbai,Paris,2026-05-25,2026-06-18,Economy,Mobile
S000574,U0069,Mumbai,London,2026-07-29,2026-10-06,Business,Desktop
S000575,U0094,Delhi,New York,2026-01-07,2026-03-03,Economy,Mobile
S000576,U0369,Mumbai,Dubai,2026-07-03,2026-09-03,Business,Desktop
S000577,U0363,Mumbai,Paris,2026-07-11,2026-10-16,Business,Mobile
S000578,U0376,Delhi,Tokyo,2026-05-28,2026-07-31,Economy,Desktop
S000579,U0186,Delhi,Singapore,2026-06-15,2026-11-23,Economy,Mobile
S000580,U0392,Delhi,Bangkok,2026-03-16,2026-05-16,Economy,Desktop
S000581,U0170,Mumbai,Dubai,2026-08-24,2026-11-23,First,Mobile
S000582,U0204,Mumbai,Singapore,2026-02-27,2026-03-24,Economy,Mobile
S000583,U0042,Delhi,Bangkok,2026-01-16,2026-06-22,Business,Tablet
S000584,U0013,Mumbai,London,2026-06-28,2026-10-15,Business,Mobile
S000585,U0154,Bengaluru,Dubai,2026-01-27,2026-05-25,Economy,Mobile
S000586,U0274,Delhi,Dubai,2026-02-20,2026-06-14,Economy,Mobile
S000587,U0298,Delhi,London,2026-03-16,2026-05-08,Business,Mobile
S000588,U0051,Delhi,Tokyo,2026-05-24,2026-09-14,Economy,Desktop
S000589,U0500,Delhi,London,2026-03-28,2026-06-26,Business,Mobile
S000590,U0369,Hyderabad,Dubai,2026-07-07,2026-12-16,Economy,Desktop
S000591,U0212,Bengaluru,Dubai,2026-05-03,2026-09-14,Economy,Desktop
S000592,U0144,Delhi,Dubai,2026-03-17,2026-05-20,Business,Desktop
S000593,U0357,Mumbai,Singapore,2026-02-09,2026-07-08,Economy,Mobile
S000594,U0003,Delhi,Dubai,2026-03-08,2026-08-05,First,Mobile
S000595,U0254,Delhi,Singapore,2026-05-10,2026-08-21,Business,Desktop
S000596,U0475,Delhi,London,2026-04-12,2026-06-04,Economy,Mobile
S000597,U0335,Mumbai,Dubai,2026-06-25,2026-11-18,Economy,Desktop
S000598,U0256,Mumbai,London,2026-06-29,2026-10-16,Economy,Mobile
S000599,U0098,Delhi,Singapore,2026-06-01,2026-11-25,Economy,Mobile
S000600,U0173,Hyderabad,Dubai,2026-04-03,2026-07-02,Business,Desktop
S000601,U0150,Mumbai,Paris,2026-08-27,2027-02-06,Business,Desktop
S000602,U0488,Delhi,Paris,2026-04-20,2026-06-14,Economy,Desktop
S000603,U0279,Mumbai,Singapore,2026-08-14,2026-12-29,Economy,Desktop
S000604,U0059,Delhi,Bangkok,2026-07-31,2026-11-26,Economy,Desktop
S000605,U0446,Mumbai,London,2026-03-23,2026-05-28,Economy,Mobile
S000606,U0113,Bengaluru,London,2026-03-19,2026-05-30,Business,Tablet
S000607,U0324,Hyderabad,Dubai,2026-07-29,2026-10-30,Economy,Desktop
S000608,U0243,Mumbai,London,2026-01-02,2026-05-14,Economy,Desktop
S000609,U0310,Bengaluru,London,2026-03-06,2026-04-07,Economy,Mobile
S000610,U0057,Delhi,Bangkok,2026-01-20,2026-04-07,Business,Desktop
S000611,U0489,Bengaluru,Dubai,2026-02-03,2026-04-24,Economy,Mobile
S000612,U0407,Delhi,Paris,2026-02-10,2026-04-04,Business,Mobile
S000613,U0367,Mumbai,Dubai,2026-06-18,2026-09-08,Economy,Mobile
S000614,U0060,Mumbai,London,2026-08-28,2026-12-08,Business,Mobile
S000615,U0329,Delhi,London,2026-07-22,2027-01-14,Business,Mobile
S000616,U0216,Delhi,Paris,2026-08-07,2026-09-13,Economy,Desktop
S000617,U0469,Delhi,London,2026-01-23,2026-02-20,Business,Desktop
S000618,U0233,Delhi,Bangkok,2026-02-07,2026-03-02,Business,Mobile
S000619,U0494,Delhi,Dubai,2026-06-21,2026-11-22,Economy,Desktop
S000620,U0055,Delhi,Dubai,2026-03-08,2026-07-28,Economy,Mobile
S000621,U0373,Mumbai,Singapore,2026-03-03,2026-06-15,Business,Mobile
S000622,U0208,Delhi,Paris,2026-05-20,2026-07-14,Business,Mobile
S000623,U0063,Delhi,Dubai,2026-01-30,2026-05-03,Business,Desktop
S000624,U0184,Delhi,Singapore,2026-08-11,2026-09-24,Business,Mobile
S000625,U0311,Mumbai,Singapore,2026-03-28,2026-05-26,Business,Mobile
S000626,U0281,Mumbai,Dubai,2026-07-12,2026-08-15,Business,Mobile
S000627,U0026,Delhi,Dubai,2026-06-18,2026-09-09,Business,Desktop
S000628,U0177,Delhi,Bangkok,2026-05-28,2026-11-07,Economy,Desktop
S000629,U0063,Mumbai,Singapore,2026-04-28,2026-09-20,Business,Mobile
S000630,U0429,Delhi,London,2026-01-06,2026-07-04,Economy,Mobile
S000631,U0073,Mumbai,Paris,2026-03-16,2026-04-09,Economy,Desktop
S000632,U0335,Hyderabad,Dubai,2026-08-15,2026-10-10,Business,Desktop
S000633,U0167,Mumbai,New York,2026-05-12,2026-08-15,Economy,Mobile
S000634,U0225,Mumbai,Singapore,2026-04-03,2026-09-06,Economy,Desktop
S000635,U0065,Delhi,Tokyo,2026-01-10,2026-03-02,Economy,Tablet
S000636,U0069,Bengaluru,Dubai,2026-02-20,2026-07-03,Business,Mobile
S000637,U0440,Delhi,Paris,2026-04-03,2026-07-11,First,Desktop
S000638,U0009,Delhi,Singapore,2026-02-07,2026-03-06,Business,Mobile
S000639,U0236,Delhi,New York,2026-05-09,2026-07-30,Economy,Desktop
S000640,U0198,Bengaluru,London,2026-08-20,2027-02-06,Economy,Mobile
S000641,U0412,Delhi,Dubai,2026-05-16,2026-10-21,Economy,Mobile
S000642,U0173,Delhi,Singapore,2026-04-12,2026-09-25,Economy,Desktop
S000643,U0282,Delhi,Bangkok,2026-03-22,2026-06-27,Economy,Desktop
S000644,U0028,Bengaluru,London,2026-03-24,2026-07-04,Economy,Mobile
S000645,U0296,Delhi,Singapore,2026-07-10,2026-10-20,Economy,Mobile
S000646,U0399,Bengaluru,London,2026-06-10,2026-08-30,Economy,Mobile
S000647,U0134,Delhi,Dubai,2026-05-23,2026-09-16,Business,Desktop
S000648,U0027,Delhi,Singapore,2026-08-25,2026-11-21,Business,Desktop
S000649,U0038,Mumbai,Paris,2026-01-31,2026-06-14,First,Mobile
S000650,U0196,Mumbai,Dubai,2026-01-21,2026-05-10,Business,Desktop
S000651,U0203,Delhi,Dubai,2026-05-11,2026-09-27,Economy,Desktop
S000652,U0085,Bengaluru,Dubai,2026-05-06,2026-10-03,Business,Mobile
S000653,U0320,Delhi,Dubai,2026-07-13,2026-12-05,Economy,Desktop
S000654,U0030,Mumbai,Dubai,2026-02-04,2026-03-17,Business,Mobile
S000655,U0466,Hyderabad,Dubai,2026-06-18,2026-10-14,Business,Desktop
S000656,U0099,Delhi,Paris,2026-07-06,2026-12-29,Business,Mobile
S000657,U0387,Bengaluru,London,2026-05-24,2026-08-25,First,Mobile
S000658,U0190,Delhi,Bangkok,2026-07-03,2026-11-05,Business,Mobile
S000659,U0012,Delhi,Dubai,2026-02-14,2026-05-29,Business,Desktop
S000660,U0091,Bengaluru,London,2026-02-28,2026-05-26,Economy,Mobile
S000661,U0030,Mumbai,Singapore,2026-06-27,2026-11-18,First,Mobile
S000662,U0213,Delhi,Bangkok,2026-08-01,2026-10-28,Economy,Tablet
S000663,U0038,Mumbai,Singapore,2026-01-12,2026-06-03,Business,Desktop
S000664,U0341,Mumbai,New York,2026-08-08,2026-09-09,Economy,Tablet
S000665,U0060,Mumbai,Singapore,2026-05-20,2026-05-29,Economy,Mobile
S000666,U0294,Mumbai,Singapore,2026-02-02,2026-04-08,Business,Desktop
S000667,U0360,Delhi,Paris,2026-07-31,2026-11-30,Economy,Mobile
S000668,U0143,Mumbai,New York,2026-08-20,2027-01-04,Business,Mobile
S000669,U0402,Mumbai,New York,2026-06-26,2026-12-15,Economy,Mobile
S000670,U0180,Delhi,Singapore,2026-01-21,2026-06-06,Business,Mobile
S000671,U0285,Mumbai,Singapore,2026-03-01,2026-07-30,Business,Mobile
S000672,U0112,Delhi,Paris,2026-02-21,2026-04-04,Business,Mobile
S000673,U0230,Delhi,Bangkok,2026-07-01,2026-10-01,Economy,Desktop
S000674,U0444,Bengaluru,London,2026-06-16,2026-09-28,Economy,Mobile
S000675,U0021,Bengaluru,Dubai,2026-08-21,2026-12-29,Business,Mobile
S000676,U0145,Delhi,Bangkok,2026-06-26,2026-09-13,Economy,Mobile
S000677,U0489,Delhi,New York,2026-05-03,2026-08-27,Economy,Desktop
S000678,U0499,Bengaluru,London,2026-04-16,2026-08-22,Business,Mobile
S000679,U0146,Bengaluru,Dubai,2026-07-11,2026-11-24,Economy,Mobile
S000680,U0441,Mumbai,New York,2026-04-10,2026-09-25,Economy,Mobile
S000681,U0375,Delhi,Bangkok,2026-08-02,2026-09-04,Economy,Desktop
S000682,U0421,Bengaluru,London,2026-06-03,2026-11-21,Economy,Mobile
S000683,U0316,Delhi,New York,2026-03-12,2026-08-15,Business,Mobile
S000684,U0166,Mumbai,Dubai,2026-05-15,2026-07-28,Economy,Mobile
S000685,U0140,Delhi,Singapore,2026-07-19,2026-08-08,First,Desktop
S000686,U0203,Hyderabad,Dubai,2026-03-03,2026-06-15,Economy,Mobile
S000687,U0496,Bengaluru,London,2026-08-06,2026-09-04,Economy,Desktop
S000688,U0244,Delhi,New York,2026-03-29,2026-09-23,Business,Mobile
S000689,U0113,Bengaluru,Dubai,2026-01-24,2026-05-25,Economy,Tablet
S000690,U0468,Delhi,New York,2026-02-09,2026-06-07,Business,Desktop
S000691,U0201,Mumbai,Singapore,2026-08-28,2026-12-08,Business,Desktop
S000692,U0385,Delhi,Paris,2026-03-17,2026-06-09,Economy,Mobile
S000693,U0314,Delhi,Paris,2026-06-24,2026-08-30,Business,Mobile
S000694,U0259,Delhi,Dubai,2026-05-16,2026-08-15,Economy,Mobile
S000695,U0255,Mumbai,Singapore,2026-07-01,2026-09-16,Economy,Desktop
S000696,U0447,Mumbai,Singapore,2026-01-09,2026-04-10,Economy,Tablet
S000697,U0405,Mumbai,London,2026-01-03,2026-02-28,Business,Mobile
S000698,U0023,Mumbai,Singapore,2026-07-01,2026-11-24,Economy,Desktop
S000699,U0393,Delhi,Singapore,2026-01-21,2026-02-11,Business,Mobile
S000700,U0246,Delhi,Dubai,2026-04-05,2026-09-03,Business,Tablet
S000701,U0339,Delhi,Singapore,2026-06-25,2026-08-04,Economy,Mobile
S000702,U0493,Delhi,London,2026-06-24,2026-08-04,Economy,Mobile
S000703,U0311,Delhi,New York,2026-08-04,2026-09-18,Business,Mobile
S000704,U0366,Delhi,Bangkok,2026-07-15,2026-12-01,Business,Desktop
S000705,U0372,Delhi,Paris,2026-07-31,2026-09-05,Economy,Desktop
S000706,U0403,Mumbai,London,2026-07-10,2026-11-25,Business,Mobile
S000707,U0318,Delhi,London,2026-01-16,2026-06-14,Economy,Mobile
S000708,U0087,Delhi,Dubai,2026-07-21,2026-11-07,Business,Mobile
S000709,U0219,Delhi,New York,2026-04-17,2026-10-03,Business,Mobile
S000710,U0475,Delhi,Dubai,2026-08-06,2026-10-25,Business,Mobile
S000711,U0423,Delhi,New York,2026-04-03,2026-06-03,Business,Desktop
S000712,U0356,Mumbai,Dubai,2026-05-13,2026-07-18,Business,Desktop
S000713,U0460,Delhi,Bangkok,2026-05-19,2026-06-18,Business,Desktop
S000714,U0027,Delhi,Singapore,2026-06-06,2026-07-04,Business,Desktop
S000715,U0430,Mumbai,Dubai,2026-08-25,2027-02-19,Economy,Mobile
S000716,U0290,Mumbai,Paris,2026-03-20,2026-04-27,Business,Desktop
S000717,U0289,Mumbai,London,2026-03-11,2026-06-20,Economy,Mobile
S000718,U0348,Delhi,Dubai,2026-02-17,2026-05-17,Economy,Desktop
S000719,U0223,Delhi,New York,2026-01-15,2026-01-24,Economy,Mobile
S000720,U0352,Delhi,New York,2026-08-23,2026-11-07,Economy,Desktop
S000721,U0178,Delhi,Paris,2026-07-31,2027-01-13,Economy,Mobile
S000722,U0148,Mumbai,Dubai,2026-02-03,2026-06-19,Business,Mobile
S000723,U0424,Delhi,Singapore,2026-03-01,2026-06-03,Economy,Desktop
S000724,U0227,Mumbai,Dubai,2026-07-09,2026-11-01,Business,Mobile
S000725,U0351,Delhi,London,2026-01-02,2026-03-08,Economy,Mobile
S000726,U0186,Delhi,Tokyo,2026-08-24,2026-11-15,Economy,Desktop
S000727,U0415,Delhi,Paris,2026-03-21,2026-04-10,Economy,Desktop
S000728,U0294,Mumbai,Dubai,2026-01-19,2026-03-17,Economy,Mobile
S000729,U0470,Delhi,New York,2026-08-14,2027-01-06,Business,Mobile
S000730,U0429,Delhi,Dubai,2026-02-18,2026-05-13,Business,Mobile
S000731,U0041,Delhi,Tokyo,2026-03-19,2026-06-13,Economy,Desktop
S000732,U0393,Delhi,Dubai,2026-08-04,2026-08-20,Economy,Mobile
S000733,U0500,Delhi,London,2026-01-28,2026-04-24,Business,Desktop
S000734,U0393,Mumbai,Singapore,2026-02-17,2026-06-27,Economy,Mobile
S000735,U0191,Delhi,New York,2026-04-06,2026-05-16,Economy,Mobile
S000736,U0079,Delhi,New York,2026-06-14,2026-10-19,Business,Mobile
S000737,U0205,Delhi,London,2026-07-21,2026-10-15,Economy,Mobile
S000738,U0384,Mumbai,London,2026-06-26,2026-08-24,First,Desktop
S000739,U0278,Mumbai,Singapore,2026-04-19,2026-09-28,Business,Mobile
S000740,U0272,Mumbai,Dubai,2026-06-25,2026-07-19,Economy,Tablet
S000741,U0032,Delhi,Tokyo,2026-03-14,2026-08-21,Economy,Mobile
S000742,U0450,Delhi,London,2026-08-04,2026-11-20,Business,Mobile
S000743,U0474,Mumbai,Singapore,2026-04-10,2026-08-29,Economy,Mobile
S000744,U0142,Bengaluru,London,2026-01-29,2026-07-27,First,Desktop
S000745,U0251,Mumbai,Dubai,2026-07-07,2026-10-19,Business,Desktop
S000746,U0294,Mumbai,New York,2026-06-06,2026-07-27,Economy,Mobile
S000747,U0098,Delhi,Bangkok,2026-02-27,2026-04-09,Business,Tablet
S000748,U0136,Delhi,Dubai,2026-02-17,2026-06-17,Economy,Mobile
S000749,U0484,Bengaluru,Dubai,2026-01-23,2026-02-19,Economy,Desktop
S000750,U0277,Delhi,New York,2026-01-27,2026-07-08,Business,Desktop
S000751,U0312,Mumbai,Dubai,2026-08-11,2026-11-21,Business,Desktop
S000752,U0302,Delhi,Singapore,2026-08-23,2026-10-12,Business,Desktop
S000753,U0043,Mumbai,London,2026-01-07,2026-04-03,Economy,Desktop
S000754,U0120,Delhi,Paris,2026-02-18,2026-04-21,Business,Tablet
S000755,U0220,Mumbai,Paris,2026-07-01,2026-11-22,Economy,Mobile
S000756,U0046,Delhi,Bangkok,2026-04-19,2026-09-23,Business,Mobile
S000757,U0236,Hyderabad,Dubai,2026-03-09,2026-08-05,Business,Desktop
S000758,U0048,Mumbai,Paris,2026-07-25,2026-09-24,Business,Desktop
S000759,U0198,Mumbai,New York,2026-08-22,2026-10-10,Business,Mobile
S000760,U0084,Mumbai,London,2026-06-19,2026-08-14,Business,Mobile
S000761,U0031,Delhi,New York,2026-07-21,2026-08-02,First,Desktop
S000762,U0161,Delhi,London,2026-07-06,2026-12-20,First,Tablet
S000763,U0428,Delhi,Paris,2026-06-21,2026-08-28,Business,Mobile
S000764,U0071,Delhi,Singapore,2026-08-14,2026-10-14,First,Mobile
S000765,U0008,Delhi,London,2026-06-03,2026-11-23,Business,Mobile
S000766,U0457,Delhi,London,2026-05-31,2026-10-24,Business,Mobile
S000767,U0386,Mumbai,London,2026-03-14,2026-07-14,Economy,Desktop
S000768,U0401,Delhi,New York,2026-04-11,2026-05-18,Economy,Desktop
S000769,U0052,Delhi,Singapore,2026-01-08,2026-03-29,Business,Mobile
S000770,U0045,Mumbai,New York,2026-02-22,2026-04-03,Economy,Desktop
S000771,U0293,Mumbai,Singapore,2026-05-22,2026-11-13,Business,Desktop
S000772,U0426,Bengaluru,London,2026-07-18,2026-08-03,Economy,Mobile
S000773,U0300,Mumbai,Dubai,2026-05-15,2026-07-12,Economy,Desktop
S000774,U0465,Delhi,Dubai,2026-05-17,2026-08-09,Business,Desktop
S000775,U0373,Delhi,New York,2026-01-03,2026-01-12,Business,Desktop
S000776,U0038,Mumbai,Singapore,2026-03-19,2026-09-02,Economy,Mobile
S000777,U0355,Delhi,London,2026-05-25,2026-10-13,Business,Desktop
S000778,U0380,Mumbai,London,2026-06-21,2026-07-01,Business,Mobile
S000779,U0495,Delhi,Dubai,2026-03-27,2026-09-16,Economy,Mobile
S000780,U0231,Mumbai,Singapore,2026-02-15,2026-04-10,Economy,Mobile
S000781,U0478,Delhi,Singapore,2026-03-31,2026-06-19,Economy,Mobile
S000782,U0262,Mumbai,New York,2026-07-05,2026-09-28,Economy,Mobile
S000783,U0068,Mumbai,Paris,2026-06-05,2026-11-02,Economy,Mobile
S000784,U0179,Mumbai,Dubai,2026-08-25,2027-02-13,Economy,Desktop
S000785,U0357,Hyderabad,Dubai,2026-05-22,2026-06-01,Economy,Desktop
S000786,U0419,Mumbai,Singapore,2026-01-09,2026-01-19,Business,Mobile
S000787,U0186,Mumbai,New York,2026-04-25,2026-08-29,Business,Mobile
S000788,U0441,Bengaluru,London,2026-06-03,2026-10-06,Business,Desktop
S000789,U0201,Bengaluru,London,2026-05-10,2026-10-18,Economy,Mobile
S000790,U0390,Mumbai,Singapore,2026-03-16,2026-04-08,Business,Mobile
S000791,U0013,Delhi,Singapore,2026-03-22,2026-07-02,Business,Desktop
S000792,U0443,Delhi,London,2026-05-08,2026-07-23,Business,Mobile
S000793,U0214,Delhi,London,2026-02-03,2026-05-17,Business,Mobile
S000794,U0220,Mumbai,London,2026-05-27,2026-06-10,Business,Mobile
S000795,U0286,Mumbai,London,2026-02-08,2026-06-08,Business,Mobile
S000796,U0244,Mumbai,London,2026-07-29,2026-08-09,Business,Tablet
S000797,U0356,Delhi,Dubai,2026-01-13,2026-03-07,Economy,Mobile
S000798,U0258,Delhi,Paris,2026-05-13,2026-06-28,Economy,Mobile
S000799,U0058,Delhi,Bangkok,2026-02-19,2026-06-27,Economy,Desktop
S000800,U0036,Bengaluru,Dubai,2026-01-23,2026-06-13,Economy,Mobile
S000801,U0328,Mumbai,Singapore,2026-05-02,2026-09-25,Economy,Mobile
S000802,U0429,Bengaluru,London,2026-04-30,2026-08-08,Business,Desktop
S000803,U0490,Delhi,Bangkok,2026-03-29,2026-09-04,Economy,Desktop
S000804,U0498,Delhi,Singapore,2026-06-06,2026-07-10,First,Mobile
S000805,U0393,Mumbai,Dubai,2026-04-22,2026-10-16,Business,Mobile
S000806,U0382,Bengaluru,Dubai,2026-04-21,2026-07-13,Economy,Desktop
S000807,U0193,Mumbai,Singapore,2026-03-13,2026-05-07,Economy,Mobile
S000808,U0333,Mumbai,Singapore,2026-06-03,2026-09-03,Economy,Mobile
S000809,U0050,Delhi,Dubai,2026-07-26,2026-09-24,First,Mobile
S000810,U0463,Delhi,Dubai,2026-02-26,2026-03-22,Business,Mobile
S000811,U0032,Delhi,Bangkok,2026-01-01,2026-02-03,Economy,Mobile
S000812,U0098,Mumbai,New York,2026-06-05,2026-08-22,First,Mobile
S000813,U0043,Mumbai,London,2026-04-23,2026-09-10,Business,Desktop
S000814,U0381,Delhi,Dubai,2026-03-03,2026-07-09,Economy,Mobile
S000815,U0351,Delhi,New York,2026-02-16,2026-06-07,Business,Mobile
S000816,U0334,Delhi,New York,2026-08-26,2026-11-09,Business,Mobile
S000817,U0310,Delhi,Dubai,2026-03-19,2026-06-04,Economy,Desktop
S000818,U0047,Delhi,Bangkok,2026-04-16,2026-09-19,Business,Mobile
S000819,U0270,Delhi,London,2026-08-14,2026-12-15,Economy,Mobile
S000820,U0432,Mumbai,London,2026-07-06,2026-08-13,Economy,Mobile
S000821,U0311,Bengaluru,London,2026-06-08,2026-10-01,Economy,Mobile
S000822,U0413,Mumbai,Dubai,2026-07-17,2026-10-28,First,Tablet
S000823,U0431,Delhi,Bangkok,2026-05-06,2026-05-13,Business,Desktop
S000824,U0063,Delhi,Paris,2026-06-26,2026-12-23,Economy,Mobile
S000825,U0019,Mumbai,Paris,2026-01-05,2026-06-29,Economy,Desktop
S000826,U0347,Delhi,Dubai,2026-01-31,2026-05-25,Economy,Mobile
S000827,U0393,Delhi,Dubai,2026-02-06,2026-06-06,Business,Mobile
S000828,U0101,Mumbai,Dubai,2026-03-20,2026-05-06,Economy,Mobile
S000829,U0037,Mumbai,Singapore,2026-05-23,2026-06-06,Business,Desktop
S000830,U0107,Delhi,Paris,2026-02-21,2026-08-06,First,Mobile
S000831,U0092,Delhi,Bangkok,2026-08-23,2026-09-28,Business,Mobile
S000832,U0308,Bengaluru,London,2026-07-16,2026-09-06,Economy,Mobile
S000833,U0185,Bengaluru,Dubai,2026-08-08,2026-11-27,Economy,Mobile
S000834,U0216,Delhi,Paris,2026-08-13,2026-11-23,Economy,Desktop
S000835,U0028,Mumbai,Dubai,2026-05-19,2026-07-25,Business,Desktop
S000836,U0036,Mumbai,Dubai,2026-02-12,2026-07-09,Business,Desktop
S000837,U0372,Bengaluru,London,2026-07-17,2026-10-20,Business,Desktop
S000838,U0320,Delhi,Dubai,2026-05-31,2026-11-21,Economy,Desktop
S000839,U0018,Delhi,London,2026-02-09,2026-06-21,Business,Mobile
S000840,U0345,Mumbai,Singapore,2026-03-04,2026-05-10,Economy,Mobile
S000841,U0419,Delhi,Bangkok,2026-05-10,2026-09-13,Economy,Mobile
S000842,U0196,Delhi,Dubai,2026-07-26,2027-01-20,Business,Mobile
S000843,U0078,Mumbai,Paris,2026-03-28,2026-08-02,Economy,Mobile
S000844,U0167,Mumbai,Paris,2026-08-02,2027-01-27,Business,Mobile
S000845,U0090,Mumbai,Singapore,2026-03-14,2026-05-07,Business,Mobile
S000846,U0264,Delhi,London,2026-06-24,2026-08-28,Business,Mobile
S000847,U0472,Delhi,Dubai,2026-04-14,2026-05-01,Economy,Desktop
S000848,U0208,Bengaluru,London,2026-06-07,2026-07-08,Economy,Mobile
S000849,U0212,Delhi,Paris,2026-01-16,2026-03-09,Economy,Mobile
S000850,U0271,Delhi,Tokyo,2026-02-28,2026-04-29,Economy,Desktop
S000851,U0263,Delhi,New York,2026-08-26,2026-10-05,First,Mobile
S000852,U0273,Delhi,Dubai,2026-02-16,2026-05-17,Business,Mobile
S000853,U0342,Delhi,Dubai,2026-04-26,2026-09-14,Economy,Mobile
S000854,U0214,Delhi,Paris,2026-06-07,2026-08-14,First,Desktop
S000855,U0374,Delhi,Dubai,2026-04-19,2026-06-21,Business,Desktop
S000856,U0064,Mumbai,London,2026-01-09,2026-04-18,Economy,Desktop
S000857,U0012,Mumbai,Singapore,2026-03-06,2026-07-06,Economy,Mobile
S000858,U0210,Delhi,London,2026-02-28,2026-05-21,Economy,Mobile
S000859,U0312,Mumbai,Dubai,2026-04-12,2026-08-29,First,Mobile
S000860,U0174,Delhi,Singapore,2026-07-11,2026-10-01,Economy,Tablet
S000861,U0431,Mumbai,Dubai,2026-05-16,2026-11-01,Business,Desktop
S000862,U0256,Delhi,Dubai,2026-05-03,2026-06-15,Economy,Mobile
S000863,U0463,Delhi,Paris,2026-06-29,2026-11-26,Business,Desktop
S000864,U0101,Mumbai,Paris,2026-05-26,2026-07-01,Economy,Mobile
S000865,U0016,Mumbai,Dubai,2026-04-01,2026-05-19,First,Tablet
S000866,U0197,Mumbai,Paris,2026-07-29,2026-10-04,Business,Desktop
S000867,U0258,Mumbai,London,2026-04-06,2026-05-30,Economy,Mobile
S000868,U0384,Mumbai,Singapore,2026-02-27,2026-05-28,Business,Desktop
S000869,U0244,Delhi,Bangkok,2026-06-26,2026-10-03,Business,Mobile
S000870,U0348,Delhi,Paris,2026-02-01,2026-04-16,Business,Mobile
S000871,U0249,Mumbai,Paris,2026-02-17,2026-04-10,Economy,Desktop
S000872,U0105,Delhi,Dubai,2026-02-14,2026-06-13,Economy,Mobile
S000873,U0182,Delhi,London,2026-07-01,2026-08-04,Business,Mobile
S000874,U0155,Delhi,Tokyo,2026-04-10,2026-07-02,Business,Desktop
S000875,U0287,Mumbai,London,2026-04-10,2026-08-15,Economy,Desktop
S000876,U0169,Mumbai,Dubai,2026-08-01,2026-08-10,Business,Mobile
S000877,U0420,Delhi,Paris,2026-02-15,2026-03-30,Economy,Mobile
S000878,U0047,Delhi,Bangkok,2026-08-12,2027-01-12,Business,Desktop
S000879,U0043,Delhi,Bangkok,2026-06-08,2026-09-14,Economy,Mobile
S000880,U0321,Mumbai,London,2026-06-14,2026-09-11,Economy,Desktop
S000881,U0306,Delhi,Bangkok,2026-05-24,2026-06-16,Economy,Mobile
S000882,U0221,Delhi,London,2026-06-23,2026-10-28,Economy,Mobile
S000883,U0001,Delhi,London,2026-05-06,2026-08-07,Business,Mobile
S000884,U0200,Mumbai,New York,2026-02-15,2026-04-02,Business,Mobile
S000885,U0441,Delhi,London,2026-07-25,2026-10-12,Economy,Desktop
S000886,U0144,Mumbai,London,2026-05-01,2026-06-05,Economy,Mobile
S000887,U0378,Bengaluru,London,2026-03-29,2026-05-16,Business,Mobile
S000888,U0028,Mumbai,London,2026-08-05,2026-09-09,Economy,Desktop
S000889,U0342,Delhi,Dubai,2026-03-02,2026-05-13,Economy,Mobile
S000890,U0338,Mumbai,Dubai,2026-02-15,2026-06-25,Business,Mobile
S000891,U0278,Delhi,Singapore,2026-06-28,2026-11-26,Business,Mobile
S000892,U0041,Mumbai,Singapore,2026-07-09,2026-11-12,Business,Mobile
S000893,U0332,Mumbai,Paris,2026-06-12,2026-10-05,Economy,Mobile
S000894,U0147,Delhi,Paris,2026-03-22,2026-09-03,Business,Mobile
S000895,U0345,Delhi,Singapore,2026-08-26,2026-12-02,First,Mobile
S000896,U0178,Delhi,Bangkok,2026-06-19,2026-10-15,Economy,Desktop
S000897,U0315,Delhi,Dubai,2026-02-14,2026-04-13,First,Mobile
S000898,U0325,Mumbai,Dubai,2026-04-28,2026-10-18,Business,Desktop
S000899,U0418,Delhi,Bangkok,2026-07-15,2026-09-19,Economy,Desktop
S000900,U0167,Mumbai,London,2026-07-22,2026-10-30,Economy,Mobile
S000901,U0123,Hyderabad,Dubai,2026-02-16,2026-07-16,Business,Mobile
S000902,U0074,Delhi,Singapore,2026-07-26,2026-11-07,Economy,Mobile
S000903,U0239,Mumbai,Paris,2026-06-07,2026-06-27,Economy,Mobile
S000904,U0249,Delhi,Singapore,2026-06-01,2026-11-24,Economy,Desktop
S000905,U0263,Delhi,Singapore,2026-07-13,2026-09-08,Economy,Desktop
S000906,U0252,Mumbai,London,2026-06-20,2026-07-20,Economy,Desktop
S000907,U0357,Delhi,Paris,2026-06-11,2026-10-02,Business,Desktop
S000908,U0111,Delhi,New York,2026-01-23,2026-07-19,Economy,Mobile
S000909,U0180,Bengaluru,Dubai,2026-03-02,2026-05-20,First,Mobile
S000910,U0188,Mumbai,Dubai,2026-08-11,2027-01-11,Economy,Mobile
S000911,U0308,Delhi,Dubai,2026-06-14,2026-09-12,Economy,Desktop
S000912,U0207,Delhi,Singapore,2026-01-13,2026-03-21,Economy,Desktop
S000913,U0234,Mumbai,New York,2026-08-13,2026-12-03,Economy,Mobile
S000914,U0024,Delhi,Bangkok,2026-07-18,2026-10-26,Economy,Mobile
S000915,U0026,Mumbai,London,2026-08-12,2026-10-20,Business,Mobile
S000916,U0381,Bengaluru,London,2026-01-07,2026-06-16,Business,Desktop
S000917,U0218,Mumbai,London,2026-06-19,2026-09-28,Economy,Desktop
S000918,U0494,Mumbai,New York,2026-06-15,2026-07-26,Economy,Mobile
S000919,U0346,Delhi,Tokyo,2026-06-29,2026-09-10,Economy,Mobile
S000920,U0378,Mumbai,Dubai,2026-06-21,2026-08-22,Business,Mobile
S000921,U0010,Delhi,Singapore,2026-07-11,2026-08-26,Business,Mobile
S000922,U0017,Hyderabad,Dubai,2026-05-21,2026-10-31,Economy,Desktop
S000923,U0245,Delhi,Bangkok,2026-08-04,2026-12-22,Economy,Mobile
S000924,U0206,Delhi,New York,2026-01-28,2026-06-12,First,Desktop
S000925,U0258,Mumbai,Singapore,2026-04-06,2026-05-06,Economy,Mobile
S000926,U0112,Mumbai,Dubai,2026-04-17,2026-08-03,Business,Mobile
S000927,U0205,Mumbai,Singapore,2026-07-29,2027-01-13,Economy,Mobile
S000928,U0027,Delhi,Bangkok,2026-04-08,2026-08-07,Business,Desktop
S000929,U0457,Bengaluru,London,2026-04-22,2026-09-10,First,Desktop
S000930,U0071,Mumbai,Dubai,2026-08-14,2026-11-03,First,Mobile
S000931,U0176,Delhi,Dubai,2026-08-18,2026-09-04,Business,Mobile
S000932,U0202,Mumbai,Dubai,2026-01-01,2026-02-12,Economy,Mobile
S000933,U0248,Delhi,Dubai,2026-02-12,2026-07-16,Economy,Mobile
S000934,U0118,Delhi,London,2026-02-11,2026-04-21,Economy,Desktop
S000935,U0009,Delhi,Singapore,2026-04-05,2026-06-30,First,Mobile
S000936,U0086,Delhi,Dubai,2026-06-27,2026-09-29,Business,Mobile
S000937,U0023,Delhi,Dubai,2026-07-07,2026-08-12,Economy,Desktop
S000938,U0455,Delhi,New York,2026-05-09,2026-10-20,Economy,Mobile
S000939,U0240,Delhi,Dubai,2026-02-20,2026-06-09,Business,Mobile
S000940,U0073,Delhi,London,2026-05-24,2026-09-19,First,Mobile
S000941,U0027,Mumbai,London,2026-06-16,2026-09-14,Business,Desktop
S000942,U0472,Mumbai,Dubai,2026-01-15,2026-06-20,Economy,Desktop
S000943,U0349,Mumbai,Singapore,2026-05-05,2026-08-24,Economy,Mobile
S000944,U0081,Delhi,Dubai,2026-06-10,2026-07-07,Economy,Desktop
S000945,U0084,Delhi,Paris,2026-03-28,2026-05-10,Business,Mobile
S000946,U0199,Delhi,Tokyo,2026-02-22,2026-03-27,First,Desktop
S000947,U0043,Delhi,Paris,2026-08-21,2026-12-07,First,Desktop
S000948,U0488,Mumbai,Singapore,2026-08-14,2027-01-30,Business,Desktop
S000949,U0263,Delhi,Bangkok,2026-05-25,2026-07-08,Business,Desktop
S000950,U0092,Bengaluru,London,2026-03-30,2026-06-04,Business,Mobile
S000951,U0339,Delhi,London,2026-04-16,2026-07-01,Business,Desktop
S000952,U0447,Delhi,Singapore,2026-01-06,2026-02-13,Business,Desktop
S000953,U0084,Delhi,Bangkok,2026-01-31,2026-04-27,Economy,Mobile
S000954,U0300,Mumbai,London,2026-07-16,2026-12-24,Business,Desktop
S000955,U0423,Delhi,London,2026-08-20,2027-01-04,Economy,Desktop
S000956,U0296,Delhi,Paris,2026-02-09,2026-05-28,Economy,Mobile
S000957,U0135,Mumbai,Paris,2026-06-07,2026-09-23,Business,Mobile
S000958,U0454,Delhi,Dubai,2026-03-10,2026-04-15,Business,Desktop
S000959,U0281,Mumbai,Singapore,2026-07-23,2026-08-20,Business,Desktop
S000960,U0489,Delhi,Dubai,2026-05-15,2026-06-09,Economy,Desktop
S000961,U0059,Delhi,Paris,2026-08-25,2026-10-01,First,Desktop
S000962,U0397,Mumbai,Dubai,2026-01-13,2026-02-08,Business,Desktop
S000963,U0359,Mumbai,London,2026-01-04,2026-06-06,Economy,Desktop
S000964,U0488,Delhi,Bangkok,2026-06-27,2026-11-10,Business,Mobile
S000965,U0342,Mumbai,Singapore,2026-08-22,2026-10-07,Economy,Desktop
S000966,U0241,Bengaluru,London,2026-01-03,2026-06-25,Economy,Mobile
S000967,U0465,Delhi,Singapore,2026-05-20,2026-08-25,Business,Mobile
S000968,U0368,Mumbai,Dubai,2026-03-06,2026-05-23,Economy,Mobile
S000969,U0342,Mumbai,New York,2026-01-27,2026-05-22,Economy,Mobile
S000970,U0098,Delhi,Dubai,2026-04-17,2026-05-20,Economy,Mobile
S000971,U0062,Mumbai,London,2026-02-19,2026-05-15,Economy,Mobile
S000972,U0264,Delhi,Dubai,2026-07-24,2026-12-17,Economy,Mobile
S000973,U0113,Bengaluru,London,2026-01-17,2026-04-11,Economy,Mobile
S000974,U0429,Bengaluru,Dubai,2026-07-19,2026-08-11,Economy,Mobile
S000975,U0146,Hyderabad,Dubai,2026-02-01,2026-05-02,Economy,Desktop
S000976,U0216,Delhi,Singapore,2026-07-31,2026-12-22,Economy,Desktop
S000977,U0256,Mumbai,Dubai,2026-06-28,2026-11-28,Economy,Desktop
S000978,U0316,Delhi,Singapore,2026-01-17,2026-06-30,Business,Mobile
S000979,U0316,Delhi,Bangkok,2026-02-03,2026-07-17,Business,Desktop
S000980,U0362,Delhi,Dubai,2026-02-04,2026-07-13,Economy,Mobile
S000981,U0258,Bengaluru,Dubai,2026-08-15,2026-11-17,Business,Mobile
S000982,U0194,Mumbai,London,2026-08-18,2026-11-06,First,Desktop
S000983,U0347,Hyderabad,Dubai,2026-08-22,2027-01-02,First,Desktop
S000984,U0014,Delhi,Bangkok,2026-06-01,2026-09-17,Economy,Desktop
S000985,U0304,Mumbai,Paris,2026-07-01,2026-10-11,Business,Desktop
S000986,U0103,Mumbai,London,2026-05-26,2026-11-11,Economy,Mobile
S000987,U0245,Delhi,London,2026-02-19,2026-04-17,Economy,Desktop
S000988,U0245,Mumbai,London,2026-06-23,2026-10-08,Economy,Desktop
S000989,U0312,Mumbai,Dubai,2026-06-25,2026-09-10,Economy,Desktop
S000990,U0268,Delhi,London,2026-04-13,2026-06-29,Business,Desktop
S000991,U0224,Mumbai,Singapore,2026-02-02,2026-07-13,Business,Mobile
S000992,U0220,Delhi,Singapore,2026-08-03,2026-08-19,Business,Mobile
S000993,U0311,Mumbai,New York,2026-03-30,2026-07-11,Economy,Mobile
S000994,U0412,Mumbai,New York,2026-08-17,2027-02-10,Economy,Mobile
S000995,U0366,Delhi,Dubai,2026-06-04,2026-10-22,Economy,Mobile
S000996,U0217,Hyderabad,Dubai,2026-05-09,2026-05-21,Economy,Mobile
S000997,U0004,Delhi,Dubai,2026-03-26,2026-06-17,First,Desktop
S000998,U0474,Delhi,Singapore,2026-02-28,2026-05-22,Business,Desktop
S000999,U0036,Mumbai,Singapore,2026-01-10,2026-01-18,First,Desktop
S001000,U0178,Mumbai,Paris,2026-08-11,2026-10-07,Business,Mobile
S001001,U0387,Delhi,London,2026-08-24,2027-01-24,Economy,Mobile
S001002,U0257,Delhi,Singapore,2026-06-02,2026-10-07,Economy,Desktop
S001003,U0017,Mumbai,New York,2026-07-31,2026-12-12,Economy,Mobile
S001004,U0199,Mumbai,Dubai,2026-02-26,2026-03-06,Economy,Desktop
S001005,U0318,Mumbai,New York,2026-03-07,2026-05-03,Business,Desktop
S001006,U0048,Bengaluru,Dubai,2026-04-29,2026-10-06,Economy,Mobile
S001007,U0062,Hyderabad,Dubai,2026-04-22,2026-07-07,Economy,Desktop
S001008,U0069,Delhi,London,2026-01-15,2026-02-10,Business,Mobile
S001009,U0147,Mumbai,Dubai,2026-06-05,2026-07-04,Business,Desktop
S001010,U0359,Mumbai,London,2026-01-13,2026-03-14,Economy,Mobile
S001011,U0366,Delhi,Singapore,2026-04-24,2026-09-20,Business,Mobile
S001012,U0162,Mumbai,Dubai,2026-04-28,2026-09-15,Economy,Desktop
S001013,U0227,Delhi,Dubai,2026-05-22,2026-11-07,Business,Desktop
S001014,U0433,Bengaluru,Dubai,2026-04-24,2026-09-13,Economy,Desktop
S001015,U0464,Bengaluru,Dubai,2026-07-13,2026-09-14,Economy,Mobile
S001016,U0488,Delhi,London,2026-02-03,2026-06-04,Business,Desktop
S001017,U0498,Mumbai,London,2026-08-15,2027-01-17,Economy,Desktop
S001018,U0431,Delhi,Singapore,2026-04-11,2026-08-18,Business,Tablet
S001019,U0487,Mumbai,Dubai,2026-01-25,2026-03-08,Business,Desktop
S001020,U0347,Mumbai,New York,2026-04-22,2026-07-08,Economy,Desktop
S001021,U0489,Mumbai,New York,2026-02-23,2026-05-09,Business,Desktop
S001022,U0230,Delhi,Bangkok,2026-07-26,2026-09-28,Economy,Desktop
S001023,U0370,Delhi,Paris,2026-01-12,2026-03-22,Economy,Mobile
S001024,U0178,Delhi,New York,2026-05-06,2026-05-28,Business,Mobile
S001025,U0345,Bengaluru,London,2026-05-17,2026-10-04,Business,Desktop
S001026,U0410,Mumbai,Dubai,2026-01-31,2026-04-25,Economy,Desktop
S001027,U0056,Delhi,New York,2026-03-19,2026-07-25,First,Desktop
S001028,U0078,Mumbai,Singapore,2026-08-09,2026-08-17,Business,Mobile
S001029,U0270,Delhi,Dubai,2026-02-22,2026-06-22,First,Mobile
S001030,U0206,Mumbai,Dubai,2026-04-22,2026-08-20,Economy,Mobile
S001031,U0281,Mumbai,Dubai,2026-02-12,2026-06-22,Economy,Mobile
S001032,U0228,Bengaluru,Dubai,2026-06-15,2026-11-14,Economy,Mobile
S001033,U0388,Mumbai,Dubai,2026-02-11,2026-07-30,Economy,Desktop
S001034,U0239,Mumbai,Dubai,2026-05-04,2026-08-04,Business,Mobile
S001035,U0463,Mumbai,London,2026-07-19,2027-01-08,Business,Mobile
S001036,U0288,Bengaluru,London,2026-06-25,2026-11-07,Economy,Mobile
S001037,U0082,Delhi,Dubai,2026-03-08,2026-08-26,Economy,Tablet
S001038,U0334,Bengaluru,Dubai,2026-03-07,2026-04-03,Economy,Desktop
S001039,U0250,Delhi,Bangkok,2026-05-24,2026-05-31,Economy,Mobile
S001040,U0193,Delhi,New York,2026-03-24,2026-08-09,Business,Tablet
S001041,U0106,Bengaluru,London,2026-04-04,2026-06-07,Business,Mobile
S001042,U0189,Delhi,London,2026-04-15,2026-04-22,First,Mobile
S001043,U0276,Mumbai,London,2026-05-24,2026-10-18,Economy,Desktop
S001044,U0074,Mumbai,Paris,2026-01-31,2026-07-30,Business,Mobile
S001045,U0010,Delhi,London,2026-04-28,2026-05-11,Business,Desktop
S001046,U0123,Mumbai,Dubai,2026-07-05,2026-08-31,First,Tablet
S001047,U0216,Delhi,New York,2026-01-28,2026-02-06,Business,Desktop
S001048,U0290,Mumbai,Dubai,2026-01-04,2026-06-13,Economy,Mobile
S001049,U0445,Bengaluru,Dubai,2026-05-18,2026-06-24,Economy,Mobile
S001050,U0476,Delhi,Dubai,2026-06-28,2026-10-12,Business,Mobile
S001051,U0411,Mumbai,Paris,2026-08-25,2026-11-01,Business,Mobile
S001052,U0040,Mumbai,Singapore,2026-01-18,2026-06-27,Business,Mobile
S001053,U0193,Delhi,Paris,2026-02-16,2026-06-10,Economy,Mobile
S001054,U0127,Mumbai,London,2026-06-09,2026-08-09,First,Desktop
S001055,U0289,Mumbai,Singapore,2026-06-07,2026-11-16,Economy,Desktop
S001056,U0452,Delhi,Bangkok,2026-06-13,2026-08-02,First,Mobile
S001057,U0071,Delhi,Singapore,2026-01-09,2026-04-06,Business,Mobile
S001058,U0137,Mumbai,London,2026-06-13,2026-12-02,Business,Mobile
S001059,U0144,Mumbai,Singapore,2026-01-29,2026-03-06,Business,Mobile
S001060,U0389,Delhi,Paris,2026-05-24,2026-08-04,Economy,Mobile
S001061,U0354,Delhi,Singapore,2026-04-02,2026-08-22,Economy,Mobile
S001062,U0380,Bengaluru,Dubai,2026-05-29,2026-06-18,Economy,Desktop
S001063,U0407,Mumbai,Dubai,2026-03-05,2026-06-20,Economy,Desktop
S001064,U0299,Mumbai,Singapore,2026-04-21,2026-08-11,Business,Mobile
S001065,U0370,Delhi,Paris,2026-07-13,2026-10-30,Economy,Desktop
S001066,U0345,Bengaluru,London,2026-05-04,2026-07-11,Business,Mobile
S001067,U0441,Delhi,Bangkok,2026-07-06,2026-09-25,Economy,Desktop
S001068,U0435,Hyderabad,Dubai,2026-04-20,2026-07-14,Business,Mobile
S001069,U0269,Delhi,Singapore,2026-08-15,2026-12-06,Business,Mobile
S001070,U0384,Delhi,Dubai,2026-04-28,2026-08-08,Economy,Mobile
S001071,U0408,Delhi,London,2026-06-05,2026-07-21,Economy,Mobile
S001072,U0139,Delhi,Paris,2026-07-02,2026-11-26,Economy,Desktop
S001073,U0052,Delhi,Tokyo,2026-04-10,2026-08-01,Business,Tablet
S001074,U0499,Mumbai,Dubai,2026-01-31,2026-02-23,Business,Desktop
S001075,U0017,Delhi,Dubai,2026-06-10,2026-07-01,Economy,Mobile
S001076,U0165,Delhi,London,2026-08-03,2027-01-17,Business,Desktop
S001077,U0013,Delhi,Bangkok,2026-07-07,2026-07-29,Economy,Desktop
S001078,U0190,Mumbai,London,2026-06-18,2026-07-07,Business,Desktop
S001079,U0475,Delhi,Singapore,2026-03-22,2026-08-26,Economy,Desktop
S001080,U0340,Mumbai,Singapore,2026-02-15,2026-03-29,Business,Desktop
S001081,U0353,Delhi,Bangkok,2026-02-18,2026-04-08,First,Desktop
S001082,U0362,Bengaluru,London,2026-07-12,2026-11-09,Business,Desktop
S001083,U0352,Mumbai,New York,2026-02-11,2026-05-02,Economy,Mobile
S001084,U0264,Delhi,Dubai,2026-05-31,2026-08-26,Economy,Mobile
S001085,U0312,Mumbai,Singapore,2026-04-22,2026-07-31,Business,Desktop
S001086,U0221,Delhi,Paris,2026-01-27,2026-06-23,Economy,Desktop
S001087,U0104,Hyderabad,Dubai,2026-08-05,2026-09-10,Economy,Mobile
S001088,U0339,Delhi,Dubai,2026-06-09,2026-07-15,Business,Tablet
S001089,U0198,Delhi,London,2026-07-30,2026-08-15,Economy,Mobile
S001090,U0300,Delhi,London,2026-03-29,2026-07-12,Economy,Mobile
S001091,U0444,Mumbai,London,2026-05-01,2026-08-09,Business,Mobile
S001092,U0359,Delhi,Bangkok,2026-01-03,2026-02-17,Economy,Tablet
S001093,U0368,Delhi,London,2026-03-01,2026-04-13,Economy,Mobile
S001094,U0169,Delhi,Singapore,2026-07-23,2026-12-07,Business,Mobile
S001095,U0149,Mumbai,London,2026-08-15,2026-11-18,Business,Mobile
S001096,U0249,Delhi,London,2026-03-20,2026-09-04,Economy,Mobile
S001097,U0256,Delhi,Singapore,2026-05-25,2026-11-13,Business,Desktop
S001098,U0470,Mumbai,Dubai,2026-02-01,2026-02-21,Business,Mobile
S001099,U0042,Mumbai,London,2026-01-07,2026-02-21,Economy,Desktop
S001100,U0202,Bengaluru,London,2026-07-30,2026-12-13,Economy,Desktop
S001101,U0458,Mumbai,Singapore,2026-03-12,2026-04-30,Economy,Mobile
S001102,U0244,Delhi,Dubai,2026-05-08,2026-09-22,Business,Desktop
S001103,U0157,Hyderabad,Dubai,2026-07-16,2027-01-07,Business,Mobile
S001104,U0464,Mumbai,New York,2026-02-27,2026-03-13,Economy,Mobile
S001105,U0449,Delhi,Paris,2026-06-17,2026-09-27,Business,Desktop
S001106,U0401,Delhi,London,2026-08-01,2026-10-11,Business,Desktop
S001107,U0286,Delhi,London,2026-04-22,2026-07-16,Economy,Mobile
S001108,U0282,Delhi,London,2026-02-17,2026-07-05,Business,Mobile
S001109,U0437,Delhi,Dubai,2026-06-28,2026-09-10,Economy,Desktop
S001110,U0381,Delhi,Singapore,2026-07-04,2026-10-10,First,Desktop
S001111,U0238,Bengaluru,Dubai,2026-04-21,2026-05-07,Business,Mobile
S001112,U0019,Delhi,Singapore,2026-03-12,2026-06-01,Business,Mobile
S001113,U0053,Mumbai,Dubai,2026-06-14,2026-11-18,Business,Mobile
S001114,U0085,Delhi,New York,2026-08-03,2026-10-09,Business,Mobile
S001115,U0273,Delhi,Dubai,2026-03-16,2026-05-08,Business,Mobile
S001116,U0430,Mumbai,New York,2026-03-15,2026-03-24,Business,Mobile
S001117,U0360,Delhi,New York,2026-05-01,2026-08-18,Business,Mobile
S001118,U0213,Mumbai,Paris,2026-08-01,2026-08-24,Business,Desktop
S001119,U0437,Hyderabad,Dubai,2026-02-24,2026-03-24,Economy,Mobile
S001120,U0361,Mumbai,Dubai,2026-02-10,2026-06-12,Business,Desktop
S001121,U0104,Mumbai,Singapore,2026-04-07,2026-07-13,Business,Mobile
S001122,U0192,Delhi,Tokyo,2026-05-28,2026-10-25,Business,Mobile
S001123,U0429,Mumbai,Paris,2026-02-02,2026-05-23,First,Mobile
S001124,U0177,Mumbai,Singapore,2026-06-17,2026-06-26,Economy,Desktop
S001125,U0147,Bengaluru,Dubai,2026-08-15,2026-10-12,Economy,Mobile
S001126,U0380,Delhi,London,2026-02-03,2026-05-31,Economy,Mobile
S001127,U0455,Bengaluru,Dubai,2026-03-03,2026-08-17,Business,Mobile
S001128,U0081,Delhi,London,2026-08-16,2026-10-03,Business,Mobile
S001129,U0193,Delhi,New York,2026-08-07,2026-12-21,First,Mobile
S001130,U0037,Delhi,Tokyo,2026-01-19,2026-03-05,Economy,Desktop
S001131,U0377,Mumbai,Dubai,2026-06-20,2026-08-11,Business,Mobile
S001132,U0326,Mumbai,Singapore,2026-07-16,2026-09-08,Business,Desktop
S001133,U0154,Mumbai,London,2026-07-10,2026-08-12,Business,Tablet
S001134,U0130,Bengaluru,Dubai,2026-08-09,2026-08-30,Economy,Mobile
S001135,U0059,Delhi,Bangkok,2026-01-10,2026-01-23,Business,Desktop
S001136,U0224,Bengaluru,London,2026-04-30,2026-08-23,First,Desktop
S001137,U0249,Delhi,New York,2026-05-03,2026-06-20,First,Desktop
S001138,U0240,Delhi,Bangkok,2026-04-14,2026-04-29,Business,Mobile
S001139,U0374,Delhi,Singapore,2026-05-21,2026-09-09,Business,Desktop
S001140,U0389,Delhi,Singapore,2026-08-09,2026-12-27,Economy,Desktop
S001141,U0293,Delhi,Paris,2026-01-05,2026-03-28,Economy,Mobile
S001142,U0287,Mumbai,London,2026-02-27,2026-04-04,First,Mobile
S001143,U0204,Delhi,London,2026-02-28,2026-05-29,Economy,Tablet
S001144,U0099,Delhi,London,2026-07-23,2026-12-02,Economy,Desktop
S001145,U0350,Delhi,Dubai,2026-05-08,2026-08-06,Economy,Mobile
S001146,U0176,Delhi,Bangkok,2026-07-06,2026-09-04,Business,Desktop
S001147,U0262,Mumbai,Singapore,2026-07-24,2026-11-17,Business,Mobile
S001148,U0271,Delhi,Paris,2026-03-27,2026-04-29,Economy,Mobile
S001149,U0143,Delhi,Singapore,2026-04-14,2026-07-13,First,Mobile
S001150,U0189,Mumbai,Dubai,2026-05-23,2026-06-05,Business,Desktop
S001151,U0272,Mumbai,London,2026-07-24,2027-01-14,Economy,Desktop
S001152,U0020,Mumbai,Paris,2026-05-09,2026-08-27,Economy,Mobile
S001153,U0333,Mumbai,New York,2026-02-07,2026-04-26,Business,Desktop
S001154,U0300,Bengaluru,Dubai,2026-04-17,2026-04-25,Business,Mobile
S001155,U0426,Bengaluru,London,2026-04-19,2026-09-14,Economy,Desktop
S001156,U0046,Delhi,New York,2026-02-22,2026-07-16,Economy,Mobile
S001157,U0095,Mumbai,New York,2026-02-21,2026-04-18,Economy,Mobile
S001158,U0418,Bengaluru,Dubai,2026-01-01,2026-06-02,Economy,Desktop
S001159,U0064,Mumbai,Paris,2026-01-11,2026-02-04,Economy,Mobile
S001160,U0413,Delhi,London,2026-02-27,2026-03-21,Business,Desktop
S001161,U0131,Mumbai,Singapore,2026-08-23,2026-10-20,Business,Mobile
S001162,U0009,Bengaluru,London,2026-05-08,2026-10-20,Business,Mobile
S001163,U0459,Delhi,Paris,2026-06-17,2026-09-15,Economy,Mobile
S001164,U0203,Mumbai,Dubai,2026-08-02,2027-01-06,Business,Desktop
S001165,U0409,Delhi,Bangkok,2026-08-15,2026-11-25,Economy,Mobile
S001166,U0470,Bengaluru,Dubai,2026-07-07,2026-08-24,Economy,Desktop
S001167,U0298,Mumbai,Dubai,2026-02-13,2026-06-12,Business,Desktop
S001168,U0174,Delhi,Tokyo,2026-01-06,2026-05-16,Business,Mobile
S001169,U0073,Delhi,London,2026-06-05,2026-06-26,Economy,Mobile
S001170,U0084,Delhi,London,2026-06-08,2026-09-12,Business,Mobile
S001171,U0059,Delhi,Dubai,2026-01-08,2026-07-05,Business,Tablet
S001172,U0021,Delhi,London,2026-01-05,2026-02-22,Business,Mobile
S001173,U0458,Delhi,Bangkok,2026-04-16,2026-06-06,Business,Mobile
S001174,U0406,Delhi,London,2026-07-01,2026-10-09,First,Mobile
S001175,U0157,Mumbai,Dubai,2026-04-22,2026-08-13,Business,Desktop
S001176,U0319,Delhi,Dubai,2026-08-24,2027-02-09,Business,Desktop
S001177,U0329,Mumbai,Dubai,2026-01-17,2026-02-14,Economy,Desktop
S001178,U0061,Delhi,London,2026-06-15,2026-10-27,Economy,Desktop
S001179,U0064,Bengaluru,London,2026-01-09,2026-02-22,Business,Mobile
S001180,U0325,Delhi,Dubai,2026-07-21,2026-11-01,Business,Mobile
S001181,U0168,Delhi,Bangkok,2026-07-31,2026-11-15,Economy,Desktop
S001182,U0203,Mumbai,Paris,2026-03-19,2026-04-01,First,Desktop
S001183,U0129,Delhi,London,2026-01-14,2026-03-05,Economy,Mobile
S001184,U0245,Delhi,Tokyo,2026-06-03,2026-08-24,Business,Mobile
S001185,U0106,Delhi,London,2026-08-09,2026-08-22,Economy,Desktop
S001186,U0321,Mumbai,Dubai,2026-04-23,2026-06-28,Economy,Mobile
S001187,U0122,Delhi,London,2026-07-09,2026-07-16,Business,Mobile
S001188,U0318,Mumbai,London,2026-04-01,2026-06-08,Economy,Desktop
S001189,U0182,Mumbai,Singapore,2026-01-25,2026-04-28,Economy,Desktop
S001190,U0103,Mumbai,Paris,2026-07-27,2026-10-30,Business,Mobile
S001191,U0316,Mumbai,London,2026-06-13,2026-07-07,Business,Mobile
S001192,U0302,Bengaluru,London,2026-04-08,2026-07-31,Business,Mobile
S001193,U0261,Delhi,Dubai,2026-07-27,2026-12-15,First,Desktop
S001194,U0113,Delhi,Paris,2026-06-10,2026-10-09,Economy,Tablet
S001195,U0406,Mumbai,Dubai,2026-01-03,2026-03-04,Business,Desktop
S001196,U0474,Delhi,Dubai,2026-08-03,2026-10-15,Business,Mobile
S001197,U0437,Delhi,Dubai,2026-05-19,2026-08-26,First,Mobile
S001198,U0070,Delhi,Dubai,2026-04-22,2026-09-13,First,Desktop
S001199,U0160,Mumbai,Singapore,2026-07-05,2026-09-08,Business,Mobile
S001200,U0240,Delhi,Bangkok,2026-07-11,2026-09-24,Business,Desktop
S001201,U0011,Delhi,London,2026-05-26,2026-09-07,Economy,Desktop
S001202,U0138,Bengaluru,London,2026-02-16,2026-03-02,Economy,Mobile
S001203,U0495,Bengaluru,London,2026-08-21,2026-10-21,Business,Tablet
S001204,U0167,Delhi,Tokyo,2026-06-21,2026-11-08,Business,Mobile
S001205,U0247,Mumbai,Dubai,2026-08-09,2026-12-22,Business,Desktop
S001206,U0354,Delhi,Singapore,2026-07-06,2026-09-06,Business,Mobile
S001207,U0031,Bengaluru,Dubai,2026-02-19,2026-06-09,Economy,Desktop
S001208,U0012,Bengaluru,London,2026-07-16,2026-11-13,Business,Desktop
S001209,U0243,Mumbai,London,2026-08-04,2026-11-06,Economy,Mobile
S001210,U0108,Delhi,Dubai,2026-06-06,2026-10-28,Economy,Mobile
S001211,U0336,Mumbai,Dubai,2026-08-09,2026-12-01,Economy,Mobile
S001212,U0422,Delhi,New York,2026-05-04,2026-06-02,Business,Mobile
S001213,U0323,Delhi,Paris,2026-03-31,2026-08-28,Economy,Desktop
S001214,U0194,Delhi,Dubai,2026-08-20,2026-12-05,Business,Mobile
S001215,U0308,Delhi,New York,2026-03-08,2026-08-05,Economy,Mobile
S001216,U0133,Delhi,New York,2026-01-02,2026-03-05,Economy,Mobile
S001217,U0395,Mumbai,Singapore,2026-06-02,2026-09-24,Business,Desktop
S001218,U0281,Bengaluru,London,2026-05-27,2026-09-05,Business,Desktop
S001219,U0291,Delhi,Bangkok,2026-06-17,2026-06-29,Economy,Mobile
S001220,U0163,Mumbai,London,2026-01-02,2026-02-07,Economy,Desktop
S001221,U0278,Delhi,Tokyo,2026-07-30,2026-12-12,First,Desktop
S001222,U0421,Delhi,Dubai,2026-03-06,2026-05-02,Economy,Mobile
S001223,U0470,Delhi,Dubai,2026-07-09,2026-10-29,Business,Desktop
S001224,U0439,Mumbai,Dubai,2026-04-01,2026-07-05,Economy,Mobile
S001225,U0203,Delhi,Dubai,2026-07-01,2026-11-11,Economy,Mobile
S001226,U0096,Mumbai,Dubai,2026-06-22,2026-08-13,Economy,Mobile
S001227,U0483,Delhi,Dubai,2026-04-26,2026-08-31,Business,Mobile
S001228,U0223,Delhi,Bangkok,2026-02-18,2026-07-23,Business,Desktop
S001229,U0237,Delhi,Dubai,2026-08-15,2026-11-28,Economy,Mobile
S001230,U0117,Delhi,Paris,2026-08-21,2027-02-09,Business,Mobile
S001231,U0456,Delhi,London,2026-03-10,2026-05-24,Business,Mobile
S001232,U0192,Bengaluru,Dubai,2026-06-15,2026-08-23,First,Desktop
S001233,U0276,Delhi,Paris,2026-05-12,2026-07-07,Economy,Desktop
S001234,U0106,Delhi,London,2026-05-25,2026-06-12,Economy,Mobile
S001235,U0482,Delhi,Paris,2026-05-06,2026-07-20,Business,Desktop
S001236,U0004,Mumbai,Singapore,2026-06-30,2026-09-17,Economy,Tablet
S001237,U0018,Mumbai,Paris,2026-08-01,2026-09-20,Economy,Mobile
S001238,U0307,Mumbai,Singapore,2026-02-22,2026-04-21,Business,Desktop
S001239,U0452,Mumbai,New York,2026-04-22,2026-05-07,Economy,Mobile
S001240,U0020,Mumbai,Paris,2026-06-08,2026-10-10,Economy,Mobile
S001241,U0122,Delhi,Singapore,2026-08-28,2026-09-13,Economy,Mobile
S001242,U0137,Delhi,London,2026-05-30,2026-07-21,Business,Mobile
S001243,U0080,Delhi,Bangkok,2026-05-19,2026-09-05,Economy,Tablet
S001244,U0154,Mumbai,London,2026-06-11,2026-07-24,Business,Mobile
S001245,U0358,Mumbai,Singapore,2026-04-23,2026-06-20,Business,Desktop
S001246,U0025,Delhi,London,2026-05-23,2026-09-05,Business,Mobile
S001247,U0452,Mumbai,Singapore,2026-04-24,2026-07-20,Economy,Desktop
S001248,U0169,Hyderabad,Dubai,2026-05-18,2026-06-06,Economy,Mobile
S001249,U0059,Mumbai,Dubai,2026-08-18,2027-01-05,Business,Desktop
S001250,U0301,Delhi,Singapore,2026-08-12,2026-11-27,Economy,Mobile
S001251,U0041,Bengaluru,London,2026-06-30,2026-11-11,Business,Desktop
S001252,U0038,Mumbai,Paris,2026-02-17,2026-04-12,Economy,Desktop
S001253,U0117,Delhi,Singapore,2026-01-31,2026-07-16,Economy,Desktop
S001254,U0275,Mumbai,Dubai,2026-02-06,2026-02-23,Economy,Mobile
S001255,U0270,Bengaluru,Dubai,2026-04-18,2026-07-14,Business,Mobile
S001256,U0127,Bengaluru,London,2026-01-28,2026-02-08,Economy,Desktop
S001257,U0405,Delhi,Dubai,2026-06-08,2026-06-20,Economy,Mobile
S001258,U0399,Delhi,London,2026-03-11,2026-07-12,Business,Mobile
S001259,U0003,Mumbai,Singapore,2026-01-14,2026-06-18,Business,Mobile
S001260,U0293,Mumbai,Dubai,2026-05-02,2026-06-19,Business,Mobile
S001261,U0373,Mumbai,Dubai,2026-08-03,2026-10-29,Business,Mobile
S001262,U0498,Delhi,Tokyo,2026-01-16,2026-06-26,Business,Desktop
S001263,U0430,Delhi,London,2026-01-25,2026-02-03,Economy,Mobile
S001264,U0016,Delhi,Paris,2026-06-16,2026-08-21,Economy,Mobile
S001265,U0398,Mumbai,Dubai,2026-03-07,2026-06-14,Business,Mobile
S001266,U0265,Delhi,Paris,2026-02-07,2026-04-03,Economy,Mobile
S001267,U0239,Delhi,Paris,2026-06-18,2026-07-28,Business,Desktop
S001268,U0263,Delhi,London,2026-04-13,2026-05-26,Economy,Mobile
S001269,U0398,Mumbai,Singapore,2026-04-08,2026-05-26,Economy,Desktop
S001270,U0134,Delhi,Dubai,2026-04-25,2026-05-02,Economy,Mobile
S001271,U0213,Delhi,Bangkok,2026-02-09,2026-06-27,Business,Mobile
S001272,U0015,Delhi,Tokyo,2026-08-23,2026-12-10,Business,Mobile
S001273,U0436,Delhi,Singapore,2026-03-05,2026-07-31,Economy,Mobile
S001274,U0328,Delhi,Singapore,2026-03-30,2026-07-24,Economy,Desktop
S001275,U0418,Mumbai,Dubai,2026-04-10,2026-09-09,First,Mobile
S001276,U0360,Delhi,Paris,2026-05-24,2026-07-03,Economy,Desktop
S001277,U0129,Mumbai,London,2026-03-23,2026-03-30,Business,Tablet
S001278,U0352,Mumbai,Dubai,2026-03-18,2026-05-16,First,Desktop
S001279,U0122,Delhi,Singapore,2026-02-28,2026-03-28,First,Mobile
S001280,U0241,Delhi,London,2026-08-17,2027-01-20,Business,Mobile
S001281,U0115,Delhi,Paris,2026-04-01,2026-04-23,Economy,Tablet
S001282,U0197,Delhi,London,2026-04-08,2026-09-17,First,Desktop
S001283,U0222,Mumbai,New York,2026-05-19,2026-09-21,Business,Desktop
S001284,U0214,Delhi,Dubai,2026-01-01,2026-04-03,Business,Mobile
S001285,U0404,Mumbai,Dubai,2026-01-13,2026-03-02,Economy,Desktop
S001286,U0080,Mumbai,New York,2026-01-30,2026-04-17,First,Desktop
S001287,U0263,Hyderabad,Dubai,2026-07-16,2026-11-16,Business,Mobile
S001288,U0135,Mumbai,Paris,2026-01-18,2026-07-06,Business,Desktop
S001289,U0306,Mumbai,Dubai,2026-03-19,2026-04-14,Economy,Mobile
S001290,U0242,Delhi,Dubai,2026-05-21,2026-09-12,Economy,Mobile
S001291,U0386,Delhi,Bangkok,2026-02-01,2026-06-17,First,Desktop
S001292,U0303,Delhi,Singapore,2026-03-12,2026-03-25,Economy,Mobile
S001293,U0270,Delhi,Dubai,2026-07-19,2026-08-03,Economy,Mobile
S001294,U0287,Delhi,Bangkok,2026-02-19,2026-03-24,Business,Mobile
S001295,U0050,Mumbai,Paris,2026-07-18,2026-12-01,Economy,Mobile
S001296,U0189,Hyderabad,Dubai,2026-04-26,2026-07-26,Economy,Mobile
S001297,U0297,Delhi,Tokyo,2026-04-23,2026-06-28,Economy,Tablet
S001298,U0014,Delhi,Bangkok,2026-03-21,2026-07-17,Economy,Mobile
S001299,U0389,Delhi,London,2026-08-23,2026-11-23,Economy,Mobile
S001300,U0459,Delhi,Dubai,2026-01-31,2026-06-16,Economy,Desktop
S001301,U0232,Delhi,New York,2026-02-20,2026-07-21,Economy,Mobile
S001302,U0261,Mumbai,Singapore,2026-06-04,2026-09-01,Business,Mobile
S001303,U0192,Delhi,Singapore,2026-03-01,2026-06-19,Business,Mobile
S001304,U0413,Delhi,Singapore,2026-02-02,2026-05-07,Economy,Mobile
S001305,U0203,Delhi,Singapore,2026-06-30,2026-07-26,Economy,Mobile
S001306,U0261,Delhi,New York,2026-05-07,2026-09-16,Economy,Mobile
S001307,U0113,Delhi,London,2026-08-09,2026-11-21,Business,Mobile
S001308,U0374,Mumbai,Dubai,2026-07-19,2027-01-01,First,Desktop
S001309,U0352,Mumbai,Singapore,2026-06-10,2026-08-06,Economy,Mobile
S001310,U0036,Delhi,Paris,2026-05-06,2026-08-08,Economy,Desktop
S001311,U0079,Delhi,Dubai,2026-02-10,2026-08-05,Business,Desktop
S001312,U0275,Delhi,New York,2026-01-19,2026-03-29,Business,Mobile
S001313,U0448,Delhi,Paris,2026-08-01,2026-11-04,Economy,Tablet
S001314,U0278,Delhi,Singapore,2026-02-10,2026-06-27,Business,Mobile
S001315,U0162,Delhi,London,2026-03-26,2026-06-29,Business,Mobile
S001316,U0312,Delhi,Singapore,2026-03-30,2026-07-06,First,Mobile
S001317,U0017,Mumbai,Dubai,2026-02-11,2026-05-04,Economy,Desktop
S001318,U0204,Bengaluru,Dubai,2026-04-30,2026-06-01,First,Mobile
S001319,U0473,Delhi,Dubai,2026-01-23,2026-05-17,Economy,Mobile
S001320,U0440,Bengaluru,London,2026-07-22,2026-08-05,Business,Mobile
S001321,U0017,Delhi,London,2026-02-02,2026-06-21,Business,Desktop
S001322,U0202,Delhi,Singapore,2026-01-20,2026-06-14,Economy,Mobile
S001323,U0476,Delhi,New York,2026-06-02,2026-07-20,Business,Mobile
S001324,U0210,Mumbai,Dubai,2026-03-31,2026-08-03,Economy,Mobile
S001325,U0499,Delhi,Singapore,2026-04-14,2026-10-06,Economy,Desktop
S001326,U0402,Delhi,Dubai,2026-06-29,2026-10-21,Economy,Mobile
S001327,U0429,Mumbai,Dubai,2026-01-12,2026-06-14,Business,Mobile
S001328,U0480,Mumbai,New York,2026-06-09,2026-10-13,Economy,Desktop
S001329,U0078,Mumbai,Dubai,2026-06-10,2026-11-23,First,Mobile
S001330,U0056,Delhi,Tokyo,2026-07-21,2026-09-11,Economy,Desktop
S001331,U0080,Mumbai,New York,2026-07-15,2026-10-21,Economy,Tablet
S001332,U0306,Delhi,Singapore,2026-05-23,2026-11-09,Economy,Desktop
S001333,U0058,Delhi,London,2026-02-20,2026-07-22,Business,Mobile
S001334,U0018,Mumbai,Singapore,2026-01-06,2026-03-27,Economy,Mobile
S001335,U0208,Delhi,Paris,2026-04-01,2026-07-12,Economy,Mobile
S001336,U0465,Mumbai,Dubai,2026-07-16,2026-08-09,Economy,Tablet
S001337,U0135,Mumbai,Paris,2026-03-10,2026-08-03,Economy,Tablet
S001338,U0332,Mumbai,Dubai,2026-07-29,2026-11-27,Business,Mobile
S001339,U0482,Delhi,Bangkok,2026-08-08,2026-10-25,Business,Desktop
S001340,U0010,Delhi,London,2026-06-12,2026-08-03,Economy,Desktop
S001341,U0069,Delhi,Bangkok,2026-05-03,2026-06-16,Economy,Mobile
S001342,U0341,Mumbai,Singapore,2026-08-02,2026-12-16,Business,Mobile
S001343,U0387,Mumbai,Dubai,2026-06-11,2026-06-26,Economy,Mobile
S001344,U0083,Mumbai,Dubai,2026-07-10,2026-11-01,First,Mobile
S001345,U0109,Delhi,Singapore,2026-07-15,2026-12-01,Economy,Desktop
S001346,U0044,Hyderabad,Dubai,2026-05-26,2026-09-07,Economy,Desktop
S001347,U0483,Mumbai,Dubai,2026-08-21,2026-09-15,Business,Mobile
S001348,U0454,Delhi,Dubai,2026-04-25,2026-07-11,Business,Mobile
S001349,U0398,Delhi,New York,2026-06-03,2026-07-18,Economy,Mobile
S001350,U0132,Mumbai,Singapore,2026-08-22,2026-10-09,Economy,Desktop
S001351,U0493,Mumbai,Singapore,2026-08-02,2026-12-31,Economy,Desktop
S001352,U0499,Bengaluru,London,2026-04-21,2026-07-26,First,Mobile
S001353,U0018,Mumbai,Dubai,2026-08-13,2027-02-09,Business,Desktop
S001354,U0093,Bengaluru,Dubai,2026-03-02,2026-06-23,Economy,Mobile
S001355,U0483,Delhi,Singapore,2026-04-17,2026-09-18,Economy,Mobile
S001356,U0436,Delhi,Dubai,2026-03-19,2026-08-08,Economy,Tablet
S001357,U0294,Delhi,Paris,2026-04-05,2026-07-16,Economy,Mobile
S001358,U0464,Mumbai,New York,2026-03-15,2026-08-15,Economy,Mobile
S001359,U0148,Mumbai,London,2026-08-04,2026-09-11,Business,Mobile
S001360,U0472,Mumbai,New York,2026-08-01,2026-12-11,Economy,Mobile
S001361,U0483,Mumbai,Dubai,2026-02-17,2026-07-20,Economy,Desktop
S001362,U0172,Delhi,Singapore,2026-07-19,2026-08-18,Business,Desktop
S001363,U0051,Delhi,Tokyo,2026-04-06,2026-05-06,Economy,Desktop
S001364,U0019,Delhi,Dubai,2026-01-31,2026-06-06,Economy,Mobile
S001365,U0120,Mumbai,London,2026-02-03,2026-02-27,Economy,Mobile
S001366,U0324,Delhi,Bangkok,2026-03-28,2026-08-21,Economy,Mobile
S001367,U0225,Hyderabad,Dubai,2026-08-05,2026-09-21,Business,Desktop
S001368,U0066,Delhi,Singapore,2026-05-15,2026-08-16,Business,Mobile
S001369,U0141,Mumbai,Singapore,2026-03-24,2026-06-20,Economy,Desktop
S001370,U0446,Delhi,New York,2026-05-15,2026-10-12,Economy,Mobile
S001371,U0189,Bengaluru,Dubai,2026-02-16,2026-07-23,Economy,Mobile
S001372,U0493,Delhi,Bangkok,2026-05-16,2026-11-05,Business,Mobile
S001373,U0158,Delhi,Dubai,2026-07-25,2026-09-02,Business,Tablet
S001374,U0098,Delhi,Singapore,2026-05-09,2026-06-08,Economy,Mobile
S001375,U0158,Delhi,Singapore,2026-05-05,2026-07-11,Economy,Mobile
S001376,U0435,Mumbai,Paris,2026-03-18,2026-05-18,Economy,Mobile
S001377,U0246,Mumbai,New York,2026-01-03,2026-04-03,Business,Mobile
S001378,U0344,Bengaluru,London,2026-06-30,2026-12-21,Business,Mobile
S001379,U0432,Hyderabad,Dubai,2026-04-02,2026-08-05,First,Mobile
S001380,U0236,Delhi,London,2026-06-15,2026-09-01,Economy,Mobile
S001381,U0033,Mumbai,Dubai,2026-06-28,2026-09-16,Business,Mobile
S001382,U0361,Delhi,Singapore,2026-05-23,2026-10-05,Business,Mobile
S001383,U0241,Mumbai,London,2026-04-10,2026-07-10,First,Mobile
S001384,U0330,Delhi,London,2026-05-07,2026-10-13,Economy,Desktop
S001385,U0338,Delhi,London,2026-07-14,2026-10-24,Business,Mobile
S001386,U0275,Bengaluru,London,2026-07-11,2026-09-08,Economy,Mobile
S001387,U0071,Delhi,Tokyo,2026-03-09,2026-09-05,Business,Mobile
S001388,U0313,Mumbai,Singapore,2026-05-13,2026-09-06,Economy,Mobile
S001389,U0403,Mumbai,Singapore,2026-03-31,2026-06-05,Business,Desktop
S001390,U0216,Mumbai,Dubai,2026-03-30,2026-05-26,Business,Desktop
S001391,U0079,Delhi,Paris,2026-01-10,2026-05-17,Economy,Desktop
S001392,U0169,Delhi,Paris,2026-01-08,2026-03-28,Business,Mobile
S001393,U0298,Delhi,New York,2026-01-12,2026-07-05,Economy,Mobile
S001394,U0471,Mumbai,Dubai,2026-03-05,2026-03-18,Economy,Mobile
S001395,U0180,Delhi,London,2026-04-28,2026-07-18,Economy,Mobile
S001396,U0116,Delhi,London,2026-02-28,2026-03-25,Economy,Mobile
S001397,U0260,Delhi,New York,2026-07-14,2026-12-10,Business,Mobile
S001398,U0486,Delhi,Bangkok,2026-08-07,2026-10-22,Economy,Desktop
S001399,U0260,Delhi,Bangkok,2026-02-19,2026-04-22,Business,Mobile
S001400,U0005,Delhi,Singapore,2026-05-31,2026-10-22,Business,Tablet
S001401,U0297,Mumbai,Paris,2026-02-09,2026-08-08,Business,Mobile
S001402,U0108,Bengaluru,Dubai,2026-05-02,2026-07-27,Business,Desktop
S001403,U0343,Mumbai,Dubai,2026-04-07,2026-07-31,Economy,Mobile
S001404,U0360,Delhi,Singapore,2026-07-25,2026-09-04,Business,Desktop
S001405,U0117,Bengaluru,Dubai,2026-05-07,2026-07-24,Economy,Mobile
S001406,U0357,Mumbai,London,2026-03-28,2026-07-04,First,Mobile
S001407,U0445,Bengaluru,Dubai,2026-08-11,2026-08-20,Business,Mobile
S001408,U0331,Hyderabad,Dubai,2026-03-18,2026-05-29,Business,Tablet
S001409,U0439,Bengaluru,London,2026-05-01,2026-06-28,Economy,Tablet
S001410,U0331,Mumbai,Paris,2026-07-23,2026-10-30,Business,Mobile
S001411,U0013,Delhi,Paris,2026-08-15,2026-10-07,Business,Desktop
S001412,U0142,Bengaluru,London,2026-05-26,2026-06-04,Business,Mobile
S001413,U0188,Mumbai,Dubai,2026-05-29,2026-10-25,Economy,Mobile
S001414,U0456,Delhi,London,2026-08-25,2026-11-23,First,Mobile
S001415,U0281,Mumbai,London,2026-04-21,2026-05-31,Economy,Tablet
S001416,U0466,Bengaluru,London,2026-08-22,2026-10-17,Business,Mobile
S001417,U0115,Delhi,Dubai,2026-05-09,2026-06-17,Business,Mobile
S001418,U0428,Delhi,London,2026-06-15,2026-09-02,Economy,Mobile
S001419,U0236,Delhi,Dubai,2026-02-10,2026-02-19,Economy,Mobile
S001420,U0338,Delhi,Paris,2026-06-19,2026-06-27,Business,Mobile
S001421,U0010,Hyderabad,Dubai,2026-08-27,2027-01-12,Economy,Mobile
S001422,U0199,Hyderabad,Dubai,2026-05-17,2026-06-08,Economy,Mobile
S001423,U0252,Mumbai,Singapore,2026-01-23,2026-03-03,Business,Mobile
S001424,U0050,Delhi,Bangkok,2026-03-19,2026-04-03,Business,Mobile
S001425,U0428,Delhi,Paris,2026-01-11,2026-03-15,Business,Mobile
S001426,U0142,Mumbai,Singapore,2026-03-12,2026-04-27,Economy,Desktop
S001427,U0271,Delhi,New York,2026-06-08,2026-08-05,Economy,Mobile
S001428,U0016,Delhi,Dubai,2026-08-04,2026-08-26,Business,Desktop
S001429,U0002,Bengaluru,Dubai,2026-01-26,2026-06-17,Business,Mobile
S001430,U0158,Mumbai,London,2026-01-30,2026-05-03,Business,Mobile
S001431,U0030,Delhi,Singapore,2026-06-11,2026-08-16,Business,Mobile
S001432,U0082,Bengaluru,London,2026-06-23,2026-12-10,Economy,Desktop
S001433,U0031,Mumbai,London,2026-04-12,2026-04-21,Economy,Desktop
S001434,U0236,Mumbai,Dubai,2026-03-10,2026-03-31,First,Mobile
S001435,U0496,Mumbai,New York,2026-05-13,2026-08-29,Business,Mobile
S001436,U0333,Delhi,London,2026-07-08,2026-08-06,Business,Desktop
S001437,U0148,Delhi,Paris,2026-07-30,2026-12-14,First,Mobile
S001438,U0177,Mumbai,Singapore,2026-06-15,2026-11-26,First,Desktop
S001439,U0370,Mumbai,New York,2026-06-05,2026-12-01,Business,Mobile
S001440,U0035,Mumbai,New York,2026-06-03,2026-06-26,Economy,Desktop
S001441,U0023,Mumbai,Singapore,2026-03-02,2026-06-30,First,Mobile
S001442,U0106,Delhi,New York,2026-04-16,2026-06-19,Business,Mobile
S001443,U0097,Bengaluru,London,2026-01-23,2026-05-19,Economy,Desktop
S001444,U0230,Delhi,Paris,2026-06-23,2026-11-11,Business,Mobile
S001445,U0227,Delhi,Paris,2026-04-23,2026-10-13,Economy,Mobile
S001446,U0371,Delhi,Bangkok,2026-01-30,2026-04-24,Business,Mobile
S001447,U0100,Delhi,Dubai,2026-03-08,2026-08-04,Economy,Mobile
S001448,U0445,Delhi,Singapore,2026-08-08,2026-09-27,Business,Mobile
S001449,U0468,Bengaluru,Dubai,2026-06-10,2026-06-28,Business,Tablet
S001450,U0055,Delhi,Singapore,2026-08-22,2026-09-05,Business,Desktop
S001451,U0195,Delhi,Dubai,2026-05-11,2026-08-05,Business,Mobile
S001452,U0008,Mumbai,Singapore,2026-07-16,2026-09-01,Business,Desktop
S001453,U0424,Delhi,Dubai,2026-05-01,2026-10-16,Economy,Mobile
S001454,U0315,Delhi,Dubai,2026-03-24,2026-05-15,Economy,Desktop
S001455,U0128,Hyderabad,Dubai,2026-06-19,2026-07-24,Business,Mobile
S001456,U0032,Delhi,New York,2026-03-03,2026-03-25,Economy,Desktop
S001457,U0093,Mumbai,Dubai,2026-07-05,2026-11-21,Economy,Desktop
S001458,U0007,Hyderabad,Dubai,2026-02-26,2026-03-09,Economy,Desktop
S001459,U0258,Hyderabad,Dubai,2026-08-28,2026-10-03,Economy,Mobile
S001460,U0341,Delhi,Singapore,2026-01-01,2026-05-04,Business,Mobile
S001461,U0390,Mumbai,Dubai,2026-04-12,2026-04-23,Business,Mobile
S001462,U0220,Delhi,Bangkok,2026-07-20,2026-12-14,Economy,Mobile
S001463,U0240,Delhi,Paris,2026-07-07,2026-08-31,Business,Mobile
S001464,U0106,Bengaluru,London,2026-03-10,2026-06-13,Economy,Desktop
S001465,U0036,Delhi,Tokyo,2026-02-28,2026-04-25,Business,Desktop
S001466,U0416,Bengaluru,London,2026-02-15,2026-03-07,Economy,Mobile
S001467,U0045,Mumbai,Dubai,2026-04-16,2026-08-08,Business,Mobile
S001468,U0298,Bengaluru,London,2026-02-03,2026-03-27,Economy,Desktop
S001469,U0309,Mumbai,Dubai,2026-04-11,2026-07-08,Economy,Desktop
S001470,U0366,Delhi,Paris,2026-04-07,2026-08-17,Business,Mobile
S001471,U0009,Mumbai,New York,2026-06-02,2026-08-31,Economy,Mobile
S001472,U0459,Delhi,London,2026-06-19,2026-07-29,First,Desktop
S001473,U0087,Mumbai,Singapore,2026-01-29,2026-04-16,Business,Desktop
S001474,U0370,Mumbai,London,2026-06-02,2026-08-07,Economy,Mobile
S001475,U0331,Mumbai,London,2026-07-01,2026-09-19,Business,Desktop
S001476,U0177,Mumbai,New York,2026-05-03,2026-07-29,Economy,Desktop
S001477,U0130,Mumbai,London,2026-03-14,2026-08-06,Economy,Mobile
S001478,U0195,Mumbai,Paris,2026-07-14,2026-10-26,First,Desktop
S001479,U0011,Delhi,London,2026-05-23,2026-08-28,Economy,Mobile
S001480,U0306,Bengaluru,London,2026-01-04,2026-04-15,Business,Desktop
S001481,U0419,Mumbai,Paris,2026-08-25,2027-01-10,Economy,Mobile
S001482,U0122,Bengaluru,London,2026-02-07,2026-08-01,Business,Mobile
S001483,U0399,Mumbai,Singapore,2026-01-20,2026-03-27,Economy,Desktop
S001484,U0235,Bengaluru,Dubai,2026-04-23,2026-08-20,Economy,Desktop
S001485,U0331,Mumbai,Dubai,2026-01-23,2026-04-20,First,Tablet
S001486,U0031,Delhi,London,2026-06-14,2026-09-12,Economy,Mobile
S001487,U0348,Delhi,Singapore,2026-07-09,2026-08-09,Business,Mobile
S001488,U0446,Delhi,London,2026-04-21,2026-05-30,Business,Tablet
S001489,U0412,Bengaluru,Dubai,2026-05-16,2026-06-10,Business,Desktop
S001490,U0224,Delhi,Dubai,2026-06-14,2026-08-16,Business,Tablet
S001491,U0153,Mumbai,Paris,2026-02-14,2026-03-07,Economy,Mobile
S001492,U0212,Mumbai,Paris,2026-04-07,2026-05-24,Economy,Mobile
S001493,U0092,Mumbai,Dubai,2026-02-02,2026-04-09,Business,Mobile
S001494,U0409,Mumbai,New York,2026-05-15,2026-09-07,Business,Desktop
S001495,U0331,Delhi,London,2026-01-22,2026-05-04,Economy,Desktop
S001496,U0467,Mumbai,Singapore,2026-05-13,2026-06-10,Economy,Mobile
S001497,U0348,Delhi,London,2026-08-26,2027-02-19,Business,Mobile
S001498,U0129,Bengaluru,Dubai,2026-01-15,2026-06-30,First,Mobile
S001499,U0443,Hyderabad,Dubai,2026-01-21,2026-06-17,First,Desktop
S001500,U0197,Mumbai,Dubai,2026-05-06,2026-10-25,Business,Mobile
S001501,U0458,Delhi,Dubai,2026-03-30,2026-05-01,Economy,Desktop
S001502,U0042,Delhi,Paris,2026-01-17,2026-06-05,Business,Mobile
S001503,U0366,Mumbai,Dubai,2026-02-25,2026-07-06,Business,Mobile
S001504,U0418,Delhi,Tokyo,2026-02-19,2026-06-02,Economy,Mobile
S001505,U0228,Delhi,New York,2026-05-15,2026-10-01,Economy,Desktop
S001506,U0194,Mumbai,London,2026-04-28,2026-07-14,Economy,Mobile
S001507,U0018,Delhi,Bangkok,2026-05-02,2026-05-26,Business,Desktop
S001508,U0333,Mumbai,Singapore,2026-02-19,2026-05-31,Economy,Desktop
S001509,U0243,Bengaluru,Dubai,2026-03-01,2026-07-19,Economy,Mobile
S001510,U0389,Bengaluru,Dubai,2026-05-05,2026-07-16,Economy,Mobile
S001511,U0276,Delhi,Dubai,2026-07-30,2026-12-10,Economy,Desktop
S001512,U0450,Delhi,London,2026-04-26,2026-06-13,Economy,Mobile
S001513,U0127,Hyderabad,Dubai,2026-05-15,2026-09-15,Business,Mobile
S001514,U0075,Delhi,Tokyo,2026-06-17,2026-07-04,Economy,Tablet
S001515,U0062,Delhi,London,2026-06-22,2026-07-24,Business,Desktop
S001516,U0478,Delhi,Bangkok,2026-07-06,2026-12-08,Business,Mobile
S001517,U0480,Delhi,Singapore,2026-03-29,2026-09-19,Business,Mobile
S001518,U0288,Mumbai,Dubai,2026-07-22,2026-09-22,Business,Desktop
S001519,U0186,Delhi,Tokyo,2026-04-15,2026-08-17,Economy,Mobile
S001520,U0178,Delhi,Dubai,2026-02-24,2026-07-28,Economy,Mobile
S001521,U0166,Bengaluru,Dubai,2026-03-05,2026-05-07,Economy,Mobile
S001522,U0183,Delhi,Dubai,2026-07-12,2026-07-23,First,Mobile
S001523,U0028,Mumbai,New York,2026-07-01,2026-07-21,Economy,Tablet
S001524,U0330,Mumbai,Dubai,2026-04-06,2026-05-06,Business,Desktop
S001525,U0470,Delhi,New York,2026-06-17,2026-08-30,Business,Desktop
S001526,U0247,Bengaluru,London,2026-06-30,2026-08-23,First,Tablet
S001527,U0337,Delhi,Dubai,2026-02-13,2026-04-20,Business,Mobile
S001528,U0022,Mumbai,Singapore,2026-07-10,2026-07-19,Business,Mobile
S001529,U0427,Delhi,Singapore,2026-05-10,2026-09-12,Economy,Desktop
S001530,U0467,Delhi,London,2026-07-26,2026-12-16,Business,Mobile
S001531,U0465,Mumbai,Paris,2026-05-29,2026-09-12,Economy,Mobile
S001532,U0472,Mumbai,London,2026-08-04,2026-11-01,Business,Mobile
S001533,U0420,Delhi,New York,2026-02-19,2026-03-21,Business,Mobile
S001534,U0096,Mumbai,Singapore,2026-07-28,2026-12-13,Economy,Mobile
S001535,U0122,Mumbai,Singapore,2026-04-21,2026-09-11,Business,Mobile
S001536,U0250,Delhi,Dubai,2026-06-29,2026-07-06,Economy,Mobile
S001537,U0494,Delhi,Singapore,2026-05-17,2026-09-16,Business,Mobile
S001538,U0379,Delhi,Singapore,2026-04-09,2026-09-25,Business,Mobile
S001539,U0308,Delhi,Paris,2026-05-28,2026-10-21,Business,Mobile
S001540,U0420,Delhi,Bangkok,2026-07-30,2026-12-29,Economy,Tablet
S001541,U0412,Delhi,New York,2026-05-26,2026-06-11,Economy,Tablet
S001542,U0334,Delhi,London,2026-03-25,2026-08-24,Business,Desktop
S001543,U0442,Mumbai,Dubai,2026-01-30,2026-07-07,Business,Tablet
S001544,U0420,Delhi,Dubai,2026-08-20,2027-01-02,Economy,Tablet
S001545,U0326,Delhi,Dubai,2026-03-06,2026-05-30,Economy,Mobile
S001546,U0137,Mumbai,London,2026-01-24,2026-05-09,Economy,Mobile
S001547,U0277,Mumbai,Dubai,2026-08-04,2027-01-01,First,Tablet
S001548,U0320,Mumbai,Dubai,2026-06-24,2026-11-20,Economy,Desktop
S001549,U0332,Delhi,London,2026-07-30,2026-12-16,Economy,Mobile
S001550,U0061,Delhi,London,2026-08-10,2026-09-30,Business,Desktop
S001551,U0250,Delhi,Dubai,2026-03-31,2026-08-02,Economy,Mobile
S001552,U0478,Delhi,Dubai,2026-04-16,2026-06-13,First,Mobile
S001553,U0095,Delhi,Singapore,2026-06-21,2026-10-17,Economy,Mobile
S001554,U0296,Mumbai,Singapore,2026-08-18,2027-01-06,Economy,Mobile
S001555,U0184,Delhi,Dubai,2026-06-06,2026-11-14,Economy,Mobile
S001556,U0260,Delhi,Singapore,2026-03-18,2026-07-14,Economy,Desktop
S001557,U0287,Mumbai,London,2026-03-09,2026-03-28,Economy,Mobile
S001558,U0155,Delhi,Dubai,2026-04-19,2026-05-12,Economy,Mobile
S001559,U0186,Delhi,London,2026-05-25,2026-07-14,Economy,Mobile
S001560,U0409,Delhi,Singapore,2026-04-07,2026-09-01,Business,Desktop
S001561,U0069,Bengaluru,London,2026-05-13,2026-07-31,Economy,Tablet
S001562,U0326,Mumbai,Dubai,2026-04-02,2026-04-13,First,Mobile
S001563,U0261,Delhi,Dubai,2026-03-29,2026-05-07,Business,Mobile
S001564,U0115,Delhi,Tokyo,2026-07-28,2026-12-13,Economy,Mobile
S001565,U0347,Mumbai,Dubai,2026-02-19,2026-07-29,Economy,Desktop
S001566,U0008,Mumbai,Dubai,2026-04-13,2026-06-26,Business,Mobile
S001567,U0265,Delhi,Bangkok,2026-04-22,2026-05-14,Economy,Mobile
S001568,U0271,Mumbai,Paris,2026-06-17,2026-11-20,Economy,Mobile
S001569,U0484,Delhi,Singapore,2026-08-24,2026-10-05,Economy,Mobile
S001570,U0249,Mumbai,Singapore,2026-02-15,2026-06-03,Business,Desktop
S001571,U0105,Mumbai,Dubai,2026-06-28,2026-12-14,Business,Mobile
S001572,U0263,Delhi,London,2026-01-11,2026-02-11,Economy,Mobile
S001573,U0224,Delhi,New York,2026-01-12,2026-03-31,Business,Desktop
S001574,U0328,Delhi,London,2026-05-21,2026-08-16,Business,Desktop
S001575,U0495,Delhi,Singapore,2026-03-05,2026-05-11,Economy,Mobile
S001576,U0371,Bengaluru,Dubai,2026-01-08,2026-02-01,Business,Tablet
S001577,U0271,Bengaluru,Dubai,2026-07-12,2026-09-14,Business,Desktop
S001578,U0165,Mumbai,Dubai,2026-01-09,2026-04-01,First,Mobile
S001579,U0083,Mumbai,New York,2026-08-08,2026-12-13,Economy,Mobile
S001580,U0295,Mumbai,Singapore,2026-05-10,2026-07-12,First,Mobile
S001581,U0134,Delhi,Tokyo,2026-03-19,2026-06-30,Business,Mobile
S001582,U0211,Mumbai,Dubai,2026-05-21,2026-07-29,Business,Mobile
S001583,U0313,Delhi,London,2026-08-28,2026-09-15,Economy,Desktop
S001584,U0092,Delhi,Dubai,2026-01-02,2026-01-19,Economy,Desktop
S001585,U0337,Mumbai,London,2026-07-15,2026-12-09,First,Mobile
S001586,U0490,Mumbai,London,2026-07-23,2027-01-08,Business,Mobile
S001587,U0403,Mumbai,Paris,2026-06-25,2026-07-28,Economy,Mobile
S001588,U0127,Bengaluru,London,2026-03-15,2026-07-03,Economy,Desktop
S001589,U0191,Mumbai,Dubai,2026-05-11,2026-07-23,Economy,Desktop
S001590,U0159,Delhi,Singapore,2026-07-15,2026-10-18,Business,Mobile
S001591,U0331,Delhi,London,2026-05-14,2026-07-04,Business,Desktop
S001592,U0335,Delhi,Tokyo,2026-03-28,2026-06-23,Economy,Mobile
S001593,U0010,Bengaluru,Dubai,2026-01-05,2026-03-19,Economy,Desktop
S001594,U0107,Hyderabad,Dubai,2026-05-11,2026-10-14,Business,Mobile
S001595,U0087,Delhi,Bangkok,2026-05-18,2026-09-03,Economy,Mobile
S001596,U0067,Delhi,Dubai,2026-06-20,2026-09-25,Economy,Mobile
S001597,U0062,Delhi,London,2026-05-27,2026-07-14,Economy,Desktop
S001598,U0387,Delhi,New York,2026-01-14,2026-02-09,Economy,Desktop
S001599,U0146,Bengaluru,Dubai,2026-05-29,2026-07-22,Business,Tablet
S001600,U0153,Delhi,Dubai,2026-05-04,2026-05-28,Business,Mobile
S001601,U0107,Delhi,London,2026-02-12,2026-06-26,First,Mobile
S001602,U0148,Mumbai,Paris,2026-01-28,2026-04-21,Economy,Mobile
S001603,U0186,Delhi,London,2026-05-29,2026-06-10,Business,Desktop
S001604,U0349,Delhi,Singapore,2026-06-13,2026-07-28,Business,Desktop
S001605,U0342,Bengaluru,London,2026-01-24,2026-02-10,Economy,Desktop
S001606,U0178,Mumbai,Dubai,2026-07-01,2026-10-27,Economy,Desktop
S001607,U0377,Delhi,London,2026-06-15,2026-11-21,Business,Desktop
S001608,U0335,Mumbai,Paris,2026-01-17,2026-05-11,Business,Tablet
S001609,U0487,Mumbai,New York,2026-05-30,2026-09-07,Economy,Mobile
S001610,U0266,Hyderabad,Dubai,2026-03-24,2026-05-24,Economy,Desktop
S001611,U0149,Mumbai,London,2026-02-14,2026-05-15,Business,Desktop
S001612,U0247,Delhi,London,2026-03-15,2026-05-18,First,Mobile
S001613,U0254,Delhi,Paris,2026-07-08,2026-08-20,Business,Desktop
S001614,U0500,Mumbai,Singapore,2026-05-19,2026-06-10,Economy,Mobile
S001615,U0029,Mumbai,Dubai,2026-03-02,2026-05-17,Economy,Mobile
S001616,U0352,Mumbai,Paris,2026-02-07,2026-05-17,Economy,Desktop
S001617,U0266,Delhi,Dubai,2026-03-07,2026-08-25,Business,Mobile
S001618,U0013,Mumbai,Dubai,2026-02-02,2026-07-02,Business,Mobile
S001619,U0047,Delhi,London,2026-02-12,2026-03-08,Business,Desktop
S001620,U0151,Delhi,Singapore,2026-06-08,2026-11-08,Economy,Mobile
S001621,U0050,Delhi,Singapore,2026-04-22,2026-10-17,First,Mobile
S001622,U0215,Mumbai,Singapore,2026-02-04,2026-06-20,Business,Desktop
S001623,U0479,Bengaluru,London,2026-02-06,2026-06-30,First,Mobile
S001624,U0132,Delhi,Tokyo,2026-06-24,2026-08-15,Business,Mobile
S001625,U0372,Delhi,Dubai,2026-08-27,2026-09-21,Business,Mobile
S001626,U0113,Delhi,London,2026-04-10,2026-05-24,Business,Mobile
S001627,U0252,Delhi,London,2026-01-23,2026-03-07,Economy,Mobile
S001628,U0451,Delhi,Dubai,2026-06-13,2026-10-09,First,Desktop
S001629,U0341,Bengaluru,London,2026-06-17,2026-08-07,Economy,Mobile
S001630,U0053,Delhi,Paris,2026-08-19,2026-12-20,Business,Mobile
S001631,U0130,Mumbai,Paris,2026-08-06,2027-01-21,First,Tablet
S001632,U0324,Mumbai,Dubai,2026-03-30,2026-08-13,Economy,Desktop
S001633,U0193,Mumbai,Dubai,2026-07-28,2026-09-16,Business,Mobile
S001634,U0079,Mumbai,Singapore,2026-01-15,2026-04-28,Business,Mobile
S001635,U0057,Delhi,London,2026-06-14,2026-09-11,Business,Desktop
S001636,U0097,Mumbai,New York,2026-08-25,2027-01-02,Business,Desktop
S001637,U0198,Hyderabad,Dubai,2026-05-12,2026-09-19,Business,Desktop
S001638,U0135,Mumbai,London,2026-05-30,2026-07-02,Business,Mobile
S001639,U0147,Delhi,Paris,2026-07-28,2026-09-20,Economy,Mobile
S001640,U0172,Mumbai,Singapore,2026-01-22,2026-05-02,Economy,Mobile
S001641,U0063,Delhi,Dubai,2026-07-28,2026-08-10,Economy,Desktop
S001642,U0065,Delhi,New York,2026-07-25,2027-01-02,Business,Desktop
S001643,U0295,Mumbai,Dubai,2026-03-19,2026-06-18,Economy,Mobile
S001644,U0211,Delhi,London,2026-05-25,2026-09-20,Business,Mobile
S001645,U0109,Mumbai,New York,2026-03-13,2026-06-16,Economy,Tablet
S001646,U0282,Delhi,Bangkok,2026-04-08,2026-08-20,Business,Mobile
S001647,U0172,Mumbai,London,2026-03-31,2026-04-24,Economy,Mobile
S001648,U0012,Delhi,Singapore,2026-04-19,2026-05-28,Business,Desktop
S001649,U0406,Delhi,Tokyo,2026-04-04,2026-09-18,Business,Mobile
S001650,U0333,Mumbai,Paris,2026-08-02,2026-11-12,First,Mobile
S001651,U0220,Delhi,Paris,2026-03-21,2026-07-27,Business,Mobile
S001652,U0398,Mumbai,Dubai,2026-04-04,2026-05-05,Business,Desktop
S001653,U0342,Bengaluru,Dubai,2026-03-21,2026-08-16,Business,Mobile
S001654,U0286,Delhi,Dubai,2026-02-07,2026-07-29,Business,Desktop
S001655,U0172,Mumbai,New York,2026-06-01,2026-11-20,Economy,Mobile
S001656,U0468,Delhi,London,2026-08-16,2026-08-26,Business,Desktop
S001657,U0236,Mumbai,New York,2026-08-15,2026-12-07,Business,Mobile
S001658,U0475,Mumbai,Dubai,2026-05-14,2026-08-10,Economy,Mobile
S001659,U0166,Delhi,Singapore,2026-07-15,2026-07-31,Business,Desktop
S001660,U0187,Mumbai,London,2026-07-29,2026-09-08,Business,Mobile
S001661,U0170,Delhi,Dubai,2026-05-14,2026-08-27,First,Desktop
S001662,U0052,Mumbai,New York,2026-01-26,2026-05-16,First,Mobile
S001663,U0319,Delhi,Tokyo,2026-04-11,2026-05-10,Economy,Mobile
S001664,U0189,Bengaluru,Dubai,2026-08-07,2026-10-17,Economy,Mobile
S001665,U0120,Delhi,Dubai,2026-06-18,2026-09-14,Economy,Desktop
S001666,U0105,Delhi,Paris,2026-03-16,2026-08-22,Economy,Mobile
S001667,U0162,Bengaluru,London,2026-02-07,2026-03-02,Business,Desktop
S001668,U0295,Mumbai,London,2026-07-27,2026-12-28,Economy,Mobile
S001669,U0041,Delhi,London,2026-03-24,2026-08-05,Business,Mobile
S001670,U0377,Bengaluru,London,2026-06-20,2026-11-26,Business,Mobile
S001671,U0364,Bengaluru,Dubai,2026-06-30,2026-12-23,Business,Mobile
S001672,U0165,Mumbai,New York,2026-05-23,2026-11-18,Economy,Mobile
S001673,U0321,Delhi,Singapore,2026-08-06,2026-09-12,Economy,Desktop
S001674,U0374,Mumbai,Singapore,2026-02-25,2026-05-07,Economy,Mobile
S001675,U0335,Delhi,Dubai,2026-04-15,2026-07-10,Economy,Mobile
S001676,U0160,Delhi,Paris,2026-07-03,2026-10-09,First,Tablet
S001677,U0264,Delhi,Paris,2026-01-31,2026-07-05,Business,Mobile
S001678,U0353,Delhi,Dubai,2026-07-30,2026-09-04,Economy,Mobile
S001679,U0018,Delhi,Tokyo,2026-07-04,2026-11-10,Business,Mobile
S001680,U0173,Mumbai,Dubai,2026-06-28,2026-11-12,Economy,Mobile
S001681,U0477,Hyderabad,Dubai,2026-06-01,2026-08-16,Business,Mobile
S001682,U0352,Mumbai,London,2026-02-27,2026-08-23,Economy,Mobile
S001683,U0033,Delhi,Dubai,2026-03-14,2026-04-18,Business,Mobile
S001684,U0261,Mumbai,London,2026-08-03,2026-08-12,Economy,Desktop
S001685,U0210,Delhi,Singapore,2026-05-12,2026-10-26,Economy,Desktop
S001686,U0496,Delhi,London,2026-01-10,2026-04-01,Economy,Desktop
S001687,U0383,Delhi,New York,2026-07-10,2026-08-30,Economy,Mobile
S001688,U0330,Delhi,New York,2026-03-14,2026-05-28,Business,Mobile
S001689,U0382,Delhi,Paris,2026-07-30,2027-01-12,Economy,Mobile
S001690,U0164,Delhi,London,2026-01-15,2026-05-12,Business,Mobile
S001691,U0481,Delhi,New York,2026-04-08,2026-07-07,Business,Mobile
S001692,U0407,Delhi,London,2026-08-22,2026-10-19,Business,Mobile
S001693,U0424,Bengaluru,London,2026-03-04,2026-07-04,Business,Mobile
S001694,U0005,Delhi,London,2026-01-19,2026-05-08,Economy,Desktop
S001695,U0034,Bengaluru,Dubai,2026-04-23,2026-10-14,Business,Mobile
S001696,U0280,Bengaluru,London,2026-03-04,2026-07-29,First,Tablet
S001697,U0145,Mumbai,Singapore,2026-04-26,2026-07-21,Business,Desktop
S001698,U0351,Delhi,Singapore,2026-07-03,2026-08-07,Business,Mobile
S001699,U0071,Delhi,Dubai,2026-01-21,2026-06-30,Business,Mobile
S001700,U0465,Mumbai,Dubai,2026-06-11,2026-09-27,Economy,Desktop
S001701,U0348,Delhi,Bangkok,2026-05-25,2026-07-29,Business,Desktop
S001702,U0230,Delhi,Tokyo,2026-05-26,2026-11-07,Business,Mobile
S001703,U0125,Delhi,London,2026-03-22,2026-04-09,Economy,Mobile
S001704,U0278,Delhi,New York,2026-03-07,2026-08-24,Business,Mobile
S001705,U0271,Delhi,Paris,2026-06-28,2026-07-14,Economy,Mobile
S001706,U0357,Mumbai,New York,2026-03-06,2026-07-24,Economy,Tablet
S001707,U0015,Delhi,London,2026-02-12,2026-07-03,Business,Mobile
S001708,U0242,Mumbai,Dubai,2026-02-26,2026-04-04,Business,Mobile
S001709,U0498,Mumbai,Dubai,2026-05-18,2026-08-23,Business,Mobile
S001710,U0153,Delhi,Bangkok,2026-02-06,2026-02-15,First,Desktop
S001711,U0053,Delhi,Singapore,2026-06-25,2026-10-13,Economy,Desktop
S001712,U0149,Mumbai,Singapore,2026-04-30,2026-09-09,Business,Desktop
S001713,U0358,Bengaluru,Dubai,2026-03-10,2026-03-17,Economy,Desktop
S001714,U0450,Mumbai,New York,2026-02-25,2026-08-23,Economy,Desktop
S001715,U0219,Delhi,Tokyo,2026-04-29,2026-09-17,Economy,Desktop
S001716,U0113,Delhi,Singapore,2026-07-23,2026-08-13,Business,Mobile
S001717,U0288,Delhi,Dubai,2026-06-13,2026-09-16,Economy,Mobile
S001718,U0277,Bengaluru,Dubai,2026-06-08,2026-11-19,Business,Desktop
S001719,U0452,Delhi,Singapore,2026-02-24,2026-07-02,Business,Mobile
S001720,U0428,Delhi,Dubai,2026-02-07,2026-06-09,Economy,Desktop
S001721,U0083,Mumbai,Dubai,2026-07-20,2026-08-31,Business,Mobile
S001722,U0450,Delhi,London,2026-08-24,2026-11-05,Economy,Desktop
S001723,U0218,Delhi,Singapore,2026-08-06,2026-12-23,Economy,Mobile
S001724,U0226,Delhi,Bangkok,2026-01-15,2026-02-15,Business,Mobile
S001725,U0270,Bengaluru,Dubai,2026-05-24,2026-06-10,Business,Desktop
S001726,U0015,Bengaluru,Dubai,2026-03-18,2026-05-29,Business,Mobile
S001727,U0404,Delhi,Dubai,2026-08-05,2027-01-14,Business,Desktop
S001728,U0290,Mumbai,London,2026-08-10,2026-10-15,Business,Mobile
S001729,U0420,Delhi,London,2026-02-22,2026-07-16,Business,Tablet
S001730,U0339,Delhi,Bangkok,2026-07-03,2026-08-28,Economy,Desktop
S001731,U0265,Mumbai,London,2026-01-07,2026-06-29,Economy,Mobile
S001732,U0199,Mumbai,New York,2026-07-04,2026-12-22,Economy,Desktop
S001733,U0158,Delhi,Paris,2026-02-24,2026-05-04,Economy,Mobile
S001734,U0333,Delhi,Singapore,2026-02-21,2026-05-30,Economy,Mobile
S001735,U0475,Mumbai,Dubai,2026-01-04,2026-02-17,First,Desktop
S001736,U0447,Hyderabad,Dubai,2026-02-12,2026-06-18,Business,Desktop
S001737,U0492,Hyderabad,Dubai,2026-02-09,2026-03-20,Business,Mobile
S001738,U0419,Mumbai,Dubai,2026-08-18,2026-11-07,Economy,Mobile
S001739,U0397,Mumbai,Singapore,2026-05-01,2026-06-21,Economy,Desktop
S001740,U0207,Hyderabad,Dubai,2026-01-30,2026-07-27,Economy,Mobile
S001741,U0174,Delhi,London,2026-05-18,2026-09-30,Business,Desktop
S001742,U0184,Delhi,Singapore,2026-08-10,2026-10-08,Economy,Desktop
S001743,U0265,Delhi,Dubai,2026-04-13,2026-09-27,Economy,Mobile
S001744,U0493,Mumbai,Singapore,2026-01-07,2026-03-21,Business,Mobile
S001745,U0471,Delhi,London,2026-06-13,2026-11-09,Business,Mobile
S001746,U0246,Delhi,Singapore,2026-06-12,2026-10-01,Economy,Desktop
S001747,U0036,Mumbai,Dubai,2026-08-04,2026-08-24,Business,Desktop
S001748,U0373,Mumbai,Singapore,2026-06-16,2026-11-20,Business,Desktop
S001749,U0488,Hyderabad,Dubai,2026-06-13,2026-10-21,Business,Mobile
S001750,U0259,Mumbai,Paris,2026-04-19,2026-08-23,Economy,Desktop
S001751,U0482,Delhi,Bangkok,2026-01-20,2026-06-11,Economy,Mobile
S001752,U0019,Mumbai,New York,2026-02-18,2026-04-01,Economy,Desktop
S001753,U0412,Delhi,London,2026-04-06,2026-08-18,First,Mobile
S001754,U0023,Delhi,Dubai,2026-02-28,2026-07-18,Economy,Desktop
S001755,U0104,Bengaluru,Dubai,2026-08-19,2026-11-30,First,Desktop
S001756,U0241,Mumbai,London,2026-06-26,2026-12-05,Economy,Mobile
S001757,U0493,Delhi,Dubai,2026-03-31,2026-09-19,Economy,Desktop
S001758,U0391,Bengaluru,London,2026-01-26,2026-07-09,Economy,Mobile
S001759,U0361,Mumbai,Dubai,2026-02-05,2026-05-03,Economy,Mobile
S001760,U0204,Mumbai,Dubai,2026-06-20,2026-09-07,Business,Mobile
S001761,U0253,Hyderabad,Dubai,2026-05-06,2026-07-22,Business,Desktop
S001762,U0142,Delhi,Bangkok,2026-08-15,2026-10-06,Business,Desktop
S001763,U0302,Delhi,Singapore,2026-02-12,2026-07-24,Business,Desktop
S001764,U0143,Hyderabad,Dubai,2026-04-09,2026-09-07,Business,Desktop
S001765,U0451,Bengaluru,London,2026-07-23,2027-01-17,First,Mobile
S001766,U0271,Delhi,Paris,2026-02-02,2026-04-09,Economy,Mobile
S001767,U0307,Delhi,London,2026-04-10,2026-06-15,Business,Mobile
S001768,U0472,Delhi,Dubai,2026-07-25,2026-08-05,Business,Desktop
S001769,U0500,Mumbai,New York,2026-04-07,2026-08-26,First,Tablet
S001770,U0110,Delhi,Tokyo,2026-08-26,2027-01-24,Business,Mobile
S001771,U0008,Mumbai,New York,2026-06-22,2026-08-26,First,Desktop
S001772,U0069,Delhi,Dubai,2026-02-14,2026-03-01,Business,Desktop
S001773,U0190,Delhi,Dubai,2026-03-29,2026-09-01,Economy,Mobile
S001774,U0179,Delhi,Bangkok,2026-05-23,2026-07-13,Economy,Mobile
S001775,U0063,Delhi,Dubai,2026-04-05,2026-06-30,Business,Desktop
S001776,U0068,Mumbai,Singapore,2026-01-17,2026-02-05,Business,Mobile
S001777,U0206,Delhi,London,2026-05-20,2026-08-17,Economy,Desktop
S001778,U0400,Delhi,London,2026-01-22,2026-02-09,Economy,Mobile
S001779,U0468,Bengaluru,London,2026-05-31,2026-11-17,Economy,Mobile
S001780,U0408,Bengaluru,London,2026-03-31,2026-04-16,Business,Mobile
S001781,U0006,Mumbai,London,2026-03-19,2026-04-10,Economy,Desktop
S001782,U0119,Mumbai,Dubai,2026-05-20,2026-08-26,Business,Mobile
S001783,U0313,Mumbai,Paris,2026-04-24,2026-05-19,Economy,Desktop
S001784,U0031,Mumbai,Dubai,2026-03-09,2026-06-27,Economy,Mobile
S001785,U0006,Delhi,New York,2026-04-20,2026-09-07,First,Mobile
S001786,U0483,Hyderabad,Dubai,2026-06-28,2026-11-13,Economy,Desktop
S001787,U0207,Delhi,Dubai,2026-05-05,2026-10-16,Economy,Mobile
S001788,U0157,Bengaluru,Dubai,2026-05-21,2026-09-07,Economy,Desktop
S001789,U0067,Delhi,Dubai,2026-02-26,2026-06-07,Economy,Mobile
S001790,U0459,Delhi,New York,2026-02-24,2026-08-23,Business,Desktop
S001791,U0387,Mumbai,London,2026-03-23,2026-04-25,Economy,Desktop
S001792,U0412,Hyderabad,Dubai,2026-04-17,2026-10-13,Business,Desktop
S001793,U0330,Mumbai,Dubai,2026-06-05,2026-07-18,Economy,Mobile
S001794,U0370,Delhi,Singapore,2026-04-12,2026-09-02,Business,Desktop
S001795,U0353,Hyderabad,Dubai,2026-08-21,2026-10-27,Business,Mobile
S001796,U0432,Mumbai,Singapore,2026-06-21,2026-08-01,First,Mobile
S001797,U0336,Mumbai,Singapore,2026-05-27,2026-09-16,First,Mobile
S001798,U0379,Mumbai,Dubai,2026-06-23,2026-08-15,Economy,Mobile
S001799,U0394,Bengaluru,London,2026-04-21,2026-09-23,Economy,Desktop
S001800,U0289,Delhi,London,2026-04-17,2026-09-15,Business,Desktop
S001801,U0484,Delhi,London,2026-04-12,2026-06-12,Economy,Mobile
S001802,U0451,Delhi,New York,2026-08-26,2026-11-28,Economy,Desktop
S001803,U0453,Mumbai,London,2026-01-03,2026-04-14,Economy,Mobile
S001804,U0140,Bengaluru,Dubai,2026-07-30,2026-08-11,Economy,Desktop
S001805,U0441,Delhi,Tokyo,2026-05-28,2026-10-02,Business,Desktop
S001806,U0300,Delhi,Paris,2026-01-25,2026-07-13,Economy,Desktop
S001807,U0013,Mumbai,Paris,2026-03-16,2026-05-11,Economy,Mobile
S001808,U0152,Bengaluru,London,2026-07-03,2026-12-21,Business,Desktop
S001809,U0428,Delhi,Dubai,2026-07-28,2026-08-16,Economy,Mobile
S001810,U0313,Delhi,Paris,2026-03-02,2026-04-02,First,Desktop
S001811,U0352,Mumbai,Dubai,2026-05-03,2026-09-09,Economy,Mobile
S001812,U0400,Mumbai,London,2026-02-24,2026-07-09,Business,Desktop
S001813,U0480,Mumbai,Paris,2026-06-12,2026-08-06,Economy,Mobile
S001814,U0109,Mumbai,Singapore,2026-07-25,2026-11-30,Economy,Desktop
S001815,U0485,Delhi,Bangkok,2026-07-06,2026-08-16,Economy,Desktop
S001816,U0376,Mumbai,Dubai,2026-02-08,2026-05-08,Economy,Desktop
S001817,U0356,Mumbai,New York,2026-07-04,2026-09-01,Business,Desktop
S001818,U0149,Delhi,London,2026-03-24,2026-06-14,Business,Desktop
S001819,U0367,Mumbai,New York,2026-07-14,2026-11-01,Economy,Desktop
S001820,U0204,Delhi,Paris,2026-02-03,2026-03-28,Economy,Mobile
S001821,U0307,Delhi,New York,2026-04-23,2026-06-11,Economy,Desktop
S001822,U0021,Mumbai,Dubai,2026-06-18,2026-11-19,Economy,Mobile
S001823,U0060,Delhi,London,2026-05-30,2026-11-13,Economy,Desktop
S001824,U0435,Delhi,Dubai,2026-08-18,2026-11-25,First,Desktop
S001825,U0021,Mumbai,New York,2026-01-27,2026-06-26,Economy,Mobile
S001826,U0363,Bengaluru,Dubai,2026-05-29,2026-08-21,Business,Desktop
S001827,U0382,Delhi,Dubai,2026-06-18,2026-07-01,Business,Desktop
S001828,U0245,Delhi,Paris,2026-01-31,2026-04-17,Business,Mobile
S001829,U0390,Delhi,Bangkok,2026-06-04,2026-11-06,Economy,Mobile
S001830,U0073,Mumbai,Singapore,2026-06-14,2026-07-26,Business,Mobile
S001831,U0449,Bengaluru,London,2026-07-13,2026-10-31,Business,Tablet
S001832,U0076,Mumbai,Paris,2026-07-01,2026-08-30,Economy,Mobile
S001833,U0186,Mumbai,Dubai,2026-08-27,2027-01-27,Economy,Desktop
S001834,U0078,Mumbai,Dubai,2026-05-17,2026-06-17,First,Mobile
S001835,U0390,Delhi,London,2026-03-24,2026-06-05,Business,Mobile
S001836,U0065,Hyderabad,Dubai,2026-06-19,2026-10-12,Economy,Desktop
S001837,U0342,Bengaluru,Dubai,2026-06-13,2026-08-06,Business,Mobile
S001838,U0290,Delhi,Paris,2026-01-10,2026-07-05,Economy,Tablet
S001839,U0056,Delhi,London,2026-07-06,2026-10-11,Economy,Mobile
S001840,U0331,Delhi,Singapore,2026-02-09,2026-08-04,Economy,Mobile
S001841,U0259,Delhi,Dubai,2026-02-23,2026-03-03,Economy,Mobile
S001842,U0426,Delhi,London,2026-08-25,2027-01-12,Business,Tablet
S001843,U0190,Mumbai,New York,2026-06-16,2026-10-27,Business,Mobile
S001844,U0006,Hyderabad,Dubai,2026-05-15,2026-07-06,Business,Mobile
S001845,U0006,Delhi,Tokyo,2026-01-04,2026-04-26,Economy,Mobile
S001846,U0191,Bengaluru,London,2026-05-23,2026-07-08,Business,Mobile
S001847,U0148,Delhi,London,2026-07-23,2026-09-25,Economy,Desktop
S001848,U0405,Mumbai,Dubai,2026-06-25,2026-09-17,Economy,Desktop
S001849,U0258,Mumbai,London,2026-01-06,2026-02-14,Business,Mobile
S001850,U0218,Delhi,Paris,2026-03-14,2026-05-21,Economy,Mobile
S001851,U0479,Mumbai,Paris,2026-06-12,2026-06-30,Economy,Desktop
S001852,U0090,Mumbai,London,2026-07-19,2026-11-28,Economy,Mobile
S001853,U0312,Delhi,Singapore,2026-07-18,2026-09-11,Economy,Mobile
S001854,U0352,Delhi,London,2026-07-15,2026-10-17,Business,Mobile
S001855,U0010,Mumbai,Dubai,2026-02-27,2026-05-22,First,Mobile
S001856,U0087,Delhi,Singapore,2026-03-18,2026-03-29,Business,Mobile
S001857,U0250,Delhi,Dubai,2026-01-19,2026-04-04,Business,Mobile
S001858,U0326,Delhi,Singapore,2026-03-03,2026-06-28,Business,Mobile
S001859,U0151,Delhi,Bangkok,2026-03-12,2026-08-25,Business,Mobile
S001860,U0476,Delhi,New York,2026-05-18,2026-07-23,Economy,Desktop
S001861,U0113,Delhi,London,2026-01-25,2026-03-18,First,Tablet
S001862,U0030,Delhi,Dubai,2026-06-21,2026-12-13,Economy,Tablet
S001863,U0128,Mumbai,Singapore,2026-08-15,2026-09-03,First,Desktop
S001864,U0078,Mumbai,London,2026-05-07,2026-08-29,Economy,Mobile
S001865,U0421,Mumbai,London,2026-02-27,2026-06-25,Business,Mobile
S001866,U0055,Mumbai,Singapore,2026-06-02,2026-09-16,Business,Desktop
S001867,U0480,Delhi,New York,2026-08-09,2027-01-08,First,Mobile
S001868,U0305,Mumbai,Paris,2026-04-30,2026-08-27,Business,Mobile
S001869,U0034,Mumbai,London,2026-07-23,2026-11-03,Economy,Mobile
S001870,U0105,Mumbai,Paris,2026-04-21,2026-06-17,Business,Mobile
S001871,U0172,Mumbai,London,2026-06-17,2026-10-19,Economy,Desktop
S001872,U0499,Delhi,London,2026-03-17,2026-04-28,Economy,Desktop
S001873,U0022,Delhi,New York,2026-03-11,2026-06-06,Economy,Desktop
S001874,U0287,Delhi,New York,2026-05-18,2026-09-04,Economy,Desktop
S001875,U0391,Bengaluru,Dubai,2026-03-07,2026-04-16,Business,Mobile
S001876,U0105,Delhi,Paris,2026-04-30,2026-09-23,Business,Desktop
S001877,U0149,Bengaluru,Dubai,2026-08-25,2027-01-11,Business,Mobile
S001878,U0272,Delhi,Tokyo,2026-06-02,2026-07-26,Economy,Desktop
S001879,U0276,Mumbai,New York,2026-07-18,2026-11-05,Economy,Mobile
S001880,U0299,Mumbai,Singapore,2026-08-20,2026-11-25,Economy,Desktop
S001881,U0172,Delhi,New York,2026-03-28,2026-08-05,Economy,Tablet
S001882,U0047,Hyderabad,Dubai,2026-08-28,2026-10-13,Economy,Mobile
S001883,U0114,Mumbai,Paris,2026-05-19,2026-10-13,Economy,Mobile
S001884,U0275,Delhi,Dubai,2026-05-02,2026-06-03,Business,Mobile
S001885,U0304,Mumbai,Paris,2026-06-13,2026-11-08,Business,Mobile
S001886,U0480,Delhi,Dubai,2026-02-18,2026-05-31,Business,Mobile
S001887,U0207,Delhi,Singapore,2026-02-17,2026-07-12,Economy,Desktop
S001888,U0453,Mumbai,Dubai,2026-04-25,2026-10-14,Business,Mobile
S001889,U0395,Bengaluru,London,2026-03-28,2026-06-22,Business,Mobile
S001890,U0463,Delhi,Tokyo,2026-08-23,2026-10-25,Economy,Desktop
S001891,U0413,Mumbai,Dubai,2026-01-07,2026-06-12,Economy,Mobile
S001892,U0242,Delhi,London,2026-08-07,2026-12-02,Economy,Mobile
S001893,U0301,Mumbai,Dubai,2026-03-18,2026-08-15,Economy,Desktop
S001894,U0196,Bengaluru,London,2026-06-28,2026-09-18,Economy,Desktop
S001895,U0497,Mumbai,London,2026-05-25,2026-06-29,Economy,Mobile
S001896,U0164,Mumbai,Dubai,2026-06-09,2026-10-23,Economy,Mobile
S001897,U0176,Delhi,Dubai,2026-06-03,2026-06-11,Economy,Mobile
S001898,U0343,Mumbai,Singapore,2026-05-01,2026-05-10,Business,Mobile
S001899,U0271,Mumbai,Dubai,2026-05-04,2026-07-21,Economy,Mobile
S001900,U0110,Delhi,Paris,2026-05-30,2026-06-16,Business,Desktop
S001901,U0172,Delhi,London,2026-05-21,2026-11-03,Economy,Desktop
S001902,U0451,Bengaluru,London,2026-05-05,2026-05-15,Economy,Mobile
S001903,U0352,Mumbai,Dubai,2026-01-12,2026-06-04,Business,Desktop
S001904,U0202,Mumbai,Singapore,2026-03-12,2026-06-14,Business,Mobile
S001905,U0168,Mumbai,Dubai,2026-01-01,2026-04-30,Economy,Mobile
S001906,U0102,Delhi,Paris,2026-06-10,2026-07-02,Business,Desktop
S001907,U0086,Bengaluru,Dubai,2026-04-29,2026-07-30,Business,Desktop
S001908,U0142,Bengaluru,Dubai,2026-05-22,2026-06-07,Economy,Mobile
S001909,U0447,Delhi,New York,2026-04-21,2026-10-08,Economy,Mobile
S001910,U0337,Delhi,Singapore,2026-03-05,2026-04-04,Business,Desktop
S001911,U0213,Mumbai,Paris,2026-02-12,2026-04-23,Economy,Mobile
S001912,U0051,Bengaluru,London,2026-07-05,2026-09-05,Economy,Mobile
S001913,U0112,Delhi,Dubai,2026-02-10,2026-05-16,Economy,Mobile
S001914,U0463,Delhi,Bangkok,2026-07-28,2026-08-25,Business,Desktop
S001915,U0442,Delhi,Singapore,2026-07-15,2026-09-09,Business,Mobile
S001916,U0271,Delhi,Dubai,2026-04-25,2026-06-17,Business,Tablet
S001917,U0065,Mumbai,Dubai,2026-02-08,2026-03-09,Business,Mobile
S001918,U0344,Mumbai,Dubai,2026-01-01,2026-03-31,First,Mobile
S001919,U0183,Mumbai,Singapore,2026-02-10,2026-03-07,Business,Desktop
S001920,U0332,Mumbai,Dubai,2026-06-22,2026-12-07,Business,Mobile
S001921,U0010,Delhi,Dubai,2026-03-29,2026-05-03,First,Mobile
S001922,U0494,Delhi,Dubai,2026-08-14,2026-10-20,Economy,Mobile
S001923,U0234,Delhi,New York,2026-04-08,2026-07-08,Business,Mobile
S001924,U0298,Delhi,Paris,2026-03-29,2026-05-09,Business,Desktop
S001925,U0244,Mumbai,London,2026-03-20,2026-03-31,Business,Mobile
S001926,U0351,Delhi,London,2026-07-28,2026-10-18,Business,Desktop
S001927,U0267,Delhi,Dubai,2026-05-21,2026-06-03,Business,Desktop
S001928,U0118,Bengaluru,Dubai,2026-03-12,2026-09-03,First,Mobile
S001929,U0144,Mumbai,Singapore,2026-05-17,2026-09-30,Business,Mobile
S001930,U0381,Delhi,Singapore,2026-08-24,2027-01-15,Economy,Mobile
S001931,U0201,Delhi,London,2026-07-10,2026-10-26,Economy,Mobile
S001932,U0239,Delhi,Paris,2026-04-09,2026-05-29,Business,Desktop
S001933,U0334,Mumbai,Singapore,2026-05-31,2026-08-15,Economy,Mobile
S001934,U0403,Delhi,Dubai,2026-07-01,2026-10-06,Economy,Desktop
S001935,U0415,Delhi,Dubai,2026-06-24,2026-12-10,Economy,Mobile
S001936,U0457,Mumbai,London,2026-06-16,2026-08-23,Business,Mobile
S001937,U0484,Delhi,Bangkok,2026-03-28,2026-04-23,Economy,Mobile
S001938,U0437,Delhi,Bangkok,2026-06-03,2026-11-19,Business,Mobile
S001939,U0487,Mumbai,New York,2026-01-01,2026-06-21,Business,Desktop
S001940,U0246,Delhi,Paris,2026-05-22,2026-08-08,Economy,Desktop
S001941,U0346,Delhi,Dubai,2026-08-12,2026-12-16,Economy,Mobile
S001942,U0008,Delhi,New York,2026-04-22,2026-08-01,Business,Desktop
S001943,U0152,Bengaluru,London,2026-03-15,2026-07-26,Business,Desktop
S001944,U0392,Delhi,Dubai,2026-03-06,2026-07-03,Economy,Desktop
S001945,U0211,Delhi,Tokyo,2026-03-10,2026-07-01,Economy,Desktop
S001946,U0367,Delhi,Dubai,2026-03-08,2026-06-02,Economy,Desktop
S001947,U0432,Mumbai,London,2026-06-26,2026-07-30,Economy,Mobile
S001948,U0158,Mumbai,New York,2026-02-19,2026-08-04,Economy,Mobile
S001949,U0058,Mumbai,New York,2026-02-27,2026-07-22,Economy,Mobile
S001950,U0086,Bengaluru,London,2026-02-22,2026-08-17,Business,Desktop
S001951,U0055,Delhi,Dubai,2026-04-01,2026-09-05,First,Desktop
S001952,U0201,Delhi,Bangkok,2026-04-25,2026-05-31,Business,Desktop
S001953,U0122,Mumbai,Singapore,2026-04-28,2026-05-13,First,Desktop
S001954,U0446,Mumbai,Singapore,2026-02-26,2026-05-02,Business,Mobile
S001955,U0108,Hyderabad,Dubai,2026-03-27,2026-09-05,Business,Desktop
S001956,U0304,Delhi,Paris,2026-01-18,2026-04-13,Economy,Desktop
S001957,U0132,Delhi,Dubai,2026-01-16,2026-05-05,Economy,Desktop
S001958,U0421,Delhi,Paris,2026-05-10,2026-09-07,Business,Desktop
S001959,U0392,Delhi,London,2026-08-27,2027-02-10,Business,Mobile
S001960,U0385,Delhi,London,2026-01-13,2026-03-07,Economy,Mobile
S001961,U0476,Delhi,Singapore,2026-06-22,2026-10-04,Economy,Tablet
S001962,U0198,Hyderabad,Dubai,2026-03-21,2026-08-24,Business,Mobile
S001963,U0047,Delhi,Dubai,2026-07-19,2026-12-29,Economy,Mobile
S001964,U0228,Bengaluru,London,2026-02-12,2026-07-30,Economy,Mobile
S001965,U0245,Delhi,Dubai,2026-07-19,2026-09-05,Business,Mobile
S001966,U0203,Delhi,Paris,2026-02-23,2026-04-17,Economy,Desktop
S001967,U0261,Mumbai,Singapore,2026-07-21,2026-10-09,Business,Desktop
S001968,U0178,Bengaluru,London,2026-08-13,2026-10-09,Business,Desktop
S001969,U0024,Delhi,Dubai,2026-06-08,2026-12-04,Business,Mobile
S001970,U0175,Delhi,Paris,2026-07-23,2026-10-31,Economy,Desktop
S001971,U0274,Hyderabad,Dubai,2026-05-17,2026-09-20,Economy,Desktop
S001972,U0340,Bengaluru,London,2026-08-17,2026-11-06,Economy,Tablet
S001973,U0412,Mumbai,Singapore,2026-03-14,2026-08-29,Business,Tablet
S001974,U0461,Bengaluru,Dubai,2026-02-17,2026-07-22,Economy,Desktop
S001975,U0261,Delhi,London,2026-01-18,2026-05-27,Economy,Mobile
S001976,U0286,Delhi,Paris,2026-08-10,2027-01-04,Economy,Mobile
S001977,U0001,Delhi,Tokyo,2026-08-12,2027-01-18,Economy,Desktop
S001978,U0086,Delhi,London,2026-08-20,2026-12-26,Economy,Desktop
S001979,U0338,Delhi,Singapore,2026-08-03,2026-08-30,Business,Desktop
S001980,U0430,Delhi,Dubai,2026-01-11,2026-01-18,Economy,Mobile
S001981,U0069,Delhi,New York,2026-07-09,2026-09-22,Economy,Desktop
S001982,U0031,Mumbai,New York,2026-03-25,2026-06-25,Economy,Mobile
S001983,U0198,Mumbai,Dubai,2026-01-19,2026-04-06,Business,Mobile
S001984,U0091,Delhi,Singapore,2026-04-10,2026-04-29,Economy,Mobile
S001985,U0440,Mumbai,Dubai,2026-04-26,2026-05-25,Business,Desktop
S001986,U0473,Mumbai,London,2026-03-31,2026-09-02,Business,Mobile
S001987,U0349,Delhi,Dubai,2026-03-15,2026-03-27,Business,Desktop
S001988,U0383,Delhi,Tokyo,2026-01-24,2026-06-27,Economy,Mobile
S001989,U0412,Delhi,London,2026-01-13,2026-04-05,First,Desktop
S001990,U0016,Delhi,Tokyo,2026-05-05,2026-10-26,Business,Desktop
S001991,U0310,Delhi,New York,2026-04-26,2026-05-11,Business,Desktop
S001992,U0437,Mumbai,London,2026-06-23,2026-07-27,Economy,Mobile
S001993,U0396,Delhi,Paris,2026-06-30,2026-11-22,Business,Mobile
S001994,U0276,Mumbai,Singapore,2026-08-14,2026-12-14,Business,Desktop
S001995,U0338,Mumbai,Singapore,2026-06-06,2026-09-16,Economy,Mobile
S001996,U0162,Delhi,Dubai,2026-06-13,2026-09-02,Economy,Mobile
S001997,U0437,Mumbai,London,2026-03-12,2026-06-14,Business,Mobile
S001998,U0192,Mumbai,Dubai,2026-08-10,2026-10-11,Economy,Desktop
S001999,U0151,Delhi,London,2026-05-06,2026-08-25,Business,Mobile
S002000,U0365,Mumbai,London,2026-05-25,2026-07-05,Economy,Mobile
S002001,U0411,Delhi,London,2026-06-25,2026-07-26,Economy,Desktop
S002002,U0113,Mumbai,Dubai,2026-07-24,2026-11-20,Business,Mobile
S002003,U0273,Delhi,London,2026-06-01,2026-09-14,Economy,Mobile
S002004,U0176,Delhi,Dubai,2026-07-01,2026-12-01,First,Mobile
S002005,U0149,Delhi,Dubai,2026-04-29,2026-06-05,Business,Desktop
S002006,U0178,Hyderabad,Dubai,2026-08-11,2026-11-06,Business,Mobile
S002007,U0424,Delhi,London,2026-04-01,2026-05-27,Business,Desktop
S002008,U0382,Mumbai,New York,2026-03-26,2026-06-27,Business,Desktop
S002009,U0223,Delhi,Dubai,2026-04-18,2026-06-10,Economy,Mobile
S002010,U0259,Bengaluru,Dubai,2026-05-07,2026-05-14,Business,Desktop
S002011,U0273,Delhi,London,2026-05-01,2026-09-09,Economy,Mobile
S002012,U0189,Bengaluru,Dubai,2026-05-09,2026-09-30,Economy,Mobile
S002013,U0306,Mumbai,New York,2026-07-26,2026-12-15,Business,Desktop
S002014,U0378,Delhi,London,2026-07-14,2026-11-03,Business,Desktop
S002015,U0090,Delhi,Tokyo,2026-01-06,2026-05-17,Economy,Mobile
S002016,U0343,Mumbai,Singapore,2026-03-19,2026-08-26,Economy,Mobile
S002017,U0262,Mumbai,Dubai,2026-07-02,2026-12-17,Business,Mobile
S002018,U0156,Delhi,Paris,2026-02-07,2026-03-04,Economy,Mobile
S002019,U0200,Bengaluru,Dubai,2026-06-10,2026-08-27,Business,Desktop
S002020,U0055,Mumbai,Singapore,2026-04-26,2026-09-08,Business,Desktop
S002021,U0254,Mumbai,London,2026-04-12,2026-09-18,Economy,Mobile
S002022,U0442,Mumbai,Paris,2026-01-08,2026-02-07,Economy,Mobile
S002023,U0173,Bengaluru,London,2026-08-06,2026-11-04,Business,Mobile
S002024,U0200,Delhi,Tokyo,2026-07-26,2026-11-29,Economy,Mobile
S002025,U0403,Bengaluru,London,2026-03-19,2026-06-02,Economy,Mobile
S002026,U0102,Mumbai,Dubai,2026-04-22,2026-10-05,Economy,Mobile
S002027,U0285,Bengaluru,Dubai,2026-05-28,2026-10-26,Economy,Mobile
S002028,U0151,Delhi,Dubai,2026-02-24,2026-06-16,Economy,Mobile
S002029,U0111,Mumbai,Dubai,2026-02-17,2026-05-03,Business,Desktop
S002030,U0416,Mumbai,Singapore,2026-07-30,2026-08-16,Business,Mobile
S002031,U0266,Delhi,New York,2026-07-03,2026-12-22,Business,Tablet
S002032,U0091,Delhi,London,2026-08-13,2027-01-13,Business,Desktop
S002033,U0177,Mumbai,Paris,2026-08-16,2026-12-03,Economy,Tablet
S002034,U0449,Mumbai,London,2026-03-29,2026-08-27,Economy,Desktop
S002035,U0231,Delhi,Singapore,2026-01-10,2026-01-29,Business,Desktop
S002036,U0029,Mumbai,Paris,2026-02-21,2026-02-28,Business,Desktop
S002037,U0443,Mumbai,London,2026-06-27,2026-07-05,Business,Mobile
S002038,U0301,Delhi,London,2026-02-03,2026-05-29,Business,Desktop
S002039,U0195,Delhi,Dubai,2026-06-13,2026-11-10,Business,Desktop
S002040,U0307,Bengaluru,Dubai,2026-08-27,2026-09-06,Economy,Mobile
S002041,U0239,Delhi,London,2026-03-02,2026-05-04,Business,Desktop
S002042,U0357,Mumbai,London,2026-08-16,2026-12-13,Business,Mobile
S002043,U0479,Mumbai,Singapore,2026-05-24,2026-06-22,First,Mobile
S002044,U0384,Mumbai,Singapore,2026-03-20,2026-07-28,Business,Mobile
S002045,U0267,Delhi,London,2026-01-18,2026-05-21,Business,Desktop
S002046,U0214,Mumbai,Singapore,2026-03-12,2026-07-26,Economy,Desktop
S002047,U0082,Mumbai,London,2026-06-24,2026-09-25,Business,Desktop
S002048,U0128,Hyderabad,Dubai,2026-03-27,2026-09-03,First,Desktop
S002049,U0483,Delhi,Dubai,2026-02-01,2026-06-12,Business,Mobile
S002050,U0262,Mumbai,London,2026-02-12,2026-06-09,Business,Desktop
S002051,U0067,Delhi,Singapore,2026-03-24,2026-04-06,Economy,Mobile
S002052,U0062,Delhi,Singapore,2026-06-17,2026-08-06,Business,Desktop
S002053,U0133,Bengaluru,London,2026-07-12,2026-12-26,Business,Mobile
S002054,U0137,Mumbai,Dubai,2026-06-12,2026-10-09,Business,Mobile
S002055,U0028,Mumbai,Dubai,2026-03-10,2026-08-27,Economy,Desktop
S002056,U0211,Delhi,Paris,2026-02-19,2026-03-01,Business,Desktop
S002057,U0476,Mumbai,Singapore,2026-01-12,2026-05-16,Economy,Mobile
S002058,U0475,Delhi,Singapore,2026-07-23,2026-08-21,Business,Desktop
S002059,U0205,Delhi,Dubai,2026-03-26,2026-09-01,Economy,Mobile
S002060,U0253,Delhi,Dubai,2026-05-03,2026-08-07,Business,Mobile
S002061,U0038,Delhi,London,2026-02-27,2026-06-05,Economy,Desktop
S002062,U0043,Delhi,London,2026-03-24,2026-09-01,Economy,Mobile
S002063,U0117,Delhi,New York,2026-07-10,2026-09-05,Business,Desktop
S002064,U0405,Delhi,Tokyo,2026-07-20,2026-11-18,Economy,Mobile
S002065,U0475,Mumbai,Dubai,2026-08-23,2026-11-18,Business,Mobile
S002066,U0190,Mumbai,London,2026-06-26,2026-10-13,First,Mobile
S002067,U0046,Delhi,Dubai,2026-04-22,2026-07-17,First,Mobile
S002068,U0454,Mumbai,London,2026-05-08,2026-10-12,Economy,Mobile
S002069,U0166,Delhi,London,2026-02-05,2026-05-25,Business,Desktop
S002070,U0305,Bengaluru,Dubai,2026-08-22,2026-09-06,Economy,Tablet
S002071,U0203,Bengaluru,London,2026-02-23,2026-04-03,Business,Desktop
S002072,U0495,Hyderabad,Dubai,2026-02-16,2026-03-29,Business,Desktop
S002073,U0233,Delhi,Tokyo,2026-04-25,2026-06-20,Economy,Mobile
S002074,U0245,Mumbai,Singapore,2026-06-09,2026-07-09,Economy,Mobile
S002075,U0209,Mumbai,Singapore,2026-08-15,2027-01-20,Economy,Mobile
S002076,U0248,Delhi,Dubai,2026-08-11,2027-01-11,Business,Mobile
S002077,U0295,Delhi,Singapore,2026-05-04,2026-06-18,Economy,Desktop
S002078,U0327,Delhi,Tokyo,2026-06-30,2026-07-31,Business,Mobile
S002079,U0383,Delhi,London,2026-06-09,2026-11-15,Business,Mobile
S002080,U0158,Delhi,Bangkok,2026-07-09,2026-12-17,First,Mobile
S002081,U0405,Mumbai,London,2026-06-14,2026-07-22,First,Mobile
S002082,U0001,Delhi,Tokyo,2026-04-06,2026-08-29,Economy,Mobile
S002083,U0217,Bengaluru,Dubai,2026-04-17,2026-08-09,Business,Desktop
S002084,U0416,Bengaluru,London,2026-04-30,2026-06-08,Business,Mobile
S002085,U0249,Bengaluru,London,2026-04-11,2026-09-11,Business,Desktop
S002086,U0392,Delhi,Singapore,2026-04-13,2026-08-04,Economy,Mobile
S002087,U0069,Delhi,Bangkok,2026-06-15,2026-10-10,Economy,Desktop
S002088,U0030,Hyderabad,Dubai,2026-06-07,2026-10-12,Economy,Desktop
S002089,U0115,Mumbai,Paris,2026-07-05,2026-07-27,Economy,Desktop
S002090,U0008,Mumbai,New York,2026-02-01,2026-02-18,Economy,Mobile
S002091,U0369,Mumbai,New York,2026-08-25,2026-12-07,Economy,Mobile
S002092,U0275,Delhi,Bangkok,2026-03-07,2026-07-07,Business,Tablet
S002093,U0492,Delhi,New York,2026-06-28,2026-07-29,Economy,Mobile
S002094,U0315,Mumbai,Paris,2026-01-11,2026-04-20,Business,Mobile
S002095,U0439,Mumbai,Singapore,2026-07-06,2026-10-31,Economy,Mobile
S002096,U0414,Delhi,London,2026-05-28,2026-09-07,Business,Desktop
S002097,U0335,Mumbai,London,2026-02-06,2026-07-24,First,Mobile
S002098,U0036,Delhi,Singapore,2026-07-20,2026-08-07,Business,Desktop
S002099,U0311,Delhi,Dubai,2026-04-12,2026-05-09,Business,Desktop
S002100,U0044,Delhi,Dubai,2026-02-18,2026-07-01,Economy,Mobile
S002101,U0155,Mumbai,Singapore,2026-01-19,2026-02-23,Business,Mobile
S002102,U0077,Delhi,London,2026-07-02,2026-11-06,Economy,Mobile
S002103,U0078,Mumbai,Dubai,2026-06-17,2026-10-25,Economy,Mobile
S002104,U0101,Delhi,Paris,2026-01-07,2026-06-13,Economy,Mobile
S002105,U0438,Hyderabad,Dubai,2026-05-13,2026-06-21,Business,Mobile
S002106,U0432,Delhi,Paris,2026-08-27,2027-01-16,Economy,Desktop
S002107,U0030,Hyderabad,Dubai,2026-02-11,2026-08-06,Business,Desktop
S002108,U0039,Bengaluru,London,2026-03-29,2026-06-20,Economy,Mobile
S002109,U0239,Mumbai,Dubai,2026-06-25,2026-08-11,Business,Desktop
S002110,U0013,Bengaluru,London,2026-08-21,2026-11-09,Business,Desktop
S002111,U0122,Bengaluru,London,2026-05-15,2026-07-23,Economy,Mobile
S002112,U0144,Mumbai,London,2026-01-11,2026-01-31,Economy,Mobile
S002113,U0172,Delhi,London,2026-07-20,2026-10-09,Business,Desktop
S002114,U0455,Bengaluru,London,2026-06-26,2026-12-23,Economy,Desktop
S002115,U0368,Delhi,London,2026-06-07,2026-08-19,Business,Desktop
S002116,U0247,Mumbai,New York,2026-02-10,2026-05-20,Business,Mobile
S002117,U0247,Delhi,Dubai,2026-01-03,2026-03-03,Economy,Desktop
S002118,U0411,Delhi,New York,2026-08-02,2026-11-10,Economy,Desktop
S002119,U0045,Mumbai,Singapore,2026-02-09,2026-06-08,Economy,Mobile
S002120,U0253,Delhi,London,2026-02-20,2026-07-11,Economy,Desktop
S002121,U0375,Mumbai,London,2026-07-31,2026-08-17,Economy,Mobile
S002122,U0291,Mumbai,New York,2026-02-01,2026-03-04,Economy,Mobile
S002123,U0207,Delhi,Bangkok,2026-02-17,2026-07-28,Economy,Mobile
S002124,U0412,Delhi,Tokyo,2026-03-12,2026-06-09,Economy,Desktop
S002125,U0483,Mumbai,Singapore,2026-07-18,2026-10-25,First,Desktop
S002126,U0007,Delhi,Paris,2026-05-28,2026-10-20,Business,Desktop
S002127,U0446,Mumbai,London,2026-03-30,2026-05-30,Business,Desktop
S002128,U0242,Mumbai,London,2026-04-19,2026-05-14,Economy,Mobile
S002129,U0110,Delhi,Dubai,2026-02-04,2026-05-13,Economy,Desktop
S002130,U0114,Delhi,New York,2026-04-18,2026-10-08,Business,Desktop
S002131,U0307,Mumbai,London,2026-06-01,2026-09-05,Business,Tablet
S002132,U0302,Delhi,London,2026-02-09,2026-02-26,Economy,Mobile
S002133,U0276,Bengaluru,London,2026-07-24,2026-12-19,Economy,Tablet
S002134,U0096,Bengaluru,London,2026-02-21,2026-04-28,Business,Mobile
S002135,U0294,Mumbai,London,2026-04-22,2026-10-09,Business,Desktop
S002136,U0189,Delhi,London,2026-02-08,2026-03-27,Economy,Desktop
S002137,U0360,Delhi,Singapore,2026-03-09,2026-07-23,Business,Desktop
S002138,U0288,Delhi,Singapore,2026-07-08,2026-10-29,Business,Mobile
S002139,U0154,Bengaluru,London,2026-03-17,2026-05-22,First,Mobile
S002140,U0058,Mumbai,London,2026-07-28,2026-12-29,Business,Mobile
S002141,U0423,Bengaluru,London,2026-03-06,2026-04-03,Economy,Desktop
S002142,U0404,Delhi,Tokyo,2026-03-03,2026-07-15,Business,Desktop
S002143,U0338,Mumbai,Dubai,2026-07-28,2026-12-07,Business,Desktop
S002144,U0050,Hyderabad,Dubai,2026-01-02,2026-04-21,Business,Mobile
S002145,U0207,Mumbai,London,2026-05-14,2026-09-29,Business,Mobile
S002146,U0052,Mumbai,Dubai,2026-08-24,2026-12-18,Business,Mobile
S002147,U0342,Delhi,Singapore,2026-05-02,2026-07-05,Economy,Mobile
S002148,U0371,Delhi,London,2026-03-16,2026-05-26,Economy,Desktop
S002149,U0150,Delhi,Dubai,2026-06-20,2026-08-23,Business,Desktop
S002150,U0053,Delhi,Singapore,2026-07-29,2027-01-09,Economy,Tablet
S002151,U0213,Delhi,Paris,2026-02-09,2026-05-02,Economy,Mobile
S002152,U0066,Delhi,Tokyo,2026-03-30,2026-04-24,Economy,Mobile
S002153,U0232,Bengaluru,London,2026-06-16,2026-10-28,Business,Mobile
S002154,U0373,Delhi,Dubai,2026-01-28,2026-05-18,Economy,Desktop
S002155,U0299,Bengaluru,London,2026-08-26,2026-12-17,Business,Tablet
S002156,U0338,Mumbai,New York,2026-03-21,2026-07-23,Economy,Mobile
S002157,U0151,Mumbai,Paris,2026-03-04,2026-05-28,Economy,Mobile
S002158,U0205,Delhi,Bangkok,2026-07-11,2026-10-09,Economy,Desktop
S002159,U0320,Delhi,Bangkok,2026-05-20,2026-11-14,Economy,Desktop
S002160,U0255,Delhi,Singapore,2026-02-10,2026-06-14,Business,Mobile
S002161,U0489,Bengaluru,London,2026-01-29,2026-07-03,Business,Desktop
S002162,U0137,Mumbai,Dubai,2026-01-23,2026-02-08,Business,Mobile
S002163,U0369,Hyderabad,Dubai,2026-08-01,2026-09-06,Economy,Desktop
S002164,U0135,Delhi,Dubai,2026-03-21,2026-04-20,Business,Mobile
S002165,U0425,Delhi,London,2026-02-20,2026-04-22,Economy,Mobile
S002166,U0054,Delhi,Dubai,2026-04-22,2026-08-10,Economy,Mobile
S002167,U0065,Mumbai,Paris,2026-04-15,2026-08-26,Economy,Mobile
S002168,U0002,Delhi,Singapore,2026-02-14,2026-06-25,Business,Mobile
S002169,U0132,Delhi,Singapore,2026-03-31,2026-09-19,Economy,Desktop
S002170,U0334,Bengaluru,Dubai,2026-08-17,2026-11-24,Economy,Mobile
S002171,U0032,Bengaluru,Dubai,2026-05-30,2026-06-13,First,Desktop
S002172,U0356,Mumbai,London,2026-05-18,2026-10-28,Economy,Mobile
S002173,U0386,Delhi,Dubai,2026-05-15,2026-10-06,First,Mobile
S002174,U0360,Delhi,Bangkok,2026-07-20,2026-10-09,First,Tablet
S002175,U0498,Delhi,Tokyo,2026-03-30,2026-09-15,Business,Desktop
S002176,U0243,Delhi,New York,2026-08-26,2026-10-11,Economy,Mobile
S002177,U0192,Mumbai,New York,2026-01-15,2026-06-10,Business,Mobile
S002178,U0142,Mumbai,Dubai,2026-03-18,2026-06-17,Economy,Desktop
S002179,U0148,Mumbai,Paris,2026-04-16,2026-05-08,Economy,Mobile
S002180,U0089,Mumbai,New York,2026-06-23,2026-09-15,Business,Desktop
S002181,U0490,Mumbai,Singapore,2026-03-31,2026-05-24,Economy,Mobile
S002182,U0049,Delhi,London,2026-08-01,2026-11-06,Economy,Mobile
S002183,U0136,Bengaluru,Dubai,2026-03-28,2026-08-10,Business,Mobile
S002184,U0476,Mumbai,New York,2026-03-02,2026-03-30,Business,Desktop
S002185,U0191,Delhi,Dubai,2026-04-18,2026-09-14,Economy,Mobile
S002186,U0430,Mumbai,New York,2026-08-08,2026-08-28,Economy,Mobile
S002187,U0149,Bengaluru,London,2026-03-02,2026-05-20,Economy,Desktop
S002188,U0087,Mumbai,Singapore,2026-02-20,2026-03-17,Economy,Desktop
S002189,U0416,Delhi,Paris,2026-06-15,2026-07-31,Business,Mobile
S002190,U0008,Delhi,New York,2026-01-12,2026-04-26,Business,Desktop
S002191,U0223,Bengaluru,Dubai,2026-08-04,2026-08-14,Business,Desktop
S002192,U0357,Delhi,London,2026-03-18,2026-04-26,Economy,Mobile
S002193,U0016,Delhi,Dubai,2026-08-20,2026-10-08,Economy,Mobile
S002194,U0296,Delhi,Dubai,2026-04-22,2026-10-10,Economy,Desktop
S002195,U0106,Bengaluru,London,2026-03-07,2026-04-09,Economy,Mobile
S002196,U0283,Mumbai,New York,2026-07-01,2026-12-27,Economy,Mobile
S002197,U0104,Delhi,Tokyo,2026-06-16,2026-09-11,Economy,Desktop
S002198,U0361,Delhi,Paris,2026-07-23,2026-11-19,Economy,Mobile
S002199,U0146,Mumbai,Singapore,2026-06-16,2026-10-17,Business,Desktop
S002200,U0035,Hyderabad,Dubai,2026-04-25,2026-09-02,Business,Mobile
S002201,U0113,Mumbai,Dubai,2026-07-25,2026-11-03,Business,Mobile
S002202,U0308,Delhi,Bangkok,2026-01-30,2026-04-09,Economy,Mobile
S002203,U0399,Delhi,Singapore,2026-04-15,2026-09-02,Business,Mobile
S002204,U0447,Mumbai,New York,2026-08-23,2026-12-31,First,Desktop
S002205,U0053,Delhi,Paris,2026-06-25,2026-10-25,Economy,Desktop
S002206,U0347,Mumbai,New York,2026-07-30,2026-11-08,Business,Mobile
S002207,U0081,Delhi,Dubai,2026-01-31,2026-04-14,Business,Tablet
S002208,U0104,Delhi,Singapore,2026-08-23,2026-12-04,Business,Mobile
S002209,U0322,Delhi,New York,2026-08-23,2026-12-23,Economy,Mobile
S002210,U0369,Delhi,Bangkok,2026-06-02,2026-06-21,Economy,Mobile
S002211,U0242,Delhi,Singapore,2026-07-15,2026-12-17,Economy,Mobile
S002212,U0031,Bengaluru,Dubai,2026-06-28,2026-09-06,Economy,Desktop
S002213,U0317,Delhi,Singapore,2026-01-13,2026-07-03,First,Mobile
S002214,U0192,Delhi,New York,2026-08-16,2026-11-15,Business,Mobile
S002215,U0357,Mumbai,Paris,2026-07-10,2026-09-10,Economy,Mobile
S002216,U0361,Delhi,New York,2026-05-08,2026-11-02,Business,Desktop
S002217,U0233,Hyderabad,Dubai,2026-06-19,2026-11-13,Business,Desktop
S002218,U0098,Bengaluru,London,2026-07-01,2026-11-16,Economy,Desktop
S002219,U0034,Mumbai,Singapore,2026-04-11,2026-08-07,Economy,Mobile
S002220,U0243,Delhi,London,2026-03-08,2026-04-16,Business,Desktop
S002221,U0439,Delhi,Singapore,2026-03-21,2026-09-08,Business,Mobile
S002222,U0059,Mumbai,Dubai,2026-08-06,2026-10-04,Economy,Mobile
S002223,U0259,Delhi,Paris,2026-08-20,2026-12-05,Economy,Desktop
S002224,U0017,Delhi,Dubai,2026-07-03,2026-12-08,Economy,Mobile
S002225,U0078,Delhi,Dubai,2026-04-13,2026-07-17,Business,Mobile
S002226,U0206,Delhi,Dubai,2026-01-19,2026-07-13,Economy,Mobile
S002227,U0302,Delhi,Dubai,2026-06-23,2026-07-28,Business,Mobile
S002228,U0166,Mumbai,London,2026-05-23,2026-11-13,Economy,Mobile
S002229,U0291,Delhi,Tokyo,2026-02-01,2026-03-30,Economy,Mobile
S002230,U0385,Mumbai,Paris,2026-06-26,2026-08-21,Business,Mobile
S002231,U0112,Delhi,Paris,2026-05-29,2026-09-23,Economy,Tablet
S002232,U0413,Mumbai,Paris,2026-03-06,2026-04-17,Business,Desktop
S002233,U0388,Mumbai,Dubai,2026-07-17,2026-11-09,Economy,Desktop
S002234,U0317,Delhi,Tokyo,2026-01-27,2026-04-03,Business,Desktop
S002235,U0353,Delhi,Dubai,2026-05-31,2026-10-30,Economy,Desktop
S002236,U0145,Mumbai,London,2026-02-16,2026-03-14,Economy,Mobile
S002237,U0156,Delhi,New York,2026-08-11,2026-12-28,Business,Mobile
S002238,U0178,Delhi,Dubai,2026-01-12,2026-06-13,Economy,Desktop
S002239,U0346,Delhi,Paris,2026-03-26,2026-08-03,Business,Mobile
S002240,U0136,Mumbai,London,2026-03-07,2026-08-28,Economy,Mobile
S002241,U0418,Mumbai,Paris,2026-05-13,2026-05-20,Business,Mobile
S002242,U0315,Mumbai,Singapore,2026-05-17,2026-06-11,Business,Desktop
S002243,U0018,Delhi,Dubai,2026-05-28,2026-08-29,Business,Tablet
S002244,U0351,Delhi,Paris,2026-04-20,2026-09-27,Business,Mobile
S002245,U0443,Mumbai,Dubai,2026-03-23,2026-04-27,Business,Mobile
S002246,U0155,Mumbai,Singapore,2026-05-05,2026-07-09,First,Desktop
S002247,U0272,Delhi,London,2026-03-04,2026-05-12,Economy,Mobile
S002248,U0266,Mumbai,New York,2026-08-02,2026-11-14,Business,Mobile
S002249,U0360,Bengaluru,London,2026-03-13,2026-05-06,Economy,Mobile
S002250,U0332,Mumbai,London,2026-04-08,2026-06-15,Economy,Desktop
S002251,U0406,Bengaluru,Dubai,2026-03-14,2026-04-07,Economy,Mobile
S002252,U0016,Delhi,Tokyo,2026-03-12,2026-04-14,Business,Mobile
S002253,U0012,Bengaluru,London,2026-01-30,2026-02-11,Economy,Mobile
S002254,U0075,Delhi,Paris,2026-05-05,2026-05-17,Business,Desktop
S002255,U0212,Mumbai,Dubai,2026-07-29,2026-09-04,Economy,Tablet
S002256,U0179,Bengaluru,London,2026-08-07,2026-11-26,Economy,Mobile
S002257,U0129,Delhi,Dubai,2026-01-16,2026-04-26,Business,Tablet
S002258,U0283,Delhi,Dubai,2026-08-01,2026-10-02,Economy,Mobile
S002259,U0195,Hyderabad,Dubai,2026-05-13,2026-11-04,Economy,Mobile
S002260,U0268,Mumbai,New York,2026-06-06,2026-06-30,Economy,Tablet
S002261,U0030,Delhi,Singapore,2026-02-16,2026-05-20,Business,Mobile
S002262,U0009,Mumbai,Dubai,2026-04-11,2026-05-10,Economy,Mobile
S002263,U0309,Mumbai,New York,2026-04-17,2026-10-04,Economy,Mobile
S002264,U0445,Delhi,London,2026-05-06,2026-06-06,Business,Desktop
S002265,U0310,Delhi,London,2026-01-22,2026-02-04,Economy,Desktop
S002266,U0165,Delhi,London,2026-07-25,2026-12-26,Business,Desktop
S002267,U0193,Mumbai,Singapore,2026-07-04,2026-11-20,Economy,Desktop
S002268,U0426,Mumbai,New York,2026-03-24,2026-04-17,Economy,Desktop
S002269,U0305,Delhi,London,2026-06-12,2026-10-02,Business,Mobile
S002270,U0260,Delhi,Paris,2026-08-04,2026-09-12,Business,Desktop
S002271,U0192,Mumbai,Dubai,2026-08-22,2026-11-15,Business,Desktop
S002272,U0079,Bengaluru,London,2026-03-01,2026-04-11,Business,Mobile
S002273,U0179,Hyderabad,Dubai,2026-07-17,2026-11-10,Economy,Mobile
S002274,U0091,Bengaluru,London,2026-07-07,2026-09-16,Economy,Mobile
S002275,U0456,Delhi,Tokyo,2026-02-27,2026-05-07,Economy,Desktop
S002276,U0444,Bengaluru,Dubai,2026-01-03,2026-03-22,Business,Mobile
S002277,U0215,Mumbai,Singapore,2026-06-11,2026-07-28,Business,Mobile
S002278,U0079,Bengaluru,London,2026-02-14,2026-06-28,First,Mobile
S002279,U0475,Delhi,Bangkok,2026-02-19,2026-06-13,Economy,Mobile
S002280,U0415,Mumbai,London,2026-01-02,2026-04-22,Business,Desktop
S002281,U0103,Mumbai,Dubai,2026-01-15,2026-06-28,Business,Mobile
S002282,U0111,Bengaluru,Dubai,2026-06-14,2026-07-28,Business,Mobile
S002283,U0456,Delhi,Paris,2026-05-23,2026-07-03,Business,Desktop
S002284,U0478,Mumbai,Dubai,2026-07-07,2027-01-03,Business,Desktop
S002285,U0314,Delhi,Singapore,2026-04-06,2026-08-26,Economy,Mobile
S002286,U0247,Mumbai,Paris,2026-03-26,2026-07-12,Economy,Mobile
S002287,U0234,Delhi,New York,2026-07-11,2026-09-23,Economy,Tablet
S002288,U0082,Mumbai,New York,2026-07-28,2026-09-09,Economy,Mobile
S002289,U0132,Delhi,Paris,2026-08-14,2026-11-13,Economy,Tablet
S002290,U0495,Mumbai,New York,2026-08-12,2027-01-06,Economy,Mobile
S002291,U0235,Delhi,New York,2026-04-21,2026-10-17,Economy,Mobile
S002292,U0278,Delhi,Paris,2026-06-29,2026-08-03,Business,Mobile
S002293,U0387,Delhi,Paris,2026-01-23,2026-03-11,Business,Mobile
S002294,U0335,Mumbai,New York,2026-04-09,2026-06-10,Business,Desktop
S002295,U0099,Mumbai,London,2026-02-06,2026-02-28,Economy,Tablet
S002296,U0431,Delhi,Singapore,2026-04-17,2026-09-10,Economy,Tablet
S002297,U0038,Hyderabad,Dubai,2026-02-10,2026-04-23,Economy,Desktop
S002298,U0161,Delhi,Dubai,2026-08-17,2027-01-17,First,Desktop
S002299,U0462,Mumbai,Dubai,2026-02-26,2026-08-09,Business,Desktop
S002300,U0432,Mumbai,Singapore,2026-04-07,2026-09-04,Economy,Desktop
S002301,U0449,Delhi,Bangkok,2026-01-25,2026-06-21,Business,Mobile
S002302,U0117,Delhi,Dubai,2026-04-20,2026-07-04,Economy,Mobile
S002303,U0241,Mumbai,Dubai,2026-02-06,2026-03-07,Business,Desktop
S002304,U0026,Delhi,London,2026-02-09,2026-07-24,Economy,Desktop
S002305,U0136,Bengaluru,London,2026-03-26,2026-05-24,Economy,Desktop
S002306,U0050,Mumbai,Dubai,2026-02-15,2026-06-21,Economy,Desktop
S002307,U0464,Mumbai,London,2026-07-07,2026-12-05,Business,Mobile
S002308,U0294,Delhi,Singapore,2026-08-28,2027-01-09,Business,Desktop
S002309,U0394,Delhi,Tokyo,2026-04-12,2026-06-06,Business,Tablet
S002310,U0298,Delhi,Singapore,2026-08-20,2027-01-27,Economy,Mobile
S002311,U0293,Delhi,Dubai,2026-04-08,2026-04-27,Economy,Desktop
S002312,U0154,Mumbai,Singapore,2026-01-19,2026-05-13,First,Mobile
S002313,U0220,Hyderabad,Dubai,2026-04-01,2026-09-20,Business,Desktop
S002314,U0140,Mumbai,New York,2026-05-17,2026-10-20,Business,Desktop
S002315,U0468,Hyderabad,Dubai,2026-03-10,2026-06-09,Economy,Mobile
S002316,U0049,Delhi,Bangkok,2026-01-05,2026-06-17,Business,Mobile
S002317,U0142,Delhi,London,2026-08-05,2026-09-25,Economy,Mobile
S002318,U0046,Bengaluru,London,2026-06-03,2026-11-30,Business,Mobile
S002319,U0163,Mumbai,Dubai,2026-05-27,2026-11-16,Business,Mobile
S002320,U0285,Delhi,New York,2026-06-07,2026-09-03,Economy,Mobile
S002321,U0268,Mumbai,Dubai,2026-08-16,2026-10-29,Economy,Desktop
S002322,U0116,Mumbai,London,2026-02-17,2026-05-31,Economy,Mobile
S002323,U0082,Bengaluru,Dubai,2026-04-22,2026-10-12,Economy,Mobile
S002324,U0044,Delhi,Dubai,2026-05-24,2026-10-25,First,Tablet
S002325,U0194,Delhi,Tokyo,2026-07-18,2026-10-09,Economy,Desktop
S002326,U0258,Delhi,London,2026-01-18,2026-02-28,Business,Desktop
S002327,U0443,Delhi,London,2026-07-03,2026-11-22,Business,Desktop
S002328,U0273,Delhi,Bangkok,2026-05-29,2026-07-26,Business,Mobile
S002329,U0394,Mumbai,New York,2026-01-31,2026-03-18,First,Mobile
S002330,U0274,Delhi,Paris,2026-05-09,2026-09-13,Business,Mobile
S002331,U0278,Delhi,Dubai,2026-05-11,2026-09-07,Business,Desktop
S002332,U0083,Mumbai,Singapore,2026-08-11,2026-12-06,Economy,Mobile
S002333,U0058,Delhi,Paris,2026-01-25,2026-03-08,Business,Desktop
S002334,U0053,Mumbai,New York,2026-01-08,2026-05-28,Business,Mobile
S002335,U0001,Mumbai,Singapore,2026-07-12,2026-09-26,Economy,Mobile
S002336,U0216,Bengaluru,Dubai,2026-03-03,2026-05-21,Business,Desktop
S002337,U0317,Bengaluru,London,2026-05-15,2026-06-06,Business,Desktop
S002338,U0228,Delhi,Tokyo,2026-01-07,2026-07-06,Business,Mobile
S002339,U0473,Delhi,Paris,2026-05-16,2026-06-29,Economy,Mobile
S002340,U0484,Delhi,Paris,2026-01-19,2026-02-12,Business,Mobile
S002341,U0254,Delhi,London,2026-05-25,2026-06-12,Economy,Mobile
S002342,U0159,Mumbai,London,2026-05-19,2026-07-18,Business,Desktop
S002343,U0287,Delhi,Bangkok,2026-04-21,2026-04-28,Economy,Mobile
S002344,U0066,Mumbai,Dubai,2026-08-21,2027-01-17,Business,Mobile
S002345,U0403,Delhi,Dubai,2026-06-26,2026-10-21,Economy,Desktop
S002346,U0309,Mumbai,London,2026-01-11,2026-02-07,Economy,Mobile
S002347,U0460,Mumbai,Dubai,2026-08-18,2026-12-31,Economy,Mobile
S002348,U0458,Bengaluru,Dubai,2026-02-10,2026-05-20,Economy,Mobile
S002349,U0095,Delhi,Bangkok,2026-07-09,2026-12-02,Business,Mobile
S002350,U0493,Mumbai,Singapore,2026-04-24,2026-09-01,Business,Mobile
S002351,U0253,Delhi,London,2026-06-29,2026-12-08,Economy,Desktop
S002352,U0150,Delhi,Paris,2026-07-13,2026-08-27,Economy,Desktop
S002353,U0023,Mumbai,New York,2026-07-15,2027-01-02,Economy,Mobile
S002354,U0244,Hyderabad,Dubai,2026-04-02,2026-06-07,Business,Desktop
S002355,U0215,Delhi,New York,2026-08-13,2027-01-25,Economy,Mobile
S002356,U0399,Mumbai,London,2026-03-16,2026-06-27,Economy,Mobile
S002357,U0410,Mumbai,Singapore,2026-03-08,2026-06-26,Economy,Desktop
S002358,U0131,Hyderabad,Dubai,2026-06-17,2026-11-09,Economy,Mobile
S002359,U0343,Bengaluru,London,2026-01-05,2026-05-01,Economy,Mobile
S002360,U0148,Bengaluru,London,2026-04-26,2026-05-31,Economy,Desktop
S002361,U0381,Mumbai,Dubai,2026-08-01,2026-11-04,Business,Mobile
S002362,U0109,Delhi,Paris,2026-05-30,2026-10-02,Business,Mobile
S002363,U0040,Delhi,Paris,2026-04-28,2026-09-22,Economy,Desktop
S002364,U0121,Mumbai,London,2026-06-14,2026-08-10,Business,Desktop
S002365,U0295,Mumbai,Singapore,2026-01-11,2026-05-05,Economy,Desktop
S002366,U0120,Mumbai,Dubai,2026-02-13,2026-07-16,First,Mobile
S002367,U0456,Mumbai,Dubai,2026-08-02,2026-10-05,Economy,Mobile
S002368,U0018,Delhi,London,2026-08-21,2026-10-02,Business,Mobile
S002369,U0169,Mumbai,Dubai,2026-06-30,2026-08-03,Business,Mobile
S002370,U0198,Delhi,New York,2026-03-18,2026-08-02,Economy,Mobile
S002371,U0411,Delhi,London,2026-04-28,2026-08-13,Business,Desktop
S002372,U0484,Mumbai,Dubai,2026-04-26,2026-08-17,Economy,Mobile
S002373,U0143,Delhi,Tokyo,2026-07-08,2026-10-11,Business,Mobile
S002374,U0037,Delhi,New York,2026-03-08,2026-08-30,Economy,Mobile
S002375,U0186,Mumbai,New York,2026-01-13,2026-02-23,Economy,Tablet
S002376,U0261,Delhi,Singapore,2026-04-02,2026-07-10,Business,Desktop
S002377,U0231,Bengaluru,London,2026-01-11,2026-05-02,Economy,Tablet
S002378,U0254,Delhi,Dubai,2026-05-19,2026-08-09,Economy,Mobile
S002379,U0329,Mumbai,Paris,2026-03-26,2026-06-24,Economy,Mobile
S002380,U0391,Delhi,Dubai,2026-03-26,2026-06-16,Business,Mobile
S002381,U0297,Bengaluru,London,2026-05-15,2026-07-10,Economy,Desktop
S002382,U0468,Mumbai,London,2026-01-17,2026-05-03,Economy,Mobile
S002383,U0010,Delhi,Paris,2026-02-17,2026-07-31,Business,Mobile
S002384,U0446,Delhi,New York,2026-05-22,2026-08-08,Economy,Mobile
S002385,U0410,Delhi,Singapore,2026-07-10,2026-11-08,Economy,Mobile
S002386,U0324,Delhi,Dubai,2026-07-11,2026-10-02,Economy,Mobile
S002387,U0230,Mumbai,New York,2026-04-07,2026-08-12,Economy,Mobile
S002388,U0024,Hyderabad,Dubai,2026-03-16,2026-05-15,Economy,Mobile
S002389,U0078,Delhi,Bangkok,2026-07-24,2026-10-09,First,Mobile
S002390,U0425,Delhi,London,2026-07-12,2026-10-11,Economy,Mobile
S002391,U0193,Mumbai,London,2026-06-11,2026-09-27,Economy,Desktop
S002392,U0401,Bengaluru,Dubai,2026-05-17,2026-09-07,Economy,Mobile
S002393,U0109,Mumbai,Singapore,2026-03-18,2026-04-21,Economy,Desktop
S002394,U0280,Bengaluru,London,2026-05-08,2026-08-30,Business,Mobile
S002395,U0411,Bengaluru,Dubai,2026-02-06,2026-03-05,Economy,Mobile
S002396,U0263,Delhi,Tokyo,2026-01-30,2026-07-10,Economy,Desktop
S002397,U0329,Mumbai,Singapore,2026-06-18,2026-07-21,Economy,Tablet
S002398,U0363,Delhi,Singapore,2026-06-22,2026-09-13,Business,Desktop
S002399,U0355,Mumbai,London,2026-08-17,2026-10-12,Economy,Mobile
S002400,U0378,Delhi,Paris,2026-02-16,2026-07-29,Economy,Mobile
S002401,U0268,Mumbai,Dubai,2026-05-15,2026-11-04,Business,Mobile
S002402,U0341,Mumbai,Dubai,2026-05-22,2026-07-24,Economy,Mobile
S002403,U0259,Mumbai,London,2026-02-17,2026-06-22,Business,Mobile
S002404,U0335,Delhi,Dubai,2026-05-14,2026-11-01,Business,Mobile
S002405,U0085,Bengaluru,London,2026-02-03,2026-04-14,Economy,Mobile
S002406,U0010,Mumbai,New York,2026-07-27,2026-09-19,Economy,Desktop
S002407,U0289,Mumbai,Singapore,2026-04-11,2026-09-14,First,Desktop
S002408,U0302,Delhi,Singapore,2026-08-16,2027-01-27,Business,Mobile
S002409,U0059,Delhi,Tokyo,2026-02-15,2026-07-27,Business,Desktop
S002410,U0308,Delhi,London,2026-07-06,2026-12-10,Economy,Desktop
S002411,U0262,Delhi,Paris,2026-03-11,2026-03-21,Economy,Mobile
S002412,U0386,Delhi,Tokyo,2026-05-16,2026-09-30,Business,Mobile
S002413,U0285,Delhi,Singapore,2026-01-24,2026-04-01,Economy,Desktop
S002414,U0119,Delhi,New York,2026-03-08,2026-06-18,First,Mobile
S002415,U0168,Bengaluru,Dubai,2026-01-04,2026-01-14,Economy,Desktop
S002416,U0353,Mumbai,Dubai,2026-08-12,2026-10-22,Business,Mobile
S002417,U0189,Mumbai,Singapore,2026-01-01,2026-05-27,Economy,Mobile
S002418,U0452,Mumbai,Singapore,2026-02-03,2026-06-30,Economy,Tablet
S002419,U0251,Mumbai,Dubai,2026-04-19,2026-10-04,Business,Tablet
S002420,U0324,Mumbai,Paris,2026-01-09,2026-05-19,Economy,Mobile
S002421,U0413,Delhi,Tokyo,2026-03-04,2026-06-11,Economy,Desktop
S002422,U0229,Mumbai,Paris,2026-07-23,2026-08-29,Economy,Mobile
S002423,U0190,Delhi,Dubai,2026-01-10,2026-03-28,Business,Desktop
S002424,U0316,Delhi,London,2026-05-18,2026-10-12,First,Desktop
S002425,U0124,Mumbai,New York,2026-06-27,2026-07-05,Economy,Mobile
S002426,U0084,Delhi,London,2026-02-13,2026-07-30,Economy,Mobile
S002427,U0297,Bengaluru,London,2026-04-28,2026-06-23,Economy,Mobile
S002428,U0215,Mumbai,Singapore,2026-06-25,2026-11-13,Business,Mobile
S002429,U0237,Bengaluru,London,2026-08-03,2027-01-02,Economy,Mobile
S002430,U0466,Delhi,New York,2026-01-06,2026-01-20,Economy,Desktop
S002431,U0113,Delhi,Singapore,2026-08-04,2026-10-04,Economy,Mobile
S002432,U0217,Delhi,Dubai,2026-05-01,2026-06-19,Business,Mobile
S002433,U0321,Mumbai,Dubai,2026-06-01,2026-07-07,Business,Desktop
S002434,U0246,Mumbai,Singapore,2026-08-01,2026-10-05,Economy,Mobile
S002435,U0448,Bengaluru,London,2026-08-22,2026-09-06,Economy,Mobile
S002436,U0335,Mumbai,Paris,2026-04-05,2026-06-18,Business,Mobile
S002437,U0319,Delhi,Paris,2026-04-21,2026-10-11,Business,Desktop
S002438,U0482,Hyderabad,Dubai,2026-07-05,2026-09-30,Economy,Mobile
S002439,U0432,Mumbai,Dubai,2026-04-15,2026-09-07,Economy,Desktop
S002440,U0404,Delhi,London,2026-03-05,2026-07-12,Economy,Mobile
S002441,U0374,Mumbai,London,2026-08-10,2026-12-24,Business,Desktop
S002442,U0037,Delhi,Paris,2026-07-03,2026-08-01,Business,Desktop
S002443,U0064,Delhi,Singapore,2026-08-14,2026-09-11,Business,Desktop
S002444,U0219,Mumbai,Paris,2026-07-29,2027-01-05,Economy,Mobile
S002445,U0342,Delhi,New York,2026-05-20,2026-10-13,Economy,Mobile
S002446,U0499,Bengaluru,Dubai,2026-06-12,2026-11-25,First,Desktop
S002447,U0389,Bengaluru,Dubai,2026-03-12,2026-03-27,Economy,Mobile
S002448,U0034,Delhi,London,2026-08-21,2026-11-25,Business,Mobile
S002449,U0039,Delhi,Singapore,2026-04-14,2026-05-23,Business,Desktop
S002450,U0067,Mumbai,New York,2026-03-30,2026-09-04,Economy,Desktop
S002451,U0209,Mumbai,Dubai,2026-01-06,2026-04-11,Economy,Mobile
S002452,U0318,Delhi,Singapore,2026-07-12,2026-10-21,First,Desktop
S002453,U0344,Bengaluru,London,2026-04-20,2026-07-04,Economy,Desktop
S002454,U0152,Mumbai,Dubai,2026-07-27,2026-09-09,Business,Mobile
S002455,U0387,Mumbai,New York,2026-07-07,2026-11-29,Economy,Desktop
S002456,U0365,Bengaluru,London,2026-04-22,2026-10-05,Business,Desktop
S002457,U0199,Delhi,London,2026-07-15,2026-09-23,Business,Tablet
S002458,U0089,Mumbai,Singapore,2026-06-06,2026-08-23,First,Mobile
S002459,U0248,Mumbai,Dubai,2026-06-15,2026-07-11,Economy,Desktop
S002460,U0323,Delhi,Paris,2026-08-27,2026-10-06,Business,Mobile
S002461,U0079,Delhi,Dubai,2026-08-08,2026-12-03,Economy,Mobile
S002462,U0477,Delhi,Tokyo,2026-05-30,2026-07-17,Economy,Desktop
S002463,U0434,Delhi,Singapore,2026-05-07,2026-09-26,Economy,Mobile
S002464,U0285,Delhi,Dubai,2026-05-16,2026-07-27,Economy,Mobile
S002465,U0330,Delhi,Singapore,2026-03-04,2026-03-31,Economy,Mobile
S002466,U0032,Delhi,Singapore,2026-08-12,2026-11-05,Economy,Mobile
S002467,U0087,Delhi,Singapore,2026-08-13,2026-10-28,First,Mobile
S002468,U0039,Delhi,New York,2026-05-21,2026-06-01,Business,Mobile
S002469,U0393,Mumbai,Singapore,2026-06-04,2026-08-16,Economy,Desktop
S002470,U0101,Delhi,Dubai,2026-05-26,2026-11-19,First,Mobile
S002471,U0244,Delhi,London,2026-01-18,2026-02-09,Economy,Desktop
S002472,U0232,Delhi,Paris,2026-03-18,2026-07-01,Economy,Desktop
S002473,U0398,Delhi,New York,2026-08-02,2026-10-20,Business,Mobile
S002474,U0068,Mumbai,London,2026-07-09,2026-08-19,Economy,Mobile
S002475,U0192,Mumbai,Paris,2026-05-22,2026-08-19,Business,Desktop
S002476,U0404,Mumbai,London,2026-05-19,2026-11-12,Economy,Desktop
S002477,U0028,Mumbai,Paris,2026-04-13,2026-08-07,Economy,Mobile
S002478,U0270,Mumbai,Dubai,2026-04-27,2026-06-11,Economy,Desktop
S002479,U0428,Delhi,London,2026-08-02,2026-08-18,First,Mobile
S002480,U0226,Bengaluru,Dubai,2026-08-16,2027-01-17,Business,Mobile
S002481,U0077,Delhi,Singapore,2026-01-17,2026-01-24,Business,Mobile
S002482,U0223,Mumbai,Paris,2026-06-28,2026-07-10,Business,Mobile
S002483,U0481,Mumbai,Dubai,2026-08-12,2027-02-08,Economy,Mobile
S002484,U0372,Mumbai,New York,2026-01-14,2026-03-27,Business,Desktop
S002485,U0167,Delhi,Tokyo,2026-08-22,2026-10-05,Economy,Desktop
S002486,U0284,Delhi,London,2026-02-26,2026-08-12,Economy,Mobile
S002487,U0192,Delhi,Bangkok,2026-04-03,2026-06-15,Business,Tablet
S002488,U0089,Delhi,New York,2026-05-14,2026-08-28,Economy,Desktop
S002489,U0032,Mumbai,New York,2026-04-24,2026-07-16,Economy,Mobile
S002490,U0137,Mumbai,Singapore,2026-07-04,2026-08-14,Business,Mobile
S002491,U0156,Delhi,Tokyo,2026-05-12,2026-07-02,Business,Desktop
S002492,U0250,Delhi,London,2026-05-19,2026-10-22,Business,Desktop
S002493,U0095,Mumbai,Dubai,2026-04-19,2026-07-02,Economy,Mobile
S002494,U0017,Delhi,Tokyo,2026-08-20,2026-09-12,Economy,Desktop
S002495,U0117,Delhi,Paris,2026-07-21,2026-08-01,Business,Mobile
S002496,U0471,Delhi,London,2026-04-29,2026-07-01,Business,Mobile
S002497,U0333,Mumbai,Singapore,2026-04-02,2026-07-12,Economy,Mobile
S002498,U0311,Mumbai,Singapore,2026-01-11,2026-07-04,First,Desktop
S002499,U0010,Delhi,Singapore,2026-04-09,2026-05-15,First,Mobile
S002500,U0080,Mumbai,Dubai,2026-07-26,2027-01-18,Economy,Mobile
S002501,U0134,Bengaluru,London,2026-01-08,2026-01-21,Business,Mobile
S002502,U0432,Delhi,Dubai,2026-07-31,2026-12-08,Business,Desktop
S002503,U0203,Mumbai,Paris,2026-04-24,2026-07-30,Economy,Desktop
S002504,U0116,Mumbai,Paris,2026-07-06,2026-12-06,Economy,Mobile
S002505,U0451,Delhi,Singapore,2026-05-29,2026-11-20,Business,Desktop
S002506,U0220,Mumbai,Dubai,2026-03-06,2026-08-21,Business,Mobile
S002507,U0253,Mumbai,Dubai,2026-04-03,2026-09-06,Business,Mobile
S002508,U0169,Mumbai,Singapore,2026-06-01,2026-07-29,Business,Mobile
S002509,U0335,Delhi,Paris,2026-06-07,2026-06-19,Economy,Mobile
S002510,U0316,Mumbai,London,2026-04-14,2026-08-07,Economy,Mobile
S002511,U0205,Mumbai,New York,2026-04-09,2026-07-19,Economy,Desktop
S002512,U0298,Mumbai,London,2026-08-13,2027-01-19,Economy,Desktop
S002513,U0372,Mumbai,Dubai,2026-03-25,2026-06-05,Business,Desktop
S002514,U0248,Delhi,London,2026-07-04,2026-07-20,Economy,Desktop
S002515,U0365,Delhi,London,2026-07-27,2026-08-28,Business,Desktop
S002516,U0465,Mumbai,Dubai,2026-03-14,2026-07-31,Economy,Mobile
S002517,U0071,Delhi,Singapore,2026-08-11,2026-10-24,Economy,Desktop
S002518,U0156,Delhi,Bangkok,2026-05-25,2026-09-06,Economy,Desktop
S002519,U0102,Mumbai,Paris,2026-02-28,2026-05-16,Business,Tablet
S002520,U0013,Mumbai,Dubai,2026-01-31,2026-03-28,Economy,Mobile
S002521,U0465,Mumbai,Dubai,2026-03-05,2026-03-28,Economy,Mobile
S002522,U0271,Mumbai,Dubai,2026-02-17,2026-03-06,Business,Desktop
S002523,U0292,Mumbai,London,2026-01-23,2026-03-23,First,Desktop
S002524,U0220,Mumbai,Singapore,2026-07-17,2026-09-11,Business,Mobile
S002525,U0015,Delhi,Singapore,2026-06-07,2026-10-27,Economy,Desktop
S002526,U0238,Mumbai,Dubai,2026-02-24,2026-07-04,Economy,Mobile
S002527,U0117,Delhi,Dubai,2026-01-07,2026-03-16,First,Tablet
S002528,U0331,Delhi,London,2026-04-22,2026-07-13,Business,Mobile
S002529,U0056,Delhi,Dubai,2026-08-20,2026-12-27,Business,Mobile
S002530,U0351,Bengaluru,London,2026-04-16,2026-07-21,Economy,Mobile
S002531,U0132,Mumbai,Dubai,2026-08-26,2026-09-30,Economy,Mobile
S002532,U0483,Delhi,Singapore,2026-07-22,2026-11-07,Economy,Mobile
S002533,U0226,Delhi,New York,2026-04-08,2026-07-24,Business,Desktop
S002534,U0308,Delhi,Tokyo,2026-01-12,2026-05-08,Economy,Desktop
S002535,U0475,Delhi,Tokyo,2026-03-01,2026-08-26,First,Mobile
S002536,U0394,Delhi,Paris,2026-02-21,2026-06-16,Economy,Desktop
S002537,U0222,Delhi,London,2026-08-25,2027-02-20,Business,Mobile
S002538,U0173,Delhi,New York,2026-08-27,2026-10-01,Economy,Mobile
S002539,U0340,Mumbai,Paris,2026-06-04,2026-08-08,Business,Mobile
S002540,U0285,Delhi,London,2026-05-20,2026-10-16,Economy,Mobile
S002541,U0309,Delhi,New York,2026-05-21,2026-08-05,Business,Desktop
S002542,U0157,Delhi,Bangkok,2026-03-13,2026-06-23,Business,Mobile
S002543,U0151,Mumbai,Singapore,2026-07-27,2026-09-15,Economy,Desktop
S002544,U0185,Delhi,London,2026-07-09,2026-12-26,Business,Desktop
S002545,U0178,Delhi,London,2026-05-05,2026-08-03,Business,Desktop
S002546,U0021,Delhi,Singapore,2026-06-06,2026-10-11,First,Tablet
S002547,U0112,Delhi,Dubai,2026-06-12,2026-08-14,Business,Tablet
S002548,U0171,Bengaluru,London,2026-03-01,2026-07-02,First,Desktop
S002549,U0138,Bengaluru,London,2026-06-06,2026-08-15,Economy,Mobile
S002550,U0233,Delhi,Dubai,2026-01-31,2026-05-16,Economy,Mobile
S002551,U0332,Delhi,Tokyo,2026-03-18,2026-05-01,First,Desktop
S002552,U0030,Delhi,Singapore,2026-03-17,2026-08-15,Economy,Mobile
S002553,U0381,Delhi,Dubai,2026-03-02,2026-04-04,Economy,Tablet
S002554,U0307,Delhi,Paris,2026-01-02,2026-01-25,Business,Mobile
S002555,U0161,Mumbai,Paris,2026-06-10,2026-08-18,Economy,Mobile
S002556,U0402,Mumbai,New York,2026-07-19,2026-08-05,Business,Mobile
S002557,U0078,Delhi,Bangkok,2026-07-09,2026-09-17,Business,Desktop
S002558,U0278,Delhi,Paris,2026-08-21,2026-10-05,Business,Mobile
S002559,U0320,Delhi,Tokyo,2026-05-01,2026-09-14,Economy,Mobile
S002560,U0021,Delhi,Singapore,2026-02-28,2026-06-29,Economy,Mobile
S002561,U0385,Delhi,Paris,2026-02-09,2026-07-22,Economy,Mobile
S002562,U0497,Hyderabad,Dubai,2026-06-26,2026-08-16,Economy,Mobile
S002563,U0363,Delhi,Paris,2026-08-21,2026-11-23,Economy,Mobile
S002564,U0372,Delhi,Dubai,2026-02-01,2026-04-28,Economy,Mobile
S002565,U0380,Mumbai,Singapore,2026-02-07,2026-07-22,Economy,Mobile
S002566,U0143,Delhi,New York,2026-04-02,2026-04-17,Business,Tablet
S002567,U0036,Delhi,Dubai,2026-07-26,2027-01-03,Business,Tablet
S002568,U0303,Hyderabad,Dubai,2026-08-03,2026-11-22,Economy,Mobile
S002569,U0438,Delhi,Dubai,2026-03-29,2026-08-07,Economy,Mobile
S002570,U0214,Delhi,Dubai,2026-05-21,2026-08-13,Business,Mobile
S002571,U0032,Bengaluru,Dubai,2026-03-26,2026-05-16,Business,Tablet
S002572,U0186,Delhi,Singapore,2026-07-01,2026-12-25,Economy,Mobile
S002573,U0174,Delhi,London,2026-03-17,2026-07-09,Business,Mobile
S002574,U0054,Delhi,New York,2026-05-08,2026-10-11,Economy,Mobile
S002575,U0161,Mumbai,New York,2026-01-13,2026-04-28,Economy,Mobile
S002576,U0250,Delhi,London,2026-02-08,2026-07-25,Business,Mobile
S002577,U0489,Hyderabad,Dubai,2026-01-23,2026-02-25,Business,Desktop
S002578,U0251,Delhi,New York,2026-04-20,2026-06-05,Business,Desktop
S002579,U0423,Delhi,New York,2026-04-17,2026-05-19,Business,Desktop
S002580,U0279,Mumbai,Singapore,2026-04-02,2026-06-30,Business,Mobile
S002581,U0171,Mumbai,New York,2026-05-22,2026-11-17,First,Desktop
S002582,U0183,Mumbai,Dubai,2026-05-25,2026-11-20,Economy,Mobile
S002583,U0002,Mumbai,Dubai,2026-01-24,2026-02-25,Business,Mobile
S002584,U0194,Mumbai,Singapore,2026-07-05,2026-09-19,Economy,Desktop
S002585,U0166,Mumbai,Paris,2026-07-10,2026-09-21,Economy,Desktop
S002586,U0247,Delhi,London,2026-02-03,2026-02-15,Economy,Mobile
S002587,U0499,Mumbai,New York,2026-06-28,2026-08-01,Business,Mobile
S002588,U0413,Mumbai,Paris,2026-04-22,2026-05-11,Business,Mobile
S002589,U0244,Delhi,Dubai,2026-08-02,2026-10-10,Business,Desktop
S002590,U0110,Delhi,London,2026-05-18,2026-06-06,Economy,Mobile
S002591,U0380,Mumbai,London,2026-04-28,2026-09-10,Business,Mobile
S002592,U0323,Delhi,New York,2026-07-19,2026-09-03,Economy,Mobile
S002593,U0487,Delhi,Dubai,2026-05-29,2026-11-16,Economy,Mobile
S002594,U0071,Delhi,Singapore,2026-06-14,2026-07-21,Business,Mobile
S002595,U0164,Delhi,New York,2026-01-07,2026-01-30,Economy,Tablet
S002596,U0285,Delhi,New York,2026-03-31,2026-08-21,Business,Mobile
S002597,U0375,Mumbai,Dubai,2026-01-13,2026-05-08,Economy,Tablet
S002598,U0421,Delhi,Singapore,2026-03-21,2026-05-30,Economy,Mobile
S002599,U0113,Mumbai,Paris,2026-01-30,2026-04-03,Business,Tablet
S002600,U0228,Bengaluru,Dubai,2026-06-08,2026-11-02,Economy,Desktop
S002601,U0471,Delhi,Bangkok,2026-05-13,2026-10-31,Economy,Mobile
S002602,U0301,Delhi,New York,2026-06-09,2026-11-04,Economy,Desktop
S002603,U0016,Delhi,Singapore,2026-01-16,2026-02-16,Business,Mobile
S002604,U0496,Mumbai,London,2026-08-27,2027-01-02,First,Mobile
S002605,U0031,Delhi,Dubai,2026-07-20,2026-10-12,Business,Mobile
S002606,U0162,Delhi,Dubai,2026-05-30,2026-08-01,First,Mobile
S002607,U0306,Bengaluru,London,2026-07-11,2026-09-26,Business,Desktop
S002608,U0193,Mumbai,Dubai,2026-06-21,2026-09-23,Business,Desktop
S002609,U0210,Mumbai,Dubai,2026-02-09,2026-06-08,Business,Mobile
S002610,U0378,Hyderabad,Dubai,2026-08-25,2026-12-09,Economy,Desktop
S002611,U0446,Delhi,Dubai,2026-02-06,2026-08-01,Economy,Tablet
S002612,U0232,Delhi,Dubai,2026-03-19,2026-09-11,Business,Mobile
S002613,U0427,Delhi,London,2026-01-16,2026-03-10,Economy,Mobile
S002614,U0184,Delhi,New York,2026-02-12,2026-06-14,Economy,Mobile
S002615,U0015,Mumbai,New York,2026-07-31,2027-01-25,First,Desktop
S002616,U0432,Mumbai,London,2026-03-04,2026-08-26,Economy,Mobile
S002617,U0305,Mumbai,Singapore,2026-08-24,2027-01-08,First,Mobile
S002618,U0209,Mumbai,Paris,2026-01-15,2026-04-21,Business,Desktop
S002619,U0172,Mumbai,Paris,2026-06-21,2026-10-16,Economy,Desktop
S002620,U0266,Bengaluru,Dubai,2026-08-06,2026-11-10,Business,Mobile
S002621,U0020,Delhi,Bangkok,2026-05-17,2026-09-29,Business,Desktop
S002622,U0070,Delhi,New York,2026-03-06,2026-07-29,Economy,Desktop
S002623,U0008,Delhi,Dubai,2026-08-15,2027-01-03,Business,Mobile
S002624,U0429,Delhi,London,2026-02-13,2026-03-03,Business,Desktop
S002625,U0034,Delhi,London,2026-01-20,2026-07-11,Economy,Mobile
S002626,U0224,Bengaluru,London,2026-08-25,2026-12-15,Economy,Mobile
S002627,U0179,Mumbai,Paris,2026-04-29,2026-09-04,Economy,Mobile
S002628,U0246,Mumbai,Singapore,2026-07-17,2026-09-14,Economy,Mobile
S002629,U0490,Delhi,London,2026-08-22,2027-02-04,Economy,Mobile
S002630,U0260,Mumbai,Singapore,2026-07-21,2026-11-04,Business,Mobile
S002631,U0108,Bengaluru,Dubai,2026-04-22,2026-10-18,Economy,Desktop
S002632,U0242,Delhi,New York,2026-05-03,2026-06-15,Business,Desktop
S002633,U0423,Mumbai,Paris,2026-06-10,2026-10-13,Economy,Mobile
S002634,U0468,Mumbai,Paris,2026-03-21,2026-05-25,Economy,Mobile
S002635,U0024,Bengaluru,Dubai,2026-04-10,2026-06-09,Business,Desktop
S002636,U0216,Mumbai,Paris,2026-01-06,2026-06-07,Business,Mobile
S002637,U0055,Delhi,Paris,2026-03-24,2026-03-31,Business,Mobile
S002638,U0026,Mumbai,Dubai,2026-01-31,2026-07-05,Economy,Mobile
S002639,U0281,Delhi,London,2026-03-07,2026-04-10,Business,Desktop
S002640,U0292,Mumbai,Singapore,2026-01-18,2026-05-16,Economy,Desktop
S002641,U0327,Delhi,Dubai,2026-08-22,2026-09-13,Economy,Desktop
S002642,U0458,Hyderabad,Dubai,2026-01-28,2026-03-03,Economy,Mobile
S002643,U0186,Mumbai,Dubai,2026-03-09,2026-08-12,Business,Desktop
S002644,U0495,Delhi,Bangkok,2026-07-12,2026-11-07,Economy,Mobile
S002645,U0012,Mumbai,London,2026-08-27,2027-01-09,Business,Mobile
S002646,U0129,Mumbai,London,2026-08-22,2026-12-22,Business,Mobile
S002647,U0372,Bengaluru,Dubai,2026-04-24,2026-10-17,First,Desktop
S002648,U0434,Mumbai,London,2026-07-27,2026-11-08,Economy,Mobile
S002649,U0409,Delhi,Singapore,2026-06-22,2026-09-06,Economy,Mobile
S002650,U0208,Delhi,Dubai,2026-02-27,2026-06-05,Economy,Desktop
S002651,U0133,Bengaluru,London,2026-06-24,2026-07-03,Economy,Desktop
S002652,U0339,Mumbai,Dubai,2026-07-13,2026-10-08,Business,Desktop
S002653,U0196,Delhi,New York,2026-06-29,2026-08-18,Business,Mobile
S002654,U0262,Delhi,New York,2026-06-13,2026-11-21,Business,Desktop
S002655,U0282,Delhi,Paris,2026-05-09,2026-06-08,Business,Desktop
S002656,U0369,Delhi,Paris,2026-02-08,2026-07-12,First,Desktop
S002657,U0103,Mumbai,Singapore,2026-08-03,2027-01-16,Economy,Mobile
S002658,U0120,Mumbai,London,2026-08-06,2026-11-19,First,Mobile
S002659,U0183,Delhi,Bangkok,2026-07-22,2026-12-16,Economy,Mobile
S002660,U0423,Mumbai,Dubai,2026-04-16,2026-08-12,Business,Mobile
S002661,U0009,Mumbai,Singapore,2026-01-01,2026-06-27,Business,Mobile
S002662,U0045,Delhi,Singapore,2026-03-16,2026-08-17,Business,Mobile
S002663,U0244,Delhi,Bangkok,2026-03-29,2026-08-05,Economy,Mobile
S002664,U0270,Delhi,Singapore,2026-07-21,2026-11-16,Business,Desktop
S002665,U0112,Mumbai,London,2026-05-22,2026-10-05,First,Mobile
S002666,U0055,Bengaluru,London,2026-07-25,2026-10-07,Business,Mobile
S002667,U0393,Mumbai,New York,2026-07-18,2026-10-23,Business,Desktop
S002668,U0015,Delhi,Dubai,2026-05-31,2026-08-05,Economy,Mobile
S002669,U0037,Mumbai,Singapore,2026-06-20,2026-11-05,Economy,Mobile
S002670,U0178,Delhi,Paris,2026-05-30,2026-10-07,First,Mobile
S002671,U0127,Hyderabad,Dubai,2026-03-01,2026-06-11,Business,Desktop
S002672,U0117,Mumbai,New York,2026-08-16,2027-01-14,Business,Tablet
S002673,U0340,Mumbai,London,2026-06-04,2026-10-17,Economy,Desktop
S002674,U0072,Mumbai,Dubai,2026-07-03,2026-08-11,Economy,Desktop
S002675,U0352,Delhi,Tokyo,2026-05-10,2026-06-15,Economy,Mobile
S002676,U0111,Mumbai,Paris,2026-06-16,2026-06-27,Economy,Desktop
S002677,U0149,Mumbai,Dubai,2026-06-28,2026-10-30,Economy,Tablet
S002678,U0185,Delhi,Dubai,2026-04-20,2026-09-13,Economy,Desktop
S002679,U0105,Delhi,Paris,2026-01-19,2026-07-04,Economy,Desktop
S002680,U0147,Mumbai,London,2026-03-03,2026-04-16,Business,Mobile
S002681,U0221,Mumbai,Dubai,2026-03-12,2026-04-04,Economy,Mobile
S002682,U0314,Delhi,Dubai,2026-07-23,2026-11-15,Business,Desktop
S002683,U0351,Mumbai,Dubai,2026-07-14,2026-08-29,Business,Desktop
S002684,U0374,Delhi,Singapore,2026-07-10,2026-12-15,Economy,Desktop
S002685,U0006,Delhi,Paris,2026-04-21,2026-09-14,Business,Desktop
S002686,U0260,Mumbai,London,2026-05-13,2026-09-07,First,Desktop
S002687,U0299,Mumbai,London,2026-03-13,2026-07-25,Economy,Desktop
S002688,U0349,Mumbai,Dubai,2026-03-19,2026-06-28,Economy,Mobile
S002689,U0042,Mumbai,Singapore,2026-07-08,2026-12-08,Economy,Mobile
S002690,U0259,Delhi,Dubai,2026-04-10,2026-05-15,Business,Tablet
S002691,U0385,Mumbai,Singapore,2026-03-12,2026-08-10,Economy,Desktop
S002692,U0492,Bengaluru,London,2026-01-07,2026-03-27,Economy,Tablet
S002693,U0439,Delhi,London,2026-02-19,2026-03-18,Business,Desktop
S002694,U0271,Delhi,London,2026-02-15,2026-04-22,Economy,Desktop
S002695,U0047,Delhi,London,2026-08-12,2026-11-24,First,Mobile
S002696,U0085,Mumbai,Singapore,2026-03-13,2026-06-02,Economy,Mobile
S002697,U0174,Delhi,Bangkok,2026-03-17,2026-07-20,Business,Desktop
S002698,U0058,Delhi,London,2026-03-15,2026-08-16,Economy,Mobile
S002699,U0479,Bengaluru,Dubai,2026-05-22,2026-09-18,Economy,Desktop
S002700,U0199,Delhi,Dubai,2026-03-14,2026-07-12,Economy,Desktop
S002701,U0209,Delhi,Bangkok,2026-04-12,2026-07-30,First,Mobile
S002702,U0248,Mumbai,Singapore,2026-04-04,2026-06-29,Economy,Desktop
S002703,U0211,Bengaluru,London,2026-03-10,2026-05-18,Business,Mobile
S002704,U0039,Mumbai,Singapore,2026-03-06,2026-05-08,Business,Mobile
S002705,U0252,Mumbai,Singapore,2026-07-12,2026-08-16,Business,Mobile
S002706,U0131,Delhi,Bangkok,2026-07-04,2026-11-16,Economy,Desktop
S002707,U0414,Delhi,Paris,2026-03-03,2026-07-11,First,Mobile
S002708,U0291,Mumbai,Singapore,2026-01-20,2026-03-26,Business,Mobile
S002709,U0250,Delhi,Dubai,2026-07-22,2026-10-22,Economy,Mobile
S002710,U0441,Delhi,Dubai,2026-06-03,2026-08-19,Business,Mobile
S002711,U0413,Mumbai,Paris,2026-02-13,2026-05-19,First,Mobile
S002712,U0434,Mumbai,Singapore,2026-07-14,2026-10-26,First,Mobile
S002713,U0446,Mumbai,Singapore,2026-07-17,2026-09-05,Economy,Desktop
S002714,U0052,Bengaluru,London,2026-03-03,2026-07-03,Business,Mobile
S002715,U0374,Delhi,Bangkok,2026-04-17,2026-07-07,Economy,Desktop
S002716,U0014,Mumbai,New York,2026-05-05,2026-10-01,Economy,Mobile
S002717,U0419,Delhi,Paris,2026-02-14,2026-08-02,Economy,Tablet
S002718,U0156,Delhi,Paris,2026-01-11,2026-02-09,Economy,Mobile
S002719,U0442,Mumbai,London,2026-07-19,2026-09-08,Business,Desktop
S002720,U0030,Mumbai,Dubai,2026-08-09,2026-11-15,Economy,Desktop
S002721,U0090,Mumbai,Paris,2026-07-21,2026-08-09,Economy,Desktop
S002722,U0391,Mumbai,London,2026-06-11,2026-07-21,Economy,Desktop
S002723,U0167,Delhi,Tokyo,2026-03-29,2026-09-17,Economy,Mobile
S002724,U0351,Delhi,London,2026-02-15,2026-05-02,First,Desktop
S002725,U0069,Delhi,London,2026-04-22,2026-08-14,Business,Mobile
S002726,U0163,Bengaluru,Dubai,2026-03-22,2026-08-08,Economy,Desktop
S002727,U0242,Mumbai,New York,2026-02-01,2026-06-13,Business,Tablet
S002728,U0495,Mumbai,London,2026-07-22,2027-01-12,Economy,Desktop
S002729,U0383,Delhi,Paris,2026-04-08,2026-05-05,Business,Mobile
S002730,U0052,Bengaluru,London,2026-08-04,2027-01-13,First,Mobile
S002731,U0142,Mumbai,Singapore,2026-01-05,2026-05-22,Economy,Mobile
S002732,U0063,Delhi,London,2026-07-10,2026-08-08,Business,Mobile
S002733,U0292,Mumbai,Paris,2026-01-29,2026-02-23,Economy,Mobile
S002734,U0091,Delhi,Bangkok,2026-02-17,2026-04-14,Economy,Mobile
S002735,U0152,Delhi,Dubai,2026-08-28,2026-09-23,Business,Tablet
S002736,U0424,Delhi,Bangkok,2026-08-14,2026-12-14,First,Desktop
S002737,U0157,Delhi,Tokyo,2026-01-16,2026-04-24,Economy,Desktop
S002738,U0309,Delhi,New York,2026-06-02,2026-09-09,First,Mobile
S002739,U0365,Bengaluru,London,2026-08-17,2026-11-14,Business,Desktop
S002740,U0150,Mumbai,London,2026-03-13,2026-05-11,Economy,Tablet
S002741,U0328,Mumbai,Dubai,2026-01-29,2026-06-07,Economy,Desktop
S002742,U0271,Delhi,Paris,2026-06-29,2026-09-28,Business,Mobile
S002743,U0369,Delhi,Bangkok,2026-02-15,2026-05-14,Economy,Mobile
S002744,U0069,Bengaluru,London,2026-06-02,2026-06-17,Economy,Tablet
S002745,U0116,Mumbai,Singapore,2026-08-22,2026-09-01,First,Mobile
S002746,U0192,Delhi,Dubai,2026-01-23,2026-07-17,Business,Desktop
S002747,U0004,Delhi,London,2026-06-11,2026-07-12,Economy,Mobile
S002748,U0075,Delhi,Singapore,2026-07-14,2026-08-23,Business,Mobile
S002749,U0402,Delhi,London,2026-04-04,2026-06-22,Economy,Desktop
S002750,U0298,Delhi,New York,2026-04-24,2026-09-14,Economy,Mobile
S002751,U0241,Mumbai,London,2026-02-03,2026-05-02,First,Mobile
S002752,U0030,Delhi,Paris,2026-06-09,2026-11-03,Business,Mobile
S002753,U0143,Mumbai,Dubai,2026-04-27,2026-09-17,Economy,Tablet
S002754,U0326,Delhi,New York,2026-01-29,2026-02-08,Business,Mobile
S002755,U0183,Mumbai,Singapore,2026-01-09,2026-06-26,Business,Desktop
S002756,U0437,Delhi,London,2026-07-13,2026-07-26,Economy,Mobile
S002757,U0016,Delhi,London,2026-07-04,2026-07-25,Economy,Desktop
S002758,U0111,Mumbai,Dubai,2026-02-08,2026-03-24,Economy,Tablet
S002759,U0360,Delhi,Tokyo,2026-05-15,2026-08-20,Business,Mobile
S002760,U0201,Delhi,Dubai,2026-04-20,2026-06-17,Economy,Mobile
S002761,U0107,Delhi,Paris,2026-03-10,2026-06-05,Economy,Mobile
S002762,U0379,Hyderabad,Dubai,2026-05-16,2026-08-30,Economy,Desktop
S002763,U0162,Mumbai,Paris,2026-04-06,2026-04-19,Economy,Mobile
S002764,U0283,Mumbai,Dubai,2026-04-29,2026-08-20,Business,Mobile
S002765,U0269,Delhi,Tokyo,2026-04-28,2026-06-18,Economy,Mobile
S002766,U0484,Delhi,London,2026-01-18,2026-03-24,Economy,Mobile
S002767,U0155,Delhi,Singapore,2026-04-12,2026-08-18,Business,Mobile
S002768,U0073,Delhi,Tokyo,2026-04-20,2026-05-17,Economy,Desktop
S002769,U0197,Mumbai,New York,2026-03-23,2026-09-01,Economy,Desktop
S002770,U0243,Delhi,Singapore,2026-06-26,2026-07-05,First,Mobile
S002771,U0086,Mumbai,Dubai,2026-04-15,2026-09-10,Business,Desktop
S002772,U0287,Mumbai,London,2026-08-25,2026-09-02,Business,Desktop
S002773,U0259,Mumbai,Singapore,2026-01-16,2026-02-20,Economy,Desktop
S002774,U0286,Mumbai,London,2026-01-21,2026-06-22,Economy,Mobile
S002775,U0149,Hyderabad,Dubai,2026-05-18,2026-06-30,Business,Mobile
S002776,U0355,Bengaluru,Dubai,2026-04-16,2026-10-12,Business,Desktop
S002777,U0390,Delhi,Tokyo,2026-05-12,2026-07-02,Economy,Desktop
S002778,U0476,Delhi,Singapore,2026-02-13,2026-07-21,Economy,Mobile
S002779,U0416,Bengaluru,London,2026-05-03,2026-09-06,Business,Mobile
S002780,U0426,Delhi,Tokyo,2026-05-16,2026-07-07,Economy,Mobile
S002781,U0485,Delhi,Bangkok,2026-04-21,2026-09-14,Economy,Mobile
S002782,U0190,Delhi,Singapore,2026-04-27,2026-06-25,Economy,Mobile
S002783,U0217,Delhi,Dubai,2026-05-06,2026-06-26,Business,Mobile
S002784,U0416,Delhi,London,2026-07-02,2026-08-09,Business,Mobile
S002785,U0355,Delhi,New York,2026-01-19,2026-02-12,Business,Desktop
S002786,U0086,Mumbai,New York,2026-08-27,2026-09-15,Economy,Mobile
S002787,U0216,Delhi,Bangkok,2026-03-05,2026-07-21,Economy,Desktop
S002788,U0423,Mumbai,Dubai,2026-02-09,2026-03-10,Economy,Desktop
S002789,U0320,Delhi,Dubai,2026-08-20,2026-10-27,Business,Mobile
S002790,U0118,Mumbai,London,2026-02-20,2026-04-21,Business,Mobile
S002791,U0414,Mumbai,London,2026-05-17,2026-07-31,First,Desktop
S002792,U0447,Delhi,Dubai,2026-06-07,2026-11-28,Economy,Mobile
S002793,U0370,Bengaluru,London,2026-02-25,2026-03-17,Business,Desktop
S002794,U0480,Mumbai,Singapore,2026-03-22,2026-07-04,Business,Desktop
S002795,U0415,Delhi,Paris,2026-08-20,2026-09-23,Economy,Desktop
S002796,U0087,Mumbai,London,2026-06-21,2026-09-30,Economy,Desktop
S002797,U0040,Mumbai,London,2026-07-06,2026-09-21,Business,Desktop
S002798,U0161,Mumbai,Singapore,2026-05-23,2026-08-04,First,Mobile
S002799,U0191,Delhi,Tokyo,2026-07-15,2026-12-25,Economy,Tablet
S002800,U0025,Delhi,London,2026-03-11,2026-06-25,First,Mobile
S002801,U0420,Mumbai,Paris,2026-05-08,2026-07-14,Business,Mobile
S002802,U0152,Mumbai,London,2026-05-06,2026-08-23,Economy,Mobile
S002803,U0095,Delhi,Bangkok,2026-03-02,2026-07-23,Economy,Desktop
S002804,U0442,Mumbai,Paris,2026-03-21,2026-07-24,Economy,Mobile
S002805,U0423,Mumbai,London,2026-08-06,2026-08-29,Economy,Desktop
S002806,U0046,Bengaluru,London,2026-05-01,2026-06-25,Economy,Mobile
S002807,U0461,Delhi,Dubai,2026-04-11,2026-07-04,Economy,Desktop
S002808,U0138,Delhi,Tokyo,2026-05-31,2026-07-22,First,Mobile
S002809,U0471,Delhi,Singapore,2026-03-18,2026-06-25,Business,Mobile
S002810,U0466,Delhi,Singapore,2026-06-24,2026-10-29,Business,Mobile
S002811,U0288,Bengaluru,London,2026-05-25,2026-06-13,Economy,Mobile
S002812,U0353,Delhi,Bangkok,2026-07-04,2026-08-24,Economy,Mobile
S002813,U0164,Mumbai,Dubai,2026-05-06,2026-05-29,Economy,Tablet
S002814,U0412,Bengaluru,London,2026-07-01,2026-08-23,Business,Mobile
S002815,U0400,Delhi,Singapore,2026-08-07,2026-10-14,Economy,Desktop
S002816,U0016,Mumbai,London,2026-06-29,2026-08-17,Economy,Mobile
S002817,U0018,Bengaluru,London,2026-01-22,2026-04-06,Business,Mobile
S002818,U0136,Mumbai,London,2026-08-17,2026-12-25,Economy,Mobile
S002819,U0490,Mumbai,London,2026-03-24,2026-07-17,Business,Mobile
S002820,U0464,Delhi,Bangkok,2026-06-16,2026-07-20,Economy,Desktop
S002821,U0247,Delhi,Dubai,2026-08-15,2027-02-10,Economy,Desktop
S002822,U0248,Bengaluru,London,2026-05-21,2026-11-12,Business,Mobile
S002823,U0331,Mumbai,Dubai,2026-03-19,2026-06-27,Business,Desktop
S002824,U0198,Delhi,London,2026-08-28,2026-12-30,Economy,Mobile
S002825,U0001,Delhi,Dubai,2026-04-05,2026-09-22,Economy,Desktop
S002826,U0190,Mumbai,New York,2026-04-19,2026-07-25,Business,Desktop
S002827,U0381,Bengaluru,London,2026-07-13,2026-10-11,First,Desktop
S002828,U0460,Delhi,London,2026-04-20,2026-05-29,Business,Mobile
S002829,U0294,Delhi,London,2026-02-21,2026-03-24,Business,Mobile
S002830,U0476,Delhi,Tokyo,2026-04-13,2026-05-08,Economy,Mobile
S002831,U0045,Delhi,London,2026-04-11,2026-08-01,Economy,Tablet
S002832,U0442,Delhi,Tokyo,2026-05-22,2026-06-30,Economy,Desktop
S002833,U0337,Mumbai,Dubai,2026-07-20,2026-10-01,Business,Mobile
S002834,U0385,Delhi,Paris,2026-07-21,2026-12-16,Economy,Desktop
S002835,U0032,Mumbai,Dubai,2026-03-04,2026-08-18,Business,Desktop
S002836,U0392,Delhi,Bangkok,2026-07-18,2026-09-04,Business,Mobile
S002837,U0118,Bengaluru,London,2026-01-28,2026-05-09,First,Desktop
S002838,U0296,Delhi,Singapore,2026-08-26,2026-10-18,Economy,Mobile
S002839,U0184,Delhi,London,2026-08-05,2026-09-15,Economy,Mobile
S002840,U0191,Delhi,Paris,2026-02-15,2026-06-18,Economy,Mobile
S002841,U0235,Mumbai,New York,2026-01-28,2026-07-13,Economy,Mobile
S002842,U0238,Delhi,London,2026-01-02,2026-03-25,Business,Desktop
S002843,U0216,Delhi,London,2026-05-07,2026-10-02,Economy,Mobile
S002844,U0074,Mumbai,Paris,2026-01-17,2026-06-18,First,Mobile
S002845,U0111,Mumbai,Dubai,2026-02-28,2026-07-12,First,Mobile
S002846,U0103,Mumbai,New York,2026-06-29,2026-08-29,Business,Desktop
S002847,U0359,Delhi,Singapore,2026-05-12,2026-08-24,Economy,Desktop
S002848,U0074,Delhi,Bangkok,2026-03-18,2026-07-10,Economy,Desktop
S002849,U0420,Bengaluru,Dubai,2026-07-29,2026-09-22,Economy,Mobile
S002850,U0473,Hyderabad,Dubai,2026-05-11,2026-09-07,Economy,Desktop
S002851,U0252,Delhi,Dubai,2026-04-25,2026-09-12,Economy,Desktop
S002852,U0114,Delhi,Bangkok,2026-06-14,2026-08-29,Economy,Mobile
S002853,U0379,Mumbai,Dubai,2026-04-07,2026-07-08,Business,Desktop
S002854,U0313,Delhi,New York,2026-04-15,2026-09-04,Economy,Desktop
S002855,U0330,Mumbai,Singapore,2026-01-24,2026-06-22,Economy,Desktop
S002856,U0339,Delhi,London,2026-07-19,2026-12-26,Business,Desktop
S002857,U0238,Bengaluru,Dubai,2026-02-04,2026-03-21,First,Desktop
S002858,U0173,Delhi,London,2026-01-02,2026-05-19,Business,Mobile
S002859,U0079,Bengaluru,London,2026-02-02,2026-02-18,Economy,Desktop
S002860,U0464,Mumbai,Paris,2026-03-17,2026-03-26,Business,Desktop
S002861,U0386,Mumbai,Paris,2026-03-27,2026-05-18,Business,Mobile
S002862,U0093,Delhi,Dubai,2026-07-24,2026-12-27,Business,Desktop
S002863,U0452,Delhi,Singapore,2026-05-18,2026-07-30,Economy,Desktop
S002864,U0050,Delhi,Bangkok,2026-03-22,2026-07-03,Business,Mobile
S002865,U0285,Mumbai,Dubai,2026-03-03,2026-03-28,Economy,Desktop
S002866,U0223,Delhi,Singapore,2026-02-12,2026-04-21,First,Mobile
S002867,U0081,Mumbai,Dubai,2026-07-16,2026-10-28,Economy,Desktop
S002868,U0266,Delhi,Singapore,2026-05-01,2026-07-03,First,Mobile
S002869,U0155,Delhi,Tokyo,2026-02-28,2026-06-09,First,Desktop
S002870,U0373,Delhi,Singapore,2026-01-09,2026-05-02,Economy,Mobile
S002871,U0233,Delhi,New York,2026-03-18,2026-06-20,First,Desktop
S002872,U0399,Delhi,Singapore,2026-07-07,2026-12-01,Economy,Tablet
S002873,U0316,Delhi,Singapore,2026-03-04,2026-08-01,Economy,Mobile
S002874,U0236,Delhi,London,2026-02-21,2026-07-21,Economy,Desktop
S002875,U0159,Mumbai,Dubai,2026-01-23,2026-05-24,First,Mobile
S002876,U0405,Delhi,Singapore,2026-01-30,2026-06-04,Economy,Desktop
S002877,U0316,Mumbai,New York,2026-06-20,2026-08-17,Business,Desktop
S002878,U0251,Delhi,Singapore,2026-07-15,2026-08-31,Business,Tablet
S002879,U0314,Mumbai,London,2026-01-21,2026-03-16,First,Desktop
S002880,U0425,Mumbai,London,2026-02-12,2026-05-20,Business,Mobile
S002881,U0430,Mumbai,Dubai,2026-07-20,2026-09-03,Economy,Mobile
S002882,U0301,Bengaluru,Dubai,2026-05-15,2026-06-03,Economy,Desktop
S002883,U0380,Mumbai,Singapore,2026-01-16,2026-06-03,Economy,Mobile
S002884,U0282,Delhi,London,2026-01-23,2026-05-05,Business,Mobile
S002885,U0102,Delhi,London,2026-07-05,2026-10-28,Economy,Mobile
S002886,U0051,Hyderabad,Dubai,2026-03-28,2026-07-16,Economy,Desktop
S002887,U0420,Mumbai,Dubai,2026-01-31,2026-05-15,Business,Mobile
S002888,U0052,Mumbai,Paris,2026-05-01,2026-06-19,Economy,Desktop
S002889,U0209,Delhi,London,2026-03-10,2026-06-12,Business,Desktop
S002890,U0307,Bengaluru,Dubai,2026-05-14,2026-08-21,Economy,Desktop
S002891,U0131,Delhi,Tokyo,2026-04-25,2026-10-22,Economy,Mobile
S002892,U0270,Delhi,New York,2026-07-12,2026-11-21,Economy,Mobile
S002893,U0433,Delhi,London,2026-02-28,2026-06-23,Economy,Mobile
S002894,U0205,Mumbai,Dubai,2026-08-28,2026-10-20,Business,Tablet
S002895,U0489,Delhi,Singapore,2026-06-05,2026-09-11,Economy,Mobile
S002896,U0219,Delhi,Singapore,2026-05-26,2026-11-01,Economy,Mobile
S002897,U0257,Mumbai,Dubai,2026-08-04,2026-09-20,Business,Mobile
S002898,U0185,Delhi,London,2026-03-18,2026-03-27,Business,Desktop
S002899,U0145,Delhi,New York,2026-08-13,2026-12-18,Business,Desktop
S002900,U0496,Mumbai,Singapore,2026-05-18,2026-08-09,First,Mobile
S002901,U0178,Mumbai,Dubai,2026-01-07,2026-04-18,Business,Mobile
S002902,U0482,Delhi,London,2026-02-06,2026-02-25,Economy,Desktop
S002903,U0014,Hyderabad,Dubai,2026-08-12,2026-12-01,Business,Mobile
S002904,U0246,Mumbai,Singapore,2026-06-22,2026-07-16,Economy,Desktop
S002905,U0187,Delhi,Paris,2026-03-27,2026-05-09,Economy,Desktop
S002906,U0337,Delhi,Singapore,2026-01-16,2026-07-12,Economy,Desktop
S002907,U0259,Delhi,London,2026-08-04,2027-01-19,Economy,Desktop
S002908,U0354,Mumbai,Dubai,2026-04-26,2026-06-26,Economy,Desktop
S002909,U0040,Mumbai,London,2026-04-28,2026-06-25,Economy,Desktop
S002910,U0089,Delhi,Bangkok,2026-01-14,2026-02-25,Economy,Mobile
S002911,U0125,Bengaluru,London,2026-05-19,2026-09-16,Business,Mobile
S002912,U0450,Mumbai,Dubai,2026-07-30,2026-09-26,First,Desktop
S002913,U0418,Hyderabad,Dubai,2026-03-28,2026-04-22,Business,Mobile
S002914,U0474,Mumbai,London,2026-06-11,2026-11-04,Business,Desktop
S002915,U0351,Hyderabad,Dubai,2026-07-07,2026-10-13,Economy,Mobile
S002916,U0009,Hyderabad,Dubai,2026-04-14,2026-09-06,Business,Desktop
S002917,U0350,Delhi,Dubai,2026-05-21,2026-07-14,Economy,Desktop
S002918,U0084,Mumbai,London,2026-06-16,2026-10-01,Economy,Desktop
S002919,U0021,Mumbai,Singapore,2026-02-13,2026-05-29,Economy,Mobile
S002920,U0477,Bengaluru,London,2026-01-28,2026-06-27,Economy,Tablet
S002921,U0281,Mumbai,Singapore,2026-06-17,2026-08-09,Economy,Mobile
S002922,U0358,Hyderabad,Dubai,2026-01-16,2026-03-30,Economy,Mobile
S002923,U0378,Delhi,Paris,2026-02-19,2026-03-28,Economy,Mobile
S002924,U0172,Mumbai,Dubai,2026-04-25,2026-07-16,Economy,Tablet
S002925,U0025,Delhi,Dubai,2026-06-05,2026-06-19,Economy,Mobile
S002926,U0393,Bengaluru,London,2026-03-09,2026-04-28,First,Desktop
S002927,U0103,Delhi,Dubai,2026-04-02,2026-05-13,Economy,Desktop
S002928,U0190,Mumbai,Paris,2026-05-01,2026-05-21,Economy,Desktop
S002929,U0236,Mumbai,London,2026-07-07,2026-10-31,Business,Desktop
S002930,U0410,Mumbai,London,2026-05-20,2026-05-30,Business,Desktop
S002931,U0313,Delhi,London,2026-01-16,2026-06-16,Economy,Desktop
S002932,U0037,Bengaluru,London,2026-02-22,2026-06-20,Business,Desktop
S002933,U0272,Delhi,Dubai,2026-07-01,2026-09-14,Economy,Mobile
S002934,U0293,Mumbai,Paris,2026-02-18,2026-07-26,Economy,Mobile
S002935,U0332,Mumbai,Singapore,2026-06-13,2026-08-07,Economy,Mobile
S002936,U0152,Mumbai,Paris,2026-03-03,2026-05-03,Business,Mobile
S002937,U0282,Delhi,New York,2026-03-25,2026-08-29,Economy,Mobile
S002938,U0020,Delhi,London,2026-06-03,2026-08-29,Business,Desktop
S002939,U0137,Delhi,Paris,2026-02-25,2026-07-21,Economy,Tablet
S002940,U0471,Delhi,London,2026-04-30,2026-09-22,Business,Mobile
S002941,U0359,Mumbai,Singapore,2026-03-31,2026-07-30,Economy,Desktop
S002942,U0029,Delhi,Dubai,2026-05-30,2026-08-19,Economy,Mobile
S002943,U0031,Delhi,Paris,2026-04-30,2026-08-12,Business,Mobile
S002944,U0019,Bengaluru,Dubai,2026-03-14,2026-07-25,Business,Desktop
S002945,U0148,Delhi,New York,2026-03-10,2026-07-05,Economy,Tablet
S002946,U0471,Mumbai,Singapore,2026-07-28,2026-11-12,Business,Mobile
S002947,U0491,Delhi,Paris,2026-06-26,2026-10-24,Business,Mobile
S002948,U0283,Delhi,London,2026-04-08,2026-05-13,Economy,Mobile
S002949,U0350,Bengaluru,Dubai,2026-01-02,2026-03-11,First,Mobile
S002950,U0341,Delhi,Dubai,2026-02-22,2026-04-22,Business,Desktop
S002951,U0300,Hyderabad,Dubai,2026-04-29,2026-08-30,Economy,Desktop
S002952,U0163,Delhi,Paris,2026-01-07,2026-04-14,Economy,Desktop
S002953,U0113,Mumbai,Paris,2026-08-16,2026-12-06,Business,Mobile
S002954,U0455,Bengaluru,London,2026-07-24,2026-10-24,Economy,Desktop
S002955,U0150,Mumbai,Singapore,2026-05-28,2026-10-09,Economy,Mobile
S002956,U0330,Delhi,New York,2026-08-10,2026-11-24,Economy,Desktop
S002957,U0255,Delhi,London,2026-06-07,2026-09-15,Business,Mobile
S002958,U0087,Mumbai,New York,2026-03-16,2026-06-06,Economy,Desktop
S002959,U0399,Mumbai,New York,2026-04-05,2026-04-14,Business,Desktop
S002960,U0350,Delhi,Tokyo,2026-07-14,2026-10-09,Economy,Desktop
S002961,U0098,Mumbai,Singapore,2026-07-06,2026-10-25,Economy,Mobile
S002962,U0397,Delhi,London,2026-07-13,2026-08-20,Business,Desktop
S002963,U0132,Mumbai,Dubai,2026-08-28,2026-09-11,Business,Desktop
S002964,U0466,Bengaluru,London,2026-01-03,2026-04-06,Economy,Desktop
S002965,U0312,Mumbai,Dubai,2026-07-03,2026-08-08,Economy,Mobile
S002966,U0407,Mumbai,Dubai,2026-03-20,2026-08-16,Economy,Mobile
S002967,U0097,Delhi,Bangkok,2026-01-17,2026-04-07,Business,Mobile
S002968,U0098,Delhi,New York,2026-04-22,2026-08-29,Economy,Mobile
S002969,U0290,Mumbai,Singapore,2026-02-21,2026-06-28,Business,Desktop
S002970,U0356,Mumbai,London,2026-01-07,2026-02-20,Business,Desktop
S002971,U0227,Delhi,Paris,2026-04-22,2026-09-18,Economy,Mobile
S002972,U0145,Mumbai,Dubai,2026-05-13,2026-10-24,Economy,Tablet
S002973,U0156,Delhi,Paris,2026-08-14,2027-02-10,Economy,Mobile
S002974,U0270,Delhi,London,2026-08-13,2027-01-20,Economy,Mobile
S002975,U0162,Delhi,Bangkok,2026-02-23,2026-06-24,Economy,Mobile
S002976,U0112,Mumbai,Singapore,2026-03-02,2026-06-25,Economy,Desktop
S002977,U0331,Delhi,Singapore,2026-04-19,2026-07-12,Business,Desktop
S002978,U0185,Mumbai,New York,2026-01-16,2026-02-27,Economy,Mobile
S002979,U0205,Mumbai,New York,2026-08-17,2026-11-21,First,Desktop
S002980,U0097,Delhi,Dubai,2026-07-14,2026-12-26,Economy,Mobile
S002981,U0377,Delhi,Paris,2026-07-06,2026-08-21,Economy,Mobile
S002982,U0055,Mumbai,Dubai,2026-02-16,2026-05-07,Business,Mobile
S002983,U0450,Delhi,Tokyo,2026-02-17,2026-04-10,Business,Mobile
S002984,U0482,Mumbai,Paris,2026-08-23,2026-12-14,Economy,Desktop
S002985,U0117,Mumbai,London,2026-05-01,2026-10-24,Business,Desktop
S002986,U0093,Mumbai,Paris,2026-03-05,2026-08-04,Business,Mobile
S002987,U0293,Mumbai,London,2026-02-19,2026-06-05,Business,Mobile
S002988,U0452,Delhi,Dubai,2026-08-01,2027-01-18,Economy,Mobile
S002989,U0204,Hyderabad,Dubai,2026-02-10,2026-04-18,Business,Mobile
S002990,U0282,Bengaluru,London,2026-07-19,2027-01-09,Business,Mobile
S002991,U0189,Delhi,Singapore,2026-01-22,2026-01-31,Business,Mobile
S002992,U0476,Delhi,Singapore,2026-04-25,2026-07-22,Business,Desktop
S002993,U0323,Mumbai,London,2026-07-01,2026-07-14,First,Mobile
S002994,U0084,Hyderabad,Dubai,2026-01-05,2026-02-11,Economy,Mobile
S002995,U0458,Delhi,Dubai,2026-05-25,2026-08-04,Economy,Tablet
S002996,U0180,Mumbai,London,2026-04-11,2026-07-21,Economy,Mobile
S002997,U0274,Mumbai,Singapore,2026-03-19,2026-05-28,Economy,Mobile
S002998,U0181,Mumbai,Singapore,2026-08-19,2026-11-10,Economy,Mobile
S002999,U0447,Mumbai,Singapore,2026-02-10,2026-02-19,Business,Mobile
S003000,U0181,Delhi,Dubai,2026-04-02,2026-07-10,Economy,Mobile
S003001,U0283,Delhi,Dubai,2026-08-11,2026-09-21,Business,Mobile
S003002,U0287,Mumbai,Dubai,2026-07-28,2026-08-18,Business,Desktop
S003003,U0475,Bengaluru,Dubai,2026-06-12,2026-07-09,Economy,Desktop
S003004,U0106,Delhi,Dubai,2026-06-17,2026-08-24,Business,Desktop
S003005,U0129,Delhi,Paris,2026-01-22,2026-04-21,Economy,Mobile
S003006,U0262,Delhi,Paris,2026-08-25,2027-02-03,Business,Mobile
S003007,U0011,Mumbai,Paris,2026-06-25,2026-07-05,Business,Mobile
S003008,U0162,Delhi,Tokyo,2026-02-22,2026-07-19,Economy,Mobile
S003009,U0487,Mumbai,Dubai,2026-04-03,2026-09-23,Economy,Mobile
S003010,U0468,Mumbai,Dubai,2026-01-10,2026-03-24,Economy,Mobile
S003011,U0447,Delhi,Singapore,2026-05-26,2026-09-03,Business,Mobile
S003012,U0181,Mumbai,Dubai,2026-08-15,2026-10-18,Business,Mobile
S003013,U0213,Delhi,Paris,2026-08-24,2027-01-07,Economy,Mobile
S003014,U0469,Mumbai,New York,2026-07-27,2026-08-27,Business,Mobile
S003015,U0274,Delhi,Tokyo,2026-02-18,2026-03-07,Economy,Mobile
S003016,U0021,Delhi,London,2026-03-12,2026-03-19,Economy,Mobile
S003017,U0275,Bengaluru,Dubai,2026-06-07,2026-07-31,First,Mobile
S003018,U0260,Mumbai,Dubai,2026-01-19,2026-05-18,Economy,Mobile
S003019,U0333,Mumbai,Singapore,2026-02-24,2026-07-18,First,Mobile
S003020,U0466,Delhi,Singapore,2026-07-07,2026-10-02,Business,Mobile
S003021,U0116,Delhi,Paris,2026-08-03,2026-09-08,First,Mobile
S003022,U0413,Delhi,Singapore,2026-07-19,2027-01-04,Economy,Desktop
S003023,U0025,Bengaluru,Dubai,2026-07-28,2026-11-25,Economy,Mobile
S003024,U0440,Delhi,Tokyo,2026-01-21,2026-02-15,Economy,Mobile
S003025,U0333,Delhi,Tokyo,2026-01-26,2026-05-22,Business,Mobile
S003026,U0254,Delhi,London,2026-01-28,2026-03-09,Business,Mobile
S003027,U0447,Delhi,Bangkok,2026-06-16,2026-07-24,Economy,Mobile
S003028,U0411,Mumbai,Paris,2026-06-10,2026-08-31,Business,Tablet
S003029,U0444,Delhi,Dubai,2026-02-09,2026-06-21,Economy,Desktop
S003030,U0211,Delhi,Dubai,2026-07-30,2026-12-17,Economy,Mobile
S003031,U0305,Delhi,Dubai,2026-01-29,2026-06-25,Economy,Desktop
S003032,U0321,Delhi,London,2026-01-20,2026-04-22,Economy,Mobile
S003033,U0422,Delhi,New York,2026-01-20,2026-04-11,Economy,Mobile
S003034,U0339,Hyderabad,Dubai,2026-03-15,2026-08-03,Economy,Desktop
S003035,U0436,Delhi,Singapore,2026-05-20,2026-07-10,Business,Mobile
S003036,U0257,Delhi,New York,2026-04-30,2026-10-26,Business,Mobile
S003037,U0168,Hyderabad,Dubai,2026-04-07,2026-06-17,Economy,Desktop
S003038,U0337,Mumbai,Dubai,2026-04-30,2026-08-08,Business,Desktop
S003039,U0021,Delhi,Bangkok,2026-01-25,2026-02-19,Business,Tablet
S003040,U0086,Delhi,New York,2026-06-02,2026-10-05,Economy,Desktop
S003041,U0015,Delhi,New York,2026-01-04,2026-02-26,Business,Desktop
S003042,U0050,Mumbai,London,2026-01-04,2026-02-25,Business,Mobile
S003043,U0487,Delhi,New York,2026-05-17,2026-06-21,Business,Mobile
S003044,U0304,Delhi,London,2026-05-23,2026-09-06,Business,Desktop
S003045,U0487,Delhi,Paris,2026-01-26,2026-04-07,Business,Tablet
S003046,U0416,Mumbai,Dubai,2026-03-20,2026-08-24,Economy,Mobile
S003047,U0305,Delhi,Tokyo,2026-03-31,2026-08-12,Business,Tablet
S003048,U0196,Mumbai,London,2026-08-08,2026-10-04,Economy,Mobile
S003049,U0364,Delhi,Dubai,2026-03-12,2026-04-09,Business,Mobile
S003050,U0301,Bengaluru,London,2026-06-09,2026-10-03,Economy,Mobile
S003051,U0288,Delhi,Dubai,2026-03-17,2026-06-02,Economy,Mobile
S003052,U0388,Delhi,Paris,2026-04-09,2026-05-18,Business,Desktop
S003053,U0245,Hyderabad,Dubai,2026-06-29,2026-11-09,Economy,Mobile
S003054,U0449,Mumbai,Paris,2026-05-07,2026-08-30,Business,Desktop
S003055,U0353,Delhi,London,2026-02-01,2026-05-18,Economy,Mobile
S003056,U0455,Delhi,New York,2026-01-09,2026-02-28,Business,Mobile
S003057,U0201,Bengaluru,London,2026-03-19,2026-04-01,Economy,Desktop
S003058,U0193,Delhi,Bangkok,2026-01-13,2026-05-27,Economy,Mobile
S003059,U0336,Delhi,London,2026-07-03,2026-10-08,Economy,Desktop
S003060,U0146,Mumbai,Singapore,2026-05-04,2026-09-17,Business,Mobile
S003061,U0310,Mumbai,Singapore,2026-06-21,2026-07-14,Business,Mobile
S003062,U0127,Delhi,Dubai,2026-08-13,2026-10-23,Business,Desktop
S003063,U0175,Mumbai,London,2026-04-06,2026-07-31,First,Desktop
S003064,U0134,Delhi,Singapore,2026-03-24,2026-04-29,Business,Desktop
S003065,U0066,Delhi,Bangkok,2026-06-07,2026-09-13,First,Desktop
S003066,U0393,Bengaluru,Dubai,2026-05-24,2026-10-31,Economy,Desktop
S003067,U0452,Mumbai,New York,2026-05-20,2026-11-05,Economy,Mobile
S003068,U0365,Delhi,Singapore,2026-07-21,2026-10-10,Economy,Desktop
S003069,U0279,Mumbai,Dubai,2026-07-13,2026-12-22,Economy,Mobile
S003070,U0246,Hyderabad,Dubai,2026-01-18,2026-06-26,Business,Mobile
S003071,U0363,Hyderabad,Dubai,2026-05-21,2026-09-09,Economy,Mobile
S003072,U0237,Bengaluru,Dubai,2026-04-03,2026-05-10,Business,Mobile
S003073,U0171,Mumbai,Paris,2026-01-24,2026-05-07,Business,Mobile
S003074,U0051,Mumbai,London,2026-04-12,2026-06-08,First,Mobile
S003075,U0328,Mumbai,Paris,2026-05-20,2026-07-23,Business,Mobile
S003076,U0359,Delhi,Singapore,2026-03-01,2026-04-10,Economy,Desktop
S003077,U0153,Mumbai,London,2026-03-01,2026-03-28,Economy,Desktop
S003078,U0080,Delhi,Paris,2026-08-09,2026-09-21,Economy,Desktop
S003079,U0419,Delhi,London,2026-08-02,2026-10-11,Economy,Mobile
S003080,U0145,Delhi,London,2026-04-10,2026-09-10,Business,Desktop
S003081,U0274,Delhi,Singapore,2026-01-01,2026-05-11,Business,Mobile
S003082,U0155,Delhi,Singapore,2026-02-12,2026-05-30,Economy,Desktop
S003083,U0399,Delhi,Tokyo,2026-02-24,2026-06-29,Business,Mobile
S003084,U0337,Delhi,Dubai,2026-06-17,2026-09-16,Business,Mobile
S003085,U0363,Delhi,Dubai,2026-07-11,2026-10-03,Economy,Mobile
S003086,U0325,Delhi,Dubai,2026-02-03,2026-05-24,Economy,Desktop
S003087,U0336,Delhi,London,2026-02-03,2026-04-22,Business,Desktop
S003088,U0143,Delhi,London,2026-06-25,2026-10-12,Business,Desktop
S003089,U0298,Bengaluru,London,2026-06-10,2026-09-01,Economy,Mobile
S003090,U0494,Delhi,Singapore,2026-07-15,2026-11-08,Economy,Mobile
S003091,U0034,Delhi,Paris,2026-08-18,2026-09-12,Economy,Desktop
S003092,U0304,Hyderabad,Dubai,2026-06-07,2026-10-21,Economy,Mobile
S003093,U0467,Bengaluru,London,2026-04-20,2026-09-07,Business,Tablet
S003094,U0392,Delhi,London,2026-03-25,2026-09-04,Economy,Mobile
S003095,U0239,Delhi,Dubai,2026-03-31,2026-09-22,Economy,Tablet
S003096,U0138,Delhi,Tokyo,2026-03-20,2026-08-06,Economy,Desktop
S003097,U0254,Mumbai,Singapore,2026-03-12,2026-09-03,Business,Desktop
S003098,U0005,Delhi,Bangkok,2026-03-12,2026-05-19,Economy,Mobile
S003099,U0372,Delhi,Bangkok,2026-04-24,2026-10-05,Economy,Mobile
S003100,U0176,Bengaluru,Dubai,2026-01-29,2026-05-18,Business,Desktop
S003101,U0373,Bengaluru,Dubai,2026-05-31,2026-09-14,Economy,Desktop
S003102,U0410,Delhi,New York,2026-06-11,2026-11-19,Economy,Mobile
S003103,U0214,Mumbai,London,2026-07-31,2026-09-27,Economy,Mobile
S003104,U0364,Hyderabad,Dubai,2026-05-23,2026-07-17,Business,Desktop
S003105,U0023,Delhi,New York,2026-04-07,2026-07-22,First,Desktop
S003106,U0318,Delhi,London,2026-02-22,2026-07-04,Economy,Desktop
S003107,U0013,Mumbai,New York,2026-05-25,2026-09-26,Economy,Desktop
S003108,U0393,Delhi,New York,2026-03-05,2026-05-04,Economy,Desktop
S003109,U0241,Delhi,Tokyo,2026-07-31,2026-12-03,Business,Mobile
S003110,U0276,Bengaluru,London,2026-03-02,2026-07-19,Business,Mobile
S003111,U0092,Mumbai,London,2026-07-04,2026-11-24,Business,Mobile
S003112,U0108,Hyderabad,Dubai,2026-07-24,2027-01-08,Business,Tablet
S003113,U0441,Mumbai,Paris,2026-04-18,2026-07-31,Business,Mobile
S003114,U0229,Mumbai,New York,2026-08-04,2026-09-15,Business,Mobile
S003115,U0152,Mumbai,Dubai,2026-08-27,2027-01-28,Business,Mobile
S003116,U0108,Mumbai,London,2026-02-06,2026-05-04,Economy,Mobile
S003117,U0289,Bengaluru,London,2026-05-15,2026-08-14,Economy,Desktop
S003118,U0404,Delhi,London,2026-01-08,2026-04-07,Economy,Desktop
S003119,U0444,Mumbai,Dubai,2026-08-03,2026-10-11,Economy,Desktop
S003120,U0176,Delhi,Paris,2026-03-19,2026-05-31,Business,Mobile
S003121,U0320,Mumbai,Singapore,2026-03-09,2026-08-20,Economy,Desktop
S003122,U0286,Delhi,Singapore,2026-01-21,2026-01-30,Business,Mobile
S003123,U0364,Delhi,Dubai,2026-07-08,2026-08-25,Economy,Desktop
S003124,U0329,Delhi,Singapore,2026-08-26,2026-09-25,Business,Mobile
S003125,U0365,Mumbai,Paris,2026-07-21,2026-09-09,Economy,Mobile
S003126,U0241,Mumbai,Dubai,2026-08-02,2026-12-15,Economy,Mobile
S003127,U0145,Delhi,London,2026-04-04,2026-08-03,Economy,Desktop
S003128,U0356,Bengaluru,London,2026-08-10,2026-09-21,Business,Desktop
S003129,U0014,Hyderabad,Dubai,2026-07-27,2026-09-09,Economy,Mobile
S003130,U0275,Mumbai,New York,2026-03-16,2026-09-10,Economy,Mobile
S003131,U0071,Delhi,Dubai,2026-08-02,2026-10-29,Economy,Desktop
S003132,U0315,Mumbai,London,2026-06-06,2026-07-11,Business,Mobile
S003133,U0195,Delhi,Bangkok,2026-06-02,2026-07-19,Economy,Mobile
S003134,U0353,Mumbai,Dubai,2026-07-05,2026-10-07,First,Mobile
S003135,U0300,Mumbai,New York,2026-05-22,2026-07-15,Business,Desktop
S003136,U0416,Delhi,Singapore,2026-03-19,2026-07-17,Economy,Mobile
S003137,U0367,Delhi,Dubai,2026-03-07,2026-04-04,Business,Tablet
S003138,U0011,Mumbai,Paris,2026-07-01,2026-10-14,Economy,Mobile
S003139,U0106,Delhi,Paris,2026-07-24,2026-08-16,Business,Mobile
S003140,U0258,Bengaluru,London,2026-07-14,2026-10-14,Economy,Mobile
S003141,U0474,Mumbai,Dubai,2026-06-07,2026-10-24,First,Desktop
S003142,U0381,Delhi,London,2026-05-26,2026-08-01,Business,Mobile
S003143,U0196,Delhi,New York,2026-02-23,2026-05-29,Business,Desktop
S003144,U0145,Delhi,New York,2026-04-10,2026-08-28,Economy,Mobile
S003145,U0465,Delhi,Dubai,2026-01-21,2026-04-18,Economy,Mobile
S003146,U0220,Delhi,London,2026-02-22,2026-06-03,Business,Desktop
S003147,U0350,Delhi,London,2026-03-24,2026-08-22,Business,Desktop
S003148,U0424,Hyderabad,Dubai,2026-05-24,2026-07-28,Economy,Mobile
S003149,U0471,Mumbai,Paris,2026-06-05,2026-11-25,Economy,Desktop
S003150,U0174,Bengaluru,Dubai,2026-01-04,2026-03-05,Economy,Desktop
S003151,U0216,Delhi,Dubai,2026-02-24,2026-07-06,Business,Mobile
S003152,U0093,Hyderabad,Dubai,2026-01-15,2026-07-05,Economy,Mobile
S003153,U0260,Delhi,Dubai,2026-03-05,2026-04-28,Economy,Mobile
S003154,U0422,Mumbai,Singapore,2026-07-12,2026-09-24,Economy,Mobile
S003155,U0063,Delhi,Bangkok,2026-04-22,2026-08-13,Economy,Desktop
S003156,U0029,Mumbai,London,2026-08-27,2026-11-19,Economy,Mobile
S003157,U0275,Delhi,Singapore,2026-05-24,2026-08-15,First,Mobile
S003158,U0347,Delhi,Dubai,2026-04-28,2026-05-31,Economy,Mobile
S003159,U0285,Delhi,Dubai,2026-01-20,2026-04-24,Business,Tablet
S003160,U0484,Mumbai,New York,2026-03-05,2026-08-13,Economy,Desktop
S003161,U0419,Bengaluru,London,2026-02-02,2026-04-21,Economy,Mobile
S003162,U0372,Mumbai,Paris,2026-03-22,2026-05-14,Economy,Mobile
S003163,U0070,Delhi,New York,2026-07-16,2026-11-02,Business,Mobile
S003164,U0379,Mumbai,New York,2026-05-06,2026-06-02,Business,Desktop
S003165,U0279,Delhi,London,2026-03-10,2026-07-09,Economy,Mobile
S003166,U0231,Delhi,Dubai,2026-07-05,2026-09-06,Economy,Tablet
S003167,U0302,Hyderabad,Dubai,2026-06-16,2026-10-05,Business,Mobile
S003168,U0255,Delhi,London,2026-07-24,2026-11-02,First,Desktop
S003169,U0172,Bengaluru,London,2026-08-24,2027-02-16,Economy,Desktop
S003170,U0432,Delhi,Dubai,2026-06-13,2026-10-07,Business,Desktop
S003171,U0180,Delhi,Paris,2026-04-04,2026-05-07,Economy,Mobile
S003172,U0264,Bengaluru,London,2026-03-09,2026-07-21,Economy,Desktop
S003173,U0183,Mumbai,Dubai,2026-03-28,2026-09-11,Economy,Mobile
S003174,U0322,Mumbai,Dubai,2026-01-21,2026-04-13,Economy,Mobile
S003175,U0205,Bengaluru,London,2026-03-04,2026-04-14,Business,Desktop
S003176,U0424,Delhi,Singapore,2026-03-26,2026-07-08,Economy,Tablet
S003177,U0249,Delhi,Dubai,2026-05-14,2026-10-11,Business,Desktop
S003178,U0213,Delhi,Paris,2026-01-24,2026-03-07,Business,Mobile
S003179,U0159,Delhi,Dubai,2026-04-21,2026-07-02,Economy,Desktop
S003180,U0500,Delhi,Bangkok,2026-06-30,2026-08-31,Economy,Mobile
S003181,U0432,Mumbai,Singapore,2026-04-05,2026-09-03,Business,Mobile
S003182,U0100,Delhi,Dubai,2026-03-24,2026-08-25,Economy,Desktop
S003183,U0317,Bengaluru,London,2026-04-12,2026-07-21,Economy,Mobile
S003184,U0112,Mumbai,Singapore,2026-07-23,2026-11-12,Economy,Tablet
S003185,U0308,Mumbai,Dubai,2026-03-19,2026-06-17,Economy,Mobile
S003186,U0166,Delhi,Singapore,2026-06-27,2026-11-16,Business,Mobile
S003187,U0475,Mumbai,Dubai,2026-05-04,2026-10-03,Business,Desktop
S003188,U0036,Mumbai,Dubai,2026-05-20,2026-06-13,Economy,Desktop
S003189,U0112,Delhi,Dubai,2026-07-03,2026-12-02,Business,Mobile
S003190,U0087,Mumbai,London,2026-04-30,2026-09-08,First,Mobile
S003191,U0183,Mumbai,Dubai,2026-01-15,2026-01-23,Economy,Desktop
S003192,U0085,Bengaluru,London,2026-03-24,2026-06-14,Economy,Mobile
S003193,U0269,Bengaluru,London,2026-08-08,2026-12-30,First,Mobile
S003194,U0165,Mumbai,Singapore,2026-06-17,2026-11-12,First,Desktop
S003195,U0303,Mumbai,Paris,2026-06-18,2026-07-20,Economy,Mobile
S003196,U0090,Delhi,Bangkok,2026-07-16,2026-09-07,Economy,Tablet
S003197,U0488,Delhi,New York,2026-07-16,2026-08-21,Economy,Desktop
S003198,U0455,Mumbai,New York,2026-01-06,2026-03-09,Economy,Tablet
S003199,U0238,Mumbai,Dubai,2026-08-03,2026-12-06,Business,Mobile
S003200,U0487,Delhi,Tokyo,2026-03-08,2026-08-31,Economy,Tablet
S003201,U0022,Delhi,London,2026-08-17,2027-01-02,Economy,Mobile
S003202,U0167,Mumbai,London,2026-06-10,2026-11-02,Economy,Mobile
S003203,U0215,Delhi,Paris,2026-06-20,2026-11-25,First,Mobile
S003204,U0058,Delhi,London,2026-05-02,2026-10-20,Economy,Mobile
S003205,U0030,Delhi,Dubai,2026-05-29,2026-10-12,Economy,Mobile
S003206,U0402,Delhi,New York,2026-03-25,2026-08-18,First,Mobile
S003207,U0106,Delhi,New York,2026-07-12,2026-08-08,Business,Mobile
S003208,U0402,Delhi,Paris,2026-08-19,2026-11-01,Economy,Mobile
S003209,U0494,Mumbai,Paris,2026-04-21,2026-08-31,Economy,Desktop
S003210,U0330,Delhi,Dubai,2026-05-25,2026-07-13,Economy,Mobile
S003211,U0167,Delhi,London,2026-08-09,2026-11-23,Economy,Desktop
S003212,U0350,Bengaluru,London,2026-05-16,2026-09-22,Economy,Desktop
S003213,U0154,Mumbai,Dubai,2026-03-05,2026-06-12,Economy,Desktop
S003214,U0327,Mumbai,New York,2026-05-06,2026-09-29,Economy,Mobile
S003215,U0007,Delhi,Dubai,2026-08-06,2026-12-19,Economy,Tablet
S003216,U0197,Delhi,Singapore,2026-01-28,2026-07-14,Economy,Desktop
S003217,U0321,Mumbai,Singapore,2026-04-08,2026-08-08,Economy,Tablet
S003218,U0046,Delhi,New York,2026-08-06,2026-12-05,Economy,Mobile
S003219,U0018,Mumbai,Singapore,2026-05-21,2026-10-16,First,Desktop
S003220,U0397,Mumbai,Singapore,2026-08-24,2026-12-27,Business,Desktop
S003221,U0153,Mumbai,London,2026-08-17,2026-11-24,Economy,Mobile
S003222,U0488,Delhi,London,2026-01-13,2026-06-10,Business,Desktop
S003223,U0264,Delhi,London,2026-06-15,2026-06-30,Economy,Desktop
S003224,U0074,Delhi,Singapore,2026-06-02,2026-08-20,Business,Desktop
S003225,U0416,Mumbai,London,2026-08-27,2026-09-28,Business,Mobile
S003226,U0145,Mumbai,Singapore,2026-07-09,2026-10-29,Business,Desktop
S003227,U0102,Mumbai,Dubai,2026-05-31,2026-10-29,Business,Mobile
S003228,U0335,Bengaluru,London,2026-03-27,2026-06-09,Economy,Desktop
S003229,U0335,Delhi,Bangkok,2026-01-21,2026-05-17,Business,Mobile
S003230,U0121,Mumbai,Dubai,2026-07-01,2026-11-15,Economy,Mobile
S003231,U0176,Delhi,Dubai,2026-03-04,2026-04-04,Economy,Mobile
S003232,U0063,Delhi,Dubai,2026-06-07,2026-07-04,First,Desktop
S003233,U0296,Mumbai,New York,2026-07-22,2026-12-15,Economy,Tablet
S003234,U0499,Delhi,Singapore,2026-07-15,2026-09-13,First,Mobile
S003235,U0084,Delhi,Dubai,2026-08-13,2026-08-20,Economy,Mobile
S003236,U0015,Bengaluru,London,2026-04-21,2026-09-02,Economy,Mobile
S003237,U0355,Delhi,Dubai,2026-03-17,2026-03-24,Economy,Desktop
S003238,U0134,Delhi,New York,2026-03-14,2026-09-09,Business,Mobile
S003239,U0478,Mumbai,Singapore,2026-06-09,2026-12-06,Economy,Mobile
S003240,U0121,Delhi,Paris,2026-07-22,2026-12-10,Economy,Desktop
S003241,U0319,Delhi,London,2026-08-17,2026-09-02,Economy,Mobile
S003242,U0392,Delhi,Tokyo,2026-06-01,2026-10-28,Business,Mobile
S003243,U0479,Bengaluru,London,2026-01-07,2026-02-22,Economy,Mobile
S003244,U0128,Mumbai,Dubai,2026-03-13,2026-08-05,Business,Desktop
S003245,U0368,Delhi,Dubai,2026-08-13,2027-02-09,Economy,Desktop
S003246,U0367,Delhi,Singapore,2026-08-05,2026-09-25,Economy,Desktop
S003247,U0288,Mumbai,Paris,2026-05-09,2026-08-10,Economy,Mobile
S003248,U0301,Delhi,Bangkok,2026-05-11,2026-10-05,First,Mobile
S003249,U0378,Mumbai,Singapore,2026-04-14,2026-05-17,Economy,Mobile
S003250,U0180,Delhi,Bangkok,2026-01-28,2026-03-25,Economy,Desktop
S003251,U0463,Delhi,London,2026-02-12,2026-04-20,Business,Desktop
S003252,U0082,Delhi,London,2026-04-07,2026-04-26,Economy,Desktop
S003253,U0013,Bengaluru,Dubai,2026-02-15,2026-07-11,Business,Mobile
S003254,U0024,Mumbai,Paris,2026-01-01,2026-06-13,Economy,Desktop
S003255,U0168,Delhi,Singapore,2026-06-15,2026-09-14,Economy,Desktop
S003256,U0270,Delhi,Paris,2026-08-07,2026-11-05,Economy,Mobile
S003257,U0476,Bengaluru,Dubai,2026-04-12,2026-05-08,Economy,Desktop
S003258,U0459,Mumbai,Paris,2026-02-04,2026-03-13,Business,Desktop
S003259,U0070,Delhi,Bangkok,2026-07-21,2026-08-04,Business,Desktop
S003260,U0318,Delhi,Paris,2026-07-23,2026-08-22,Economy,Desktop
S003261,U0376,Delhi,Dubai,2026-07-21,2027-01-10,First,Mobile
S003262,U0089,Delhi,Bangkok,2026-02-23,2026-04-03,Economy,Desktop
S003263,U0189,Delhi,Dubai,2026-08-14,2026-10-01,Economy,Desktop
S003264,U0257,Delhi,Tokyo,2026-01-24,2026-06-22,Business,Mobile
S003265,U0217,Delhi,Singapore,2026-06-05,2026-11-18,Business,Mobile
S003266,U0450,Bengaluru,London,2026-01-22,2026-06-16,Economy,Mobile
S003267,U0382,Mumbai,Singapore,2026-08-25,2026-12-03,Business,Mobile
S003268,U0032,Delhi,London,2026-01-16,2026-02-28,Economy,Desktop
S003269,U0141,Mumbai,Dubai,2026-01-13,2026-06-15,Business,Mobile
S003270,U0161,Hyderabad,Dubai,2026-04-10,2026-05-20,Business,Mobile
S003271,U0032,Hyderabad,Dubai,2026-04-10,2026-06-08,Business,Mobile
S003272,U0312,Mumbai,London,2026-03-03,2026-07-27,Economy,Mobile
S003273,U0152,Hyderabad,Dubai,2026-06-20,2026-09-30,Business,Mobile
S003274,U0347,Delhi,Bangkok,2026-03-28,2026-07-17,Business,Mobile
S003275,U0260,Mumbai,New York,2026-03-19,2026-05-12,Economy,Mobile
S003276,U0216,Delhi,London,2026-06-09,2026-07-25,Economy,Desktop
S003277,U0279,Delhi,Tokyo,2026-03-08,2026-08-13,First,Mobile
S003278,U0285,Delhi,New York,2026-04-01,2026-07-04,Economy,Desktop
S003279,U0098,Delhi,Bangkok,2026-07-30,2026-09-17,Economy,Mobile
S003280,U0405,Delhi,Bangkok,2026-08-02,2026-08-25,Economy,Mobile
S003281,U0030,Delhi,Bangkok,2026-07-04,2026-10-20,Business,Mobile
S003282,U0090,Bengaluru,London,2026-07-12,2026-12-27,First,Mobile
S003283,U0148,Mumbai,Dubai,2026-07-16,2026-11-10,Business,Mobile
S003284,U0144,Mumbai,London,2026-06-26,2026-09-10,Economy,Mobile
S003285,U0067,Mumbai,Dubai,2026-02-02,2026-04-09,Business,Mobile
S003286,U0433,Delhi,London,2026-04-25,2026-07-17,Business,Desktop
S003287,U0357,Delhi,New York,2026-01-19,2026-03-01,Business,Mobile
S003288,U0058,Bengaluru,London,2026-06-13,2026-11-28,Economy,Desktop
S003289,U0488,Delhi,Bangkok,2026-07-17,2026-08-08,Business,Desktop
S003290,U0428,Delhi,Dubai,2026-05-04,2026-10-03,Economy,Desktop
S003291,U0281,Delhi,New York,2026-05-23,2026-07-06,Economy,Mobile
S003292,U0279,Delhi,London,2026-08-16,2027-02-09,Business,Desktop
S003293,U0236,Delhi,London,2026-04-30,2026-06-07,First,Mobile
S003294,U0443,Delhi,London,2026-04-07,2026-04-20,Economy,Mobile
S003295,U0385,Delhi,Paris,2026-01-24,2026-03-17,First,Mobile
S003296,U0353,Delhi,London,2026-01-27,2026-02-20,Economy,Tablet
S003297,U0399,Delhi,Paris,2026-06-26,2026-09-11,Business,Mobile
S003298,U0128,Mumbai,Dubai,2026-03-16,2026-05-01,Economy,Desktop
S003299,U0337,Delhi,Tokyo,2026-01-23,2026-04-27,Economy,Mobile
S003300,U0482,Mumbai,Paris,2026-06-10,2026-09-02,Business,Desktop
S003301,U0209,Bengaluru,Dubai,2026-02-10,2026-02-21,Business,Desktop
S003302,U0436,Delhi,Tokyo,2026-08-26,2026-11-26,Business,Desktop
S003303,U0186,Bengaluru,Dubai,2026-08-27,2026-09-24,Business,Mobile
S003304,U0169,Delhi,Bangkok,2026-02-25,2026-05-16,Business,Desktop
S003305,U0172,Bengaluru,London,2026-06-06,2026-09-10,Business,Tablet
S003306,U0260,Delhi,Dubai,2026-06-08,2026-09-01,Economy,Mobile
S003307,U0205,Mumbai,Dubai,2026-07-12,2026-12-31,Economy,Mobile
S003308,U0452,Mumbai,Dubai,2026-04-08,2026-08-11,Economy,Desktop
S003309,U0135,Mumbai,New York,2026-05-26,2026-10-08,Economy,Mobile
S003310,U0046,Mumbai,Singapore,2026-07-29,2026-10-21,Business,Desktop
S003311,U0009,Delhi,Bangkok,2026-01-06,2026-02-17,Economy,Mobile
S003312,U0471,Bengaluru,Dubai,2026-06-29,2026-10-08,Economy,Mobile
S003313,U0161,Delhi,Singapore,2026-02-09,2026-03-15,Economy,Mobile
S003314,U0289,Mumbai,Singapore,2026-07-12,2026-10-24,Business,Mobile
S003315,U0340,Hyderabad,Dubai,2026-08-27,2026-10-07,Economy,Mobile
S003316,U0388,Mumbai,Dubai,2026-02-11,2026-04-20,Economy,Desktop
S003317,U0321,Mumbai,Paris,2026-08-10,2026-11-11,Business,Mobile
S003318,U0106,Mumbai,Dubai,2026-07-15,2027-01-11,Business,Desktop
S003319,U0290,Bengaluru,London,2026-02-01,2026-05-26,Economy,Desktop
S003320,U0475,Mumbai,Dubai,2026-01-10,2026-05-21,Business,Mobile
S003321,U0341,Delhi,Tokyo,2026-08-23,2026-11-16,Economy,Mobile
S003322,U0088,Delhi,New York,2026-03-10,2026-07-19,First,Mobile
S003323,U0463,Delhi,Dubai,2026-01-09,2026-03-17,Economy,Mobile
S003324,U0483,Mumbai,Dubai,2026-03-10,2026-04-11,First,Mobile
S003325,U0192,Mumbai,Singapore,2026-07-08,2026-12-24,First,Mobile
S003326,U0153,Hyderabad,Dubai,2026-05-19,2026-07-21,Business,Tablet
S003327,U0311,Delhi,Paris,2026-04-09,2026-08-25,Economy,Mobile
S003328,U0137,Mumbai,Singapore,2026-08-07,2026-09-24,Business,Desktop
S003329,U0273,Mumbai,London,2026-07-15,2027-01-10,Economy,Tablet
S003330,U0149,Delhi,New York,2026-03-15,2026-09-04,Business,Desktop
S003331,U0188,Delhi,Paris,2026-04-13,2026-05-11,Business,Desktop
S003332,U0141,Mumbai,Paris,2026-08-13,2027-01-05,First,Desktop
S003333,U0131,Mumbai,London,2026-05-03,2026-10-21,Business,Mobile
S003334,U0452,Delhi,Paris,2026-04-12,2026-07-17,Business,Desktop
S003335,U0004,Bengaluru,London,2026-01-08,2026-03-13,Economy,Tablet
S003336,U0491,Bengaluru,Dubai,2026-06-26,2026-07-09,Economy,Mobile
S003337,U0476,Bengaluru,Dubai,2026-06-01,2026-10-21,Economy,Mobile
S003338,U0263,Mumbai,Paris,2026-08-19,2026-10-15,Business,Mobile
S003339,U0026,Delhi,Paris,2026-06-10,2026-11-14,First,Mobile
S003340,U0459,Mumbai,Dubai,2026-08-21,2026-11-25,Business,Mobile
S003341,U0024,Delhi,Bangkok,2026-08-23,2026-12-15,Business,Desktop
S003342,U0491,Delhi,Singapore,2026-01-19,2026-02-03,Business,Desktop
S003343,U0266,Mumbai,Dubai,2026-01-02,2026-07-01,Economy,Mobile
S003344,U0229,Mumbai,London,2026-02-24,2026-04-09,Economy,Mobile
S003345,U0269,Delhi,Bangkok,2026-05-19,2026-09-13,Business,Desktop
S003346,U0125,Delhi,Dubai,2026-08-15,2026-09-03,Economy,Mobile
S003347,U0172,Delhi,Singapore,2026-01-17,2026-01-30,Economy,Mobile
S003348,U0234,Mumbai,Singapore,2026-06-19,2026-11-11,Economy,Desktop
S003349,U0295,Delhi,London,2026-03-02,2026-05-14,First,Mobile
S003350,U0403,Delhi,Dubai,2026-05-11,2026-06-27,Economy,Mobile
S003351,U0435,Delhi,Bangkok,2026-03-27,2026-09-06,Business,Mobile
S003352,U0275,Delhi,Bangkok,2026-02-04,2026-07-25,Business,Desktop
S003353,U0076,Mumbai,Dubai,2026-08-01,2026-08-23,Business,Desktop
S003354,U0308,Delhi,Tokyo,2026-08-05,2026-09-24,Business,Mobile
S003355,U0214,Mumbai,Paris,2026-04-13,2026-06-08,Business,Mobile
S003356,U0431,Delhi,Singapore,2026-03-07,2026-07-25,Economy,Desktop
S003357,U0485,Delhi,Paris,2026-01-01,2026-01-25,Economy,Desktop
S003358,U0376,Hyderabad,Dubai,2026-05-15,2026-10-15,First,Desktop
S003359,U0158,Delhi,Singapore,2026-05-28,2026-07-24,Economy,Desktop
S003360,U0302,Mumbai,Dubai,2026-06-20,2026-06-29,Business,Mobile
S003361,U0204,Bengaluru,Dubai,2026-04-29,2026-08-02,Business,Desktop
S003362,U0477,Mumbai,New York,2026-05-14,2026-07-13,Economy,Desktop
S003363,U0149,Delhi,Dubai,2026-02-24,2026-04-20,First,Desktop
S003364,U0075,Delhi,New York,2026-04-10,2026-05-14,Business,Desktop
S003365,U0380,Mumbai,Singapore,2026-01-21,2026-03-06,Economy,Mobile
S003366,U0229,Delhi,Bangkok,2026-02-20,2026-03-26,First,Desktop
S003367,U0304,Mumbai,Singapore,2026-06-23,2026-07-31,Business,Desktop
S003368,U0062,Mumbai,Dubai,2026-06-12,2026-07-29,Economy,Desktop
S003369,U0058,Bengaluru,London,2026-04-10,2026-05-22,Business,Mobile
S003370,U0274,Delhi,New York,2026-01-08,2026-04-27,Economy,Desktop
S003371,U0108,Mumbai,Dubai,2026-03-09,2026-04-20,Business,Desktop
S003372,U0187,Delhi,New York,2026-04-17,2026-08-08,Economy,Mobile
S003373,U0475,Delhi,Bangkok,2026-05-24,2026-10-03,Business,Desktop
S003374,U0229,Delhi,London,2026-03-08,2026-06-09,Business,Desktop
S003375,U0048,Mumbai,New York,2026-07-18,2026-09-28,Business,Mobile
S003376,U0319,Mumbai,London,2026-07-11,2026-12-02,Business,Mobile
S003377,U0268,Mumbai,Dubai,2026-01-02,2026-03-19,Economy,Desktop
S003378,U0215,Delhi,Singapore,2026-01-01,2026-03-27,Business,Mobile
S003379,U0290,Mumbai,London,2026-07-05,2026-10-12,Business,Mobile
S003380,U0254,Delhi,Bangkok,2026-01-01,2026-04-09,Business,Mobile
S003381,U0445,Mumbai,Dubai,2026-04-12,2026-05-10,Economy,Mobile
S003382,U0358,Delhi,Paris,2026-04-25,2026-05-21,Business,Mobile
S003383,U0087,Delhi,London,2026-05-15,2026-06-23,First,Mobile
S003384,U0181,Bengaluru,Dubai,2026-03-29,2026-08-25,Business,Desktop
S003385,U0025,Mumbai,New York,2026-07-16,2026-12-04,First,Desktop
S003386,U0446,Bengaluru,London,2026-08-01,2026-11-05,Economy,Desktop
S003387,U0388,Mumbai,Dubai,2026-04-02,2026-05-28,Business,Mobile
S003388,U0222,Delhi,Singapore,2026-01-18,2026-02-03,Economy,Mobile
S003389,U0478,Mumbai,Dubai,2026-03-29,2026-06-22,Economy,Mobile
S003390,U0397,Bengaluru,Dubai,2026-06-09,2026-07-22,Business,Desktop
S003391,U0426,Mumbai,Singapore,2026-06-22,2026-08-26,Business,Desktop
S003392,U0049,Mumbai,New York,2026-02-02,2026-05-07,Economy,Desktop
S003393,U0334,Delhi,Paris,2026-07-21,2026-11-08,Economy,Mobile
S003394,U0440,Mumbai,London,2026-03-14,2026-05-22,Economy,Desktop
S003395,U0175,Delhi,Paris,2026-06-26,2026-07-23,Economy,Mobile
S003396,U0392,Bengaluru,London,2026-06-10,2026-09-28,Economy,Desktop
S003397,U0311,Bengaluru,London,2026-08-13,2026-11-06,Economy,Mobile
S003398,U0472,Mumbai,Singapore,2026-07-18,2026-08-30,Economy,Mobile
S003399,U0274,Mumbai,London,2026-07-15,2026-09-04,First,Mobile
S003400,U0035,Mumbai,Dubai,2026-01-28,2026-06-25,Business,Desktop
S003401,U0217,Delhi,Bangkok,2026-03-28,2026-05-16,Economy,Mobile
S003402,U0209,Mumbai,New York,2026-02-22,2026-06-24,First,Mobile
S003403,U0160,Delhi,Singapore,2026-08-12,2026-11-11,Business,Mobile
S003404,U0408,Bengaluru,Dubai,2026-02-13,2026-05-14,Economy,Tablet
S003405,U0007,Delhi,London,2026-03-21,2026-09-04,Economy,Mobile
S003406,U0269,Delhi,Bangkok,2026-08-26,2026-09-04,Economy,Desktop
S003407,U0126,Hyderabad,Dubai,2026-07-02,2026-10-20,Economy,Tablet
S003408,U0475,Delhi,Tokyo,2026-05-18,2026-08-19,Economy,Tablet
S003409,U0368,Mumbai,Paris,2026-01-14,2026-07-11,Business,Desktop
S003410,U0325,Mumbai,London,2026-04-13,2026-08-08,Business,Desktop
S003411,U0356,Mumbai,Dubai,2026-02-05,2026-05-09,Business,Mobile
S003412,U0090,Delhi,Paris,2026-02-03,2026-05-11,Economy,Mobile
S003413,U0042,Mumbai,Dubai,2026-03-29,2026-05-09,Business,Desktop
S003414,U0365,Delhi,Dubai,2026-05-26,2026-11-01,Business,Mobile
S003415,U0159,Mumbai,Paris,2026-01-16,2026-04-28,First,Mobile
S003416,U0202,Mumbai,London,2026-08-21,2026-11-21,Economy,Desktop
S003417,U0366,Bengaluru,Dubai,2026-06-14,2026-11-03,Business,Desktop
S003418,U0282,Delhi,Bangkok,2026-02-10,2026-06-12,Business,Desktop
S003419,U0470,Delhi,Bangkok,2026-01-25,2026-06-26,Business,Desktop
S003420,U0332,Mumbai,Paris,2026-05-06,2026-08-12,Business,Desktop
S003421,U0288,Delhi,Tokyo,2026-01-08,2026-06-19,Economy,Mobile
S003422,U0091,Mumbai,Paris,2026-08-04,2026-12-28,First,Mobile
S003423,U0481,Mumbai,New York,2026-07-31,2026-08-08,Economy,Tablet
S003424,U0125,Mumbai,Dubai,2026-04-22,2026-10-10,Business,Mobile
S003425,U0126,Delhi,Tokyo,2026-04-04,2026-08-12,Economy,Mobile
S003426,U0052,Delhi,Bangkok,2026-03-25,2026-04-04,Economy,Desktop
S003427,U0404,Mumbai,Singapore,2026-05-26,2026-11-17,Business,Mobile
S003428,U0103,Delhi,London,2026-03-09,2026-09-04,Business,Mobile
S003429,U0361,Mumbai,New York,2026-06-25,2026-10-18,Economy,Mobile
S003430,U0424,Delhi,London,2026-08-16,2026-12-11,First,Mobile
S003431,U0187,Bengaluru,Dubai,2026-07-17,2026-08-26,Business,Mobile
S003432,U0205,Hyderabad,Dubai,2026-03-08,2026-06-09,Economy,Desktop
S003433,U0014,Delhi,Dubai,2026-05-26,2026-06-14,Economy,Mobile
S003434,U0428,Bengaluru,London,2026-04-21,2026-05-04,Business,Mobile
S003435,U0104,Delhi,London,2026-08-20,2026-09-27,Economy,Mobile
S003436,U0117,Delhi,Paris,2026-01-18,2026-02-16,Economy,Mobile
S003437,U0470,Mumbai,London,2026-02-25,2026-04-19,Economy,Desktop
S003438,U0466,Bengaluru,London,2026-05-31,2026-11-18,Economy,Mobile
S003439,U0304,Mumbai,London,2026-02-04,2026-03-11,Business,Tablet
S003440,U0093,Delhi,Dubai,2026-05-14,2026-11-01,Economy,Mobile
S003441,U0427,Delhi,Singapore,2026-04-28,2026-05-27,Economy,Desktop
S003442,U0144,Delhi,Dubai,2026-01-26,2026-03-11,Economy,Mobile
S003443,U0110,Delhi,New York,2026-08-01,2026-12-12,Economy,Mobile
S003444,U0163,Delhi,London,2026-03-02,2026-04-21,Economy,Mobile
S003445,U0053,Mumbai,Singapore,2026-03-29,2026-04-09,Business,Desktop
S003446,U0418,Delhi,Tokyo,2026-01-15,2026-03-02,Business,Mobile
S003447,U0003,Delhi,Bangkok,2026-04-01,2026-08-24,Economy,Mobile
S003448,U0068,Delhi,Tokyo,2026-02-01,2026-04-26,Economy,Desktop
S003449,U0246,Bengaluru,Dubai,2026-05-20,2026-09-09,Economy,Mobile
S003450,U0389,Delhi,Dubai,2026-05-13,2026-09-26,Economy,Mobile
S003451,U0138,Delhi,Dubai,2026-03-05,2026-08-21,Business,Desktop
S003452,U0308,Delhi,New York,2026-07-18,2027-01-13,Economy,Mobile
S003453,U0413,Delhi,Tokyo,2026-03-27,2026-05-21,Economy,Desktop
S003454,U0352,Hyderabad,Dubai,2026-06-04,2026-10-11,Business,Mobile
S003455,U0287,Delhi,London,2026-07-26,2026-09-05,Economy,Mobile
S003456,U0066,Mumbai,London,2026-08-19,2026-12-09,Business,Mobile
S003457,U0460,Mumbai,Dubai,2026-02-14,2026-05-03,Economy,Desktop
S003458,U0347,Delhi,Paris,2026-02-04,2026-07-20,Economy,Desktop
S003459,U0325,Mumbai,New York,2026-01-26,2026-05-21,Business,Tablet
S003460,U0421,Delhi,Dubai,2026-01-23,2026-06-03,Business,Mobile
S003461,U0155,Mumbai,Singapore,2026-05-21,2026-08-06,Economy,Desktop
S003462,U0087,Bengaluru,London,2026-08-06,2026-09-20,Business,Mobile
S003463,U0033,Mumbai,Paris,2026-05-11,2026-08-16,Business,Mobile
S003464,U0068,Delhi,London,2026-01-29,2026-03-13,First,Desktop
S003465,U0187,Delhi,Tokyo,2026-07-13,2026-10-08,Business,Mobile
S003466,U0192,Delhi,New York,2026-03-05,2026-07-21,Business,Mobile
S003467,U0213,Mumbai,Paris,2026-06-05,2026-07-04,Economy,Mobile
S003468,U0088,Mumbai,Paris,2026-08-03,2026-12-29,Business,Desktop
S003469,U0428,Delhi,Dubai,2026-06-13,2026-06-24,Economy,Mobile
S003470,U0351,Delhi,Dubai,2026-04-23,2026-08-17,Economy,Mobile
S003471,U0108,Delhi,Paris,2026-05-14,2026-10-19,Business,Tablet
S003472,U0240,Delhi,Dubai,2026-05-19,2026-06-12,Business,Mobile
S003473,U0216,Delhi,Bangkok,2026-06-15,2026-07-18,Economy,Mobile
S003474,U0177,Delhi,Paris,2026-04-28,2026-05-28,Business,Desktop
S003475,U0053,Delhi,Bangkok,2026-06-11,2026-07-16,Economy,Desktop
S003476,U0330,Mumbai,Dubai,2026-07-28,2026-12-20,Economy,Mobile
S003477,U0049,Mumbai,London,2026-03-08,2026-08-07,Economy,Desktop
S003478,U0369,Bengaluru,London,2026-04-18,2026-08-25,Economy,Mobile
S003479,U0114,Delhi,London,2026-06-23,2026-11-04,Economy,Mobile
S003480,U0450,Delhi,Paris,2026-08-14,2026-12-10,Business,Mobile
S003481,U0095,Delhi,Bangkok,2026-03-27,2026-07-28,Economy,Mobile
S003482,U0447,Delhi,Singapore,2026-01-29,2026-06-16,Economy,Mobile
S003483,U0025,Delhi,Paris,2026-03-01,2026-04-09,Business,Desktop
S003484,U0132,Delhi,Dubai,2026-02-23,2026-04-12,Business,Desktop
S003485,U0179,Mumbai,London,2026-04-03,2026-09-16,Economy,Tablet
S003486,U0395,Hyderabad,Dubai,2026-03-10,2026-07-19,Economy,Desktop
S003487,U0145,Hyderabad,Dubai,2026-07-21,2026-07-31,Economy,Mobile
S003488,U0364,Mumbai,Singapore,2026-07-21,2026-08-16,Business,Mobile
S003489,U0450,Bengaluru,Dubai,2026-04-27,2026-07-10,Business,Desktop
S003490,U0198,Mumbai,Singapore,2026-01-09,2026-03-14,Business,Desktop
S003491,U0457,Mumbai,Dubai,2026-05-06,2026-07-31,Economy,Tablet
S003492,U0325,Mumbai,Dubai,2026-08-01,2026-12-19,Business,Mobile
S003493,U0084,Bengaluru,Dubai,2026-03-18,2026-06-27,Economy,Mobile
S003494,U0157,Delhi,Dubai,2026-01-10,2026-07-03,Economy,Mobile
S003495,U0085,Delhi,New York,2026-04-12,2026-09-16,Economy,Mobile
S003496,U0457,Delhi,New York,2026-07-22,2026-08-01,Business,Mobile
S003497,U0476,Delhi,Paris,2026-07-15,2027-01-02,Business,Mobile
S003498,U0253,Mumbai,Singapore,2026-02-27,2026-08-22,Business,Desktop
S003499,U0375,Mumbai,Dubai,2026-08-26,2026-10-15,Business,Mobile
S003500,U0072,Delhi,Dubai,2026-08-11,2026-12-20,Economy,Mobile
S003501,U0223,Mumbai,New York,2026-04-23,2026-06-10,Economy,Desktop
S003502,U0276,Delhi,Paris,2026-06-29,2026-08-03,Business,Mobile
S003503,U0283,Delhi,New York,2026-06-11,2026-11-11,Business,Desktop
S003504,U0264,Delhi,Paris,2026-04-16,2026-09-29,Business,Mobile
S003505,U0246,Delhi,Dubai,2026-02-04,2026-03-26,Economy,Desktop
S003506,U0341,Delhi,Tokyo,2026-04-13,2026-06-13,Business,Desktop
S003507,U0061,Delhi,New York,2026-04-13,2026-07-08,Economy,Desktop
S003508,U0412,Delhi,Dubai,2026-06-10,2026-10-27,Business,Mobile
S003509,U0471,Delhi,Singapore,2026-07-19,2026-11-15,Economy,Mobile
S003510,U0454,Delhi,Bangkok,2026-06-09,2026-12-06,First,Mobile
S003511,U0259,Delhi,Tokyo,2026-07-02,2026-12-28,Economy,Mobile
S003512,U0453,Mumbai,Dubai,2026-04-07,2026-05-04,Business,Mobile
S003513,U0457,Delhi,Paris,2026-05-16,2026-08-08,Business,Desktop
S003514,U0007,Delhi,London,2026-06-23,2026-11-26,Economy,Mobile
S003515,U0188,Delhi,London,2026-05-22,2026-06-27,Economy,Desktop
S003516,U0004,Delhi,New York,2026-08-14,2026-09-12,Business,Desktop
S003517,U0231,Bengaluru,London,2026-05-16,2026-05-27,Economy,Desktop
S003518,U0133,Mumbai,Paris,2026-04-16,2026-06-24,Economy,Mobile
S003519,U0395,Mumbai,London,2026-03-12,2026-05-16,First,Tablet
S003520,U0125,Delhi,London,2026-03-18,2026-06-14,Business,Mobile
S003521,U0015,Mumbai,Singapore,2026-02-23,2026-04-22,Economy,Mobile
S003522,U0448,Delhi,London,2026-01-21,2026-04-02,Business,Desktop
S003523,U0482,Delhi,London,2026-04-21,2026-06-05,Business,Mobile
S003524,U0013,Mumbai,London,2026-08-12,2026-08-21,Business,Desktop
S003525,U0118,Delhi,Singapore,2026-03-16,2026-09-08,Business,Mobile
S003526,U0240,Mumbai,Dubai,2026-01-14,2026-04-01,Business,Mobile
S003527,U0263,Delhi,New York,2026-07-22,2026-12-30,Economy,Mobile
S003528,U0360,Delhi,London,2026-01-02,2026-06-13,Business,Mobile
S003529,U0006,Delhi,Dubai,2026-08-14,2026-09-04,Economy,Mobile
S003530,U0440,Bengaluru,London,2026-07-08,2026-09-24,Economy,Mobile
S003531,U0320,Delhi,Dubai,2026-04-18,2026-07-03,Business,Desktop
S003532,U0231,Mumbai,New York,2026-08-27,2026-09-06,Economy,Desktop
S003533,U0434,Delhi,London,2026-05-25,2026-09-02,Business,Desktop
S003534,U0030,Delhi,Singapore,2026-03-19,2026-08-17,Business,Desktop
S003535,U0022,Delhi,Dubai,2026-08-05,2026-09-14,Economy,Mobile
S003536,U0409,Delhi,Dubai,2026-02-17,2026-06-27,Economy,Desktop
S003537,U0156,Delhi,New York,2026-04-01,2026-08-19,Business,Mobile
S003538,U0118,Bengaluru,Dubai,2026-05-16,2026-06-27,First,Mobile
S003539,U0340,Delhi,London,2026-07-03,2026-10-16,Business,Desktop
S003540,U0423,Delhi,Singapore,2026-01-17,2026-07-09,Business,Mobile
S003541,U0451,Bengaluru,London,2026-07-16,2026-10-10,Economy,Desktop
S003542,U0389,Delhi,Singapore,2026-01-12,2026-03-25,Economy,Mobile
S003543,U0193,Mumbai,Paris,2026-06-15,2026-11-04,Business,Mobile
S003544,U0399,Delhi,Dubai,2026-05-26,2026-10-22,Economy,Mobile
S003545,U0346,Bengaluru,Dubai,2026-01-26,2026-05-03,Business,Mobile
S003546,U0195,Mumbai,London,2026-08-11,2026-11-05,Economy,Desktop
S003547,U0168,Mumbai,London,2026-02-06,2026-04-12,Business,Tablet
S003548,U0377,Delhi,Tokyo,2026-03-11,2026-03-27,Business,Mobile
S003549,U0489,Delhi,New York,2026-06-18,2026-07-01,Business,Mobile
S003550,U0239,Mumbai,Singapore,2026-03-20,2026-07-16,Business,Mobile
S003551,U0362,Delhi,Paris,2026-06-19,2026-09-09,First,Desktop
S003552,U0482,Delhi,New York,2026-03-31,2026-04-18,First,Mobile
S003553,U0244,Delhi,Dubai,2026-07-23,2026-10-16,First,Desktop
S003554,U0069,Bengaluru,London,2026-02-10,2026-04-03,Business,Desktop
S003555,U0095,Delhi,Dubai,2026-06-24,2026-08-01,Business,Desktop
S003556,U0499,Mumbai,Paris,2026-05-22,2026-11-04,Business,Desktop
S003557,U0077,Hyderabad,Dubai,2026-05-09,2026-09-07,Economy,Desktop
S003558,U0171,Mumbai,London,2026-01-17,2026-05-17,Economy,Desktop
S003559,U0001,Delhi,Singapore,2026-08-13,2026-12-23,Economy,Desktop
S003560,U0406,Delhi,London,2026-07-02,2026-10-06,Economy,Desktop
S003561,U0062,Delhi,London,2026-08-09,2026-10-15,Economy,Desktop
S003562,U0207,Bengaluru,Dubai,2026-02-22,2026-04-30,Economy,Desktop
S003563,U0154,Delhi,Dubai,2026-04-28,2026-08-14,Business,Desktop
S003564,U0274,Delhi,Singapore,2026-04-19,2026-08-17,Business,Desktop
S003565,U0048,Mumbai,Paris,2026-06-08,2026-12-05,Economy,Desktop
S003566,U0137,Delhi,Tokyo,2026-07-09,2026-10-15,Economy,Mobile
S003567,U0001,Mumbai,Singapore,2026-05-16,2026-09-28,Business,Mobile
S003568,U0235,Delhi,New York,2026-06-07,2026-09-28,Business,Desktop
S003569,U0393,Bengaluru,London,2026-03-18,2026-05-12,First,Mobile
S003570,U0256,Hyderabad,Dubai,2026-03-21,2026-04-21,First,Mobile
S003571,U0407,Mumbai,New York,2026-07-13,2026-08-04,First,Mobile
S003572,U0107,Delhi,New York,2026-02-14,2026-07-11,Economy,Desktop
S003573,U0173,Delhi,London,2026-01-18,2026-05-12,Economy,Desktop
S003574,U0130,Delhi,London,2026-04-09,2026-09-26,Business,Mobile
S003575,U0398,Delhi,New York,2026-06-22,2026-08-11,Economy,Mobile
S003576,U0294,Bengaluru,Dubai,2026-05-27,2026-08-24,Business,Desktop
S003577,U0040,Delhi,Bangkok,2026-07-24,2026-09-15,Business,Tablet
S003578,U0447,Hyderabad,Dubai,2026-03-09,2026-07-17,Business,Mobile
S003579,U0338,Mumbai,Singapore,2026-03-24,2026-06-18,Economy,Mobile
S003580,U0016,Mumbai,Paris,2026-02-19,2026-05-12,Economy,Desktop
S003581,U0127,Delhi,Bangkok,2026-01-25,2026-02-20,Business,Desktop
S003582,U0373,Mumbai,New York,2026-06-15,2026-11-14,First,Desktop
S003583,U0349,Mumbai,London,2026-05-01,2026-05-19,Economy,Desktop
S003584,U0492,Delhi,Singapore,2026-08-11,2026-12-07,First,Desktop
S003585,U0203,Delhi,Bangkok,2026-06-13,2026-11-19,Business,Mobile
S003586,U0134,Mumbai,Dubai,2026-03-09,2026-05-14,Business,Mobile
S003587,U0259,Bengaluru,Dubai,2026-02-25,2026-05-17,Business,Desktop
S003588,U0014,Mumbai,Dubai,2026-02-08,2026-06-04,Business,Desktop
S003589,U0066,Delhi,Paris,2026-03-04,2026-04-13,Economy,Desktop
S003590,U0480,Mumbai,New York,2026-05-08,2026-10-02,Economy,Tablet
S003591,U0351,Delhi,Paris,2026-05-15,2026-11-03,Business,Desktop
S003592,U0459,Delhi,Singapore,2026-05-02,2026-09-25,Business,Desktop
S003593,U0342,Bengaluru,Dubai,2026-07-05,2026-08-16,Economy,Mobile
S003594,U0195,Mumbai,New York,2026-07-27,2026-08-30,Business,Mobile
S003595,U0114,Mumbai,Dubai,2026-02-28,2026-04-14,Economy,Desktop
S003596,U0159,Mumbai,New York,2026-02-17,2026-05-11,Economy,Mobile
S003597,U0161,Mumbai,Dubai,2026-05-13,2026-11-06,Business,Mobile
S003598,U0254,Mumbai,Dubai,2026-08-27,2026-12-15,Economy,Desktop
S003599,U0472,Delhi,Singapore,2026-08-03,2026-11-08,Economy,Desktop
S003600,U0385,Delhi,Bangkok,2026-02-05,2026-06-06,Economy,Mobile
S003601,U0428,Mumbai,Singapore,2026-08-12,2027-01-24,Business,Desktop
S003602,U0015,Bengaluru,London,2026-03-29,2026-04-06,Economy,Mobile
S003603,U0037,Delhi,Singapore,2026-01-25,2026-05-28,Economy,Mobile
S003604,U0155,Mumbai,Dubai,2026-06-22,2026-09-18,Economy,Desktop
S003605,U0486,Bengaluru,Dubai,2026-08-08,2026-11-12,Economy,Desktop
S003606,U0432,Mumbai,New York,2026-01-19,2026-03-08,Economy,Mobile
S003607,U0027,Bengaluru,Dubai,2026-05-15,2026-06-21,Economy,Mobile
S003608,U0492,Delhi,Dubai,2026-08-24,2026-10-30,Economy,Mobile
S003609,U0012,Delhi,Dubai,2026-07-05,2026-10-21,Business,Tablet
S003610,U0067,Delhi,Bangkok,2026-08-21,2026-10-22,Economy,Desktop
S003611,U0030,Bengaluru,London,2026-07-28,2026-10-25,Economy,Mobile
S003612,U0096,Delhi,Dubai,2026-03-07,2026-07-19,Economy,Mobile
S003613,U0215,Mumbai,Dubai,2026-03-21,2026-04-10,Economy,Desktop
S003614,U0194,Mumbai,Paris,2026-06-16,2026-07-06,Business,Desktop
S003615,U0135,Delhi,Singapore,2026-05-05,2026-10-15,Economy,Desktop
S003616,U0290,Bengaluru,London,2026-05-26,2026-07-21,Economy,Mobile
S003617,U0032,Mumbai,London,2026-04-13,2026-07-29,Economy,Tablet
S003618,U0373,Mumbai,London,2026-05-09,2026-07-22,Business,Mobile
S003619,U0039,Hyderabad,Dubai,2026-07-10,2026-09-25,Economy,Mobile
S003620,U0352,Mumbai,Dubai,2026-05-11,2026-05-28,Business,Mobile
S003621,U0427,Mumbai,Singapore,2026-05-07,2026-05-27,Economy,Mobile
S003622,U0427,Delhi,Bangkok,2026-01-21,2026-05-13,Economy,Tablet
S003623,U0206,Mumbai,Dubai,2026-05-06,2026-08-24,Business,Desktop
S003624,U0387,Delhi,Singapore,2026-05-04,2026-09-18,Business,Desktop
S003625,U0430,Mumbai,New York,2026-06-07,2026-10-19,Business,Mobile
S003626,U0416,Mumbai,Singapore,2026-01-11,2026-01-25,Economy,Mobile
S003627,U0043,Delhi,Singapore,2026-01-22,2026-07-18,Business,Mobile
S003628,U0484,Mumbai,London,2026-04-21,2026-09-11,Economy,Desktop
S003629,U0337,Delhi,New York,2026-05-05,2026-05-30,Business,Desktop
S003630,U0496,Mumbai,New York,2026-02-26,2026-07-22,Business,Mobile
S003631,U0259,Bengaluru,London,2026-03-30,2026-09-07,Economy,Mobile
S003632,U0249,Delhi,London,2026-05-11,2026-09-06,Business,Mobile
S003633,U0074,Mumbai,New York,2026-06-07,2026-08-10,Business,Desktop
S003634,U0373,Bengaluru,Dubai,2026-08-04,2026-09-04,Economy,Mobile
S003635,U0319,Delhi,New York,2026-05-08,2026-06-28,Business,Mobile
S003636,U0367,Delhi,Paris,2026-02-14,2026-06-02,Business,Mobile
S003637,U0296,Delhi,New York,2026-02-05,2026-03-31,Economy,Mobile
S003638,U0274,Delhi,Bangkok,2026-03-28,2026-05-23,Business,Mobile
S003639,U0323,Bengaluru,Dubai,2026-04-28,2026-07-24,Economy,Desktop
S003640,U0359,Delhi,Dubai,2026-03-13,2026-05-02,Business,Tablet
S003641,U0190,Delhi,Singapore,2026-07-11,2026-09-14,Business,Mobile
S003642,U0138,Delhi,Singapore,2026-07-01,2026-12-15,Economy,Mobile
S003643,U0436,Delhi,Singapore,2026-03-09,2026-06-26,Economy,Desktop
S003644,U0457,Delhi,Dubai,2026-06-27,2026-09-19,Business,Desktop
S003645,U0302,Mumbai,Paris,2026-04-13,2026-09-22,Economy,Mobile
S003646,U0311,Delhi,London,2026-08-23,2026-09-16,Economy,Desktop
S003647,U0430,Mumbai,Singapore,2026-06-08,2026-11-22,Economy,Desktop
S003648,U0331,Bengaluru,London,2026-01-29,2026-05-31,Business,Mobile
S003649,U0444,Delhi,Dubai,2026-07-06,2026-10-26,First,Desktop
S003650,U0353,Delhi,Tokyo,2026-06-13,2026-11-09,Economy,Desktop
S003651,U0484,Delhi,Bangkok,2026-07-24,2026-08-10,Business,Desktop
S003652,U0282,Mumbai,Singapore,2026-04-15,2026-10-02,Economy,Mobile
S003653,U0411,Delhi,Singapore,2026-03-14,2026-08-10,First,Mobile
S003654,U0166,Mumbai,Dubai,2026-04-29,2026-07-06,Business,Mobile
S003655,U0278,Delhi,Paris,2026-03-26,2026-05-19,Economy,Desktop
S003656,U0026,Delhi,Dubai,2026-07-14,2026-10-22,Economy,Mobile
S003657,U0470,Bengaluru,London,2026-03-30,2026-08-26,Economy,Mobile
S003658,U0453,Delhi,Bangkok,2026-03-30,2026-07-01,Economy,Desktop
S003659,U0419,Mumbai,Dubai,2026-03-17,2026-09-10,Business,Mobile
S003660,U0450,Delhi,Bangkok,2026-08-09,2026-10-04,Economy,Desktop
S003661,U0483,Delhi,London,2026-05-19,2026-07-24,First,Mobile
S003662,U0073,Bengaluru,Dubai,2026-04-26,2026-06-30,Business,Mobile
S003663,U0115,Delhi,Dubai,2026-05-19,2026-06-09,Business,Mobile
S003664,U0051,Mumbai,New York,2026-06-03,2026-07-08,Economy,Tablet
S003665,U0369,Mumbai,Dubai,2026-02-22,2026-04-09,Business,Desktop
S003666,U0402,Delhi,Bangkok,2026-05-22,2026-06-28,Business,Mobile
S003667,U0171,Mumbai,Singapore,2026-03-05,2026-05-23,Business,Tablet
S003668,U0268,Delhi,Dubai,2026-07-27,2026-08-13,First,Desktop
S003669,U0003,Delhi,New York,2026-05-18,2026-08-13,Economy,Mobile
S003670,U0210,Delhi,Singapore,2026-01-31,2026-04-09,Economy,Mobile
S003671,U0376,Bengaluru,London,2026-08-11,2026-12-31,Business,Mobile
S003672,U0486,Delhi,Tokyo,2026-02-05,2026-04-03,Business,Desktop
S003673,U0391,Delhi,Singapore,2026-01-10,2026-03-14,Business,Desktop
S003674,U0481,Mumbai,Dubai,2026-01-26,2026-06-13,Economy,Mobile
S003675,U0390,Delhi,London,2026-01-20,2026-07-09,Business,Mobile
S003676,U0338,Delhi,New York,2026-05-05,2026-10-05,Economy,Mobile
S003677,U0301,Delhi,Singapore,2026-02-13,2026-03-15,Economy,Mobile
S003678,U0383,Mumbai,London,2026-03-03,2026-04-19,Economy,Mobile
S003679,U0342,Delhi,Dubai,2026-07-20,2026-09-13,Economy,Mobile
S003680,U0115,Delhi,Singapore,2026-03-20,2026-09-16,Economy,Mobile
S003681,U0167,Hyderabad,Dubai,2026-01-09,2026-02-20,First,Tablet
S003682,U0435,Mumbai,Dubai,2026-03-12,2026-03-28,Business,Mobile
S003683,U0265,Delhi,New York,2026-03-31,2026-06-23,First,Mobile
S003684,U0227,Mumbai,Paris,2026-01-24,2026-06-14,Business,Mobile
S003685,U0151,Delhi,Paris,2026-05-20,2026-10-13,Economy,Mobile
S003686,U0268,Mumbai,London,2026-03-01,2026-06-01,Business,Desktop
S003687,U0116,Mumbai,New York,2026-03-25,2026-09-12,First,Desktop
S003688,U0088,Delhi,Tokyo,2026-04-30,2026-10-17,First,Mobile
S003689,U0318,Delhi,London,2026-03-19,2026-05-24,Business,Mobile
S003690,U0242,Delhi,Singapore,2026-08-02,2026-11-12,Economy,Mobile
S003691,U0360,Mumbai,Dubai,2026-01-16,2026-01-30,Economy,Mobile
S003692,U0329,Mumbai,London,2026-01-29,2026-06-19,Economy,Desktop
S003693,U0333,Delhi,Singapore,2026-06-09,2026-09-30,First,Mobile
S003694,U0040,Delhi,Paris,2026-07-30,2027-01-23,Economy,Desktop
S003695,U0182,Delhi,London,2026-04-29,2026-07-02,Business,Desktop
S003696,U0490,Mumbai,Singapore,2026-02-04,2026-05-02,Economy,Mobile
S003697,U0209,Delhi,New York,2026-02-12,2026-05-15,Business,Mobile
S003698,U0391,Mumbai,Singapore,2026-04-06,2026-10-03,Economy,Tablet
S003699,U0273,Delhi,Paris,2026-04-29,2026-06-08,Economy,Mobile
S003700,U0119,Mumbai,London,2026-02-22,2026-05-23,Economy,Mobile
S003701,U0382,Bengaluru,Dubai,2026-01-20,2026-05-23,Business,Mobile
S003702,U0434,Mumbai,Singapore,2026-04-25,2026-05-23,Economy,Desktop
S003703,U0024,Delhi,New York,2026-08-20,2027-01-22,Business,Mobile
S003704,U0258,Delhi,Bangkok,2026-07-31,2026-08-21,Economy,Tablet
S003705,U0483,Mumbai,Dubai,2026-01-08,2026-05-27,Business,Desktop
S003706,U0092,Delhi,London,2026-05-02,2026-08-18,Economy,Desktop
S003707,U0467,Bengaluru,London,2026-08-15,2027-01-13,Business,Mobile
S003708,U0161,Mumbai,Singapore,2026-02-11,2026-07-14,Economy,Desktop
S003709,U0149,Delhi,Tokyo,2026-03-18,2026-03-29,Business,Mobile
S003710,U0117,Hyderabad,Dubai,2026-08-21,2026-09-19,Economy,Mobile
S003711,U0458,Delhi,Singapore,2026-03-11,2026-06-08,Business,Desktop
S003712,U0053,Delhi,Singapore,2026-04-21,2026-05-11,First,Mobile
S003713,U0302,Delhi,Singapore,2026-01-16,2026-02-01,Economy,Tablet
S003714,U0045,Mumbai,London,2026-03-10,2026-04-16,Economy,Mobile
S003715,U0265,Mumbai,Paris,2026-02-22,2026-07-19,Business,Tablet
S003716,U0486,Delhi,Paris,2026-06-22,2026-11-02,Business,Mobile
S003717,U0262,Mumbai,Singapore,2026-06-28,2026-12-01,Economy,Desktop
S003718,U0307,Delhi,London,2026-08-14,2026-09-26,Economy,Mobile
S003719,U0234,Mumbai,Dubai,2026-01-06,2026-06-28,Economy,Mobile
S003720,U0375,Mumbai,Dubai,2026-05-03,2026-09-24,Economy,Desktop
S003721,U0035,Mumbai,Paris,2026-02-02,2026-03-11,Economy,Desktop
S003722,U0338,Delhi,London,2026-07-26,2027-01-19,Business,Mobile
S003723,U0437,Mumbai,Paris,2026-01-15,2026-04-30,Economy,Mobile
S003724,U0403,Bengaluru,London,2026-01-14,2026-07-03,Business,Mobile
S003725,U0197,Delhi,Paris,2026-06-16,2026-07-27,Business,Mobile
S003726,U0025,Delhi,Singapore,2026-03-04,2026-06-29,Economy,Mobile
S003727,U0395,Bengaluru,London,2026-01-05,2026-03-20,Business,Desktop
S003728,U0202,Mumbai,New York,2026-05-01,2026-09-01,Business,Mobile
S003729,U0273,Delhi,Paris,2026-03-31,2026-08-10,Economy,Mobile
S003730,U0036,Delhi,Singapore,2026-08-28,2026-09-09,Economy,Tablet
S003731,U0474,Mumbai,Singapore,2026-07-28,2026-11-30,First,Mobile
S003732,U0223,Mumbai,New York,2026-04-17,2026-09-26,First,Desktop
S003733,U0352,Delhi,Dubai,2026-08-27,2026-10-02,Economy,Desktop
S003734,U0277,Delhi,Singapore,2026-06-29,2026-12-07,Economy,Desktop
S003735,U0018,Hyderabad,Dubai,2026-01-16,2026-04-01,Economy,Desktop
S003736,U0188,Delhi,London,2026-04-09,2026-08-01,Economy,Desktop
S003737,U0402,Mumbai,London,2026-06-15,2026-12-05,Economy,Mobile
S003738,U0257,Mumbai,London,2026-02-22,2026-04-04,Business,Mobile
S003739,U0142,Mumbai,New York,2026-08-03,2026-11-20,Business,Desktop
S003740,U0136,Delhi,Dubai,2026-03-18,2026-05-07,Economy,Mobile
S003741,U0450,Mumbai,New York,2026-08-13,2027-01-09,Business,Mobile
S003742,U0307,Delhi,London,2026-04-03,2026-09-16,Economy,Desktop
S003743,U0079,Delhi,London,2026-06-30,2026-08-04,Economy,Desktop
S003744,U0444,Delhi,Paris,2026-06-23,2026-07-05,Economy,Mobile
S003745,U0418,Mumbai,London,2026-04-08,2026-05-11,Economy,Tablet
S003746,U0292,Hyderabad,Dubai,2026-04-08,2026-05-12,Economy,Desktop
S003747,U0062,Delhi,London,2026-08-07,2026-12-24,Business,Tablet
S003748,U0129,Delhi,Singapore,2026-05-23,2026-11-14,Economy,Desktop
S003749,U0499,Delhi,Dubai,2026-02-28,2026-05-01,Business,Mobile
S003750,U0341,Mumbai,London,2026-06-27,2026-10-23,Economy,Desktop
S003751,U0298,Hyderabad,Dubai,2026-05-17,2026-07-16,Economy,Desktop
S003752,U0257,Delhi,Tokyo,2026-01-26,2026-04-22,Business,Desktop
S003753,U0480,Delhi,London,2026-01-03,2026-04-24,Business,Desktop
S003754,U0212,Delhi,New York,2026-04-10,2026-05-04,Economy,Mobile
S003755,U0054,Mumbai,New York,2026-02-16,2026-04-06,Business,Mobile
S003756,U0175,Delhi,Dubai,2026-01-05,2026-04-10,Business,Mobile
S003757,U0100,Delhi,Dubai,2026-03-03,2026-05-22,Business,Desktop
S003758,U0039,Delhi,Tokyo,2026-07-31,2027-01-10,Economy,Desktop
S003759,U0414,Hyderabad,Dubai,2026-03-25,2026-04-10,Business,Mobile
S003760,U0263,Hyderabad,Dubai,2026-05-13,2026-09-30,Economy,Desktop
S003761,U0150,Mumbai,Paris,2026-05-18,2026-08-21,Business,Desktop
S003762,U0121,Bengaluru,London,2026-03-21,2026-08-06,Economy,Mobile
S003763,U0178,Mumbai,London,2026-03-04,2026-04-13,Economy,Mobile
S003764,U0301,Delhi,Dubai,2026-01-25,2026-04-24,Business,Mobile
S003765,U0330,Delhi,London,2026-02-13,2026-07-30,Economy,Desktop
S003766,U0120,Bengaluru,London,2026-06-02,2026-10-18,Economy,Desktop
S003767,U0072,Mumbai,Paris,2026-06-07,2026-12-02,Business,Mobile
S003768,U0219,Delhi,Bangkok,2026-01-14,2026-04-28,Business,Mobile
S003769,U0394,Bengaluru,Dubai,2026-03-27,2026-05-03,Economy,Desktop
S003770,U0398,Delhi,Tokyo,2026-06-20,2026-09-14,Economy,Desktop
S003771,U0302,Hyderabad,Dubai,2026-06-05,2026-08-10,Economy,Desktop
S003772,U0123,Mumbai,Dubai,2026-08-10,2026-08-18,Economy,Mobile
S003773,U0244,Delhi,Paris,2026-01-19,2026-03-02,First,Mobile
S003774,U0374,Delhi,New York,2026-04-12,2026-08-21,Business,Desktop
S003775,U0075,Mumbai,Dubai,2026-06-19,2026-11-23,Economy,Mobile
S003776,U0006,Hyderabad,Dubai,2026-01-20,2026-05-09,Business,Mobile
S003777,U0021,Delhi,Tokyo,2026-08-15,2026-12-15,Business,Desktop
S003778,U0190,Delhi,Dubai,2026-08-02,2026-11-17,Business,Tablet
S003779,U0225,Delhi,London,2026-03-20,2026-05-11,Business,Desktop
S003780,U0403,Bengaluru,London,2026-05-19,2026-08-13,Economy,Desktop
S003781,U0103,Mumbai,New York,2026-07-01,2026-10-22,Economy,Mobile
S003782,U0344,Bengaluru,Dubai,2026-04-08,2026-05-28,Economy,Mobile
S003783,U0466,Mumbai,Dubai,2026-05-01,2026-10-01,Economy,Mobile
S003784,U0099,Delhi,London,2026-06-01,2026-07-26,Economy,Desktop
S003785,U0500,Mumbai,Dubai,2026-07-17,2026-10-19,Business,Mobile
S003786,U0318,Delhi,London,2026-01-17,2026-03-22,Economy,Desktop
S003787,U0363,Delhi,London,2026-06-05,2026-09-10,Business,Mobile
S003788,U0485,Bengaluru,Dubai,2026-02-19,2026-07-10,Economy,Mobile
S003789,U0083,Mumbai,London,2026-08-11,2026-11-19,Economy,Mobile
S003790,U0181,Delhi,Singapore,2026-08-16,2027-02-07,Economy,Desktop
S003791,U0152,Delhi,London,2026-07-02,2026-09-24,Economy,Mobile
S003792,U0056,Mumbai,Dubai,2026-07-20,2026-11-25,First,Desktop
S003793,U0190,Mumbai,Paris,2026-01-10,2026-06-08,Economy,Mobile
S003794,U0418,Mumbai,New York,2026-05-29,2026-08-19,Economy,Desktop
S003795,U0022,Delhi,Paris,2026-02-27,2026-04-27,First,Desktop
S003796,U0068,Delhi,Singapore,2026-06-11,2026-07-10,Economy,Mobile
S003797,U0185,Mumbai,Dubai,2026-04-05,2026-06-27,Economy,Desktop
S003798,U0010,Mumbai,Singapore,2026-08-09,2026-10-27,Economy,Desktop
S003799,U0066,Mumbai,London,2026-04-17,2026-07-20,Economy,Desktop
S003800,U0264,Delhi,Bangkok,2026-06-20,2026-10-07,Economy,Desktop
S003801,U0225,Mumbai,Dubai,2026-05-19,2026-08-27,Economy,Mobile
S003802,U0123,Bengaluru,London,2026-02-02,2026-04-09,Business,Mobile
S003803,U0038,Delhi,Dubai,2026-07-05,2026-07-21,Business,Mobile
S003804,U0491,Bengaluru,London,2026-02-15,2026-06-03,Economy,Tablet
S003805,U0123,Bengaluru,Dubai,2026-07-08,2026-09-10,Economy,Mobile
S003806,U0318,Mumbai,New York,2026-07-09,2026-12-05,Economy,Desktop
S003807,U0156,Delhi,New York,2026-05-09,2026-05-24,Business,Desktop
S003808,U0394,Hyderabad,Dubai,2026-05-29,2026-06-17,Economy,Desktop
S003809,U0301,Mumbai,New York,2026-03-03,2026-08-07,Business,Mobile
S003810,U0321,Mumbai,Dubai,2026-07-11,2026-12-25,Business,Mobile
S003811,U0482,Mumbai,Dubai,2026-03-28,2026-08-18,Economy,Mobile
S003812,U0067,Bengaluru,London,2026-03-14,2026-07-29,Business,Mobile
S003813,U0393,Delhi,Paris,2026-07-03,2026-09-20,Economy,Mobile
S003814,U0133,Mumbai,Dubai,2026-01-01,2026-05-03,Economy,Mobile
S003815,U0362,Mumbai,London,2026-01-21,2026-06-29,Economy,Desktop
S003816,U0394,Hyderabad,Dubai,2026-01-22,2026-06-02,Economy,Mobile
S003817,U0140,Delhi,Dubai,2026-07-01,2026-10-26,Business,Mobile
S003818,U0082,Delhi,Singapore,2026-01-04,2026-03-22,Business,Mobile
S003819,U0058,Delhi,London,2026-03-06,2026-08-23,Economy,Mobile
S003820,U0149,Delhi,Bangkok,2026-06-28,2026-10-01,First,Mobile
S003821,U0405,Delhi,London,2026-07-21,2026-08-16,Economy,Mobile
S003822,U0449,Bengaluru,London,2026-03-04,2026-05-30,Economy,Desktop
S003823,U0131,Delhi,London,2026-05-23,2026-08-27,Economy,Mobile
S003824,U0069,Bengaluru,London,2026-02-05,2026-03-02,Business,Tablet
S003825,U0345,Delhi,Bangkok,2026-01-29,2026-07-19,First,Mobile
S003826,U0250,Delhi,Singapore,2026-06-29,2026-10-25,Business,Tablet
S003827,U0320,Mumbai,Singapore,2026-06-23,2026-11-07,First,Desktop
S003828,U0177,Delhi,Singapore,2026-03-10,2026-07-01,Economy,Desktop
S003829,U0072,Mumbai,Dubai,2026-06-06,2026-10-11,Economy,Desktop
S003830,U0017,Mumbai,Paris,2026-04-21,2026-07-28,Economy,Mobile
S003831,U0329,Mumbai,Dubai,2026-06-24,2026-11-24,Business,Mobile
S003832,U0160,Delhi,Paris,2026-08-07,2027-02-03,Economy,Mobile
S003833,U0070,Delhi,Dubai,2026-06-02,2026-08-27,Business,Mobile
S003834,U0113,Mumbai,Dubai,2026-07-27,2026-09-02,Economy,Mobile
S003835,U0232,Mumbai,London,2026-05-24,2026-07-22,Economy,Desktop
S003836,U0021,Delhi,New York,2026-04-10,2026-08-07,Economy,Mobile
S003837,U0135,Delhi,Singapore,2026-08-05,2026-09-14,Business,Mobile
S003838,U0263,Delhi,Paris,2026-02-10,2026-03-19,Economy,Mobile
S003839,U0111,Mumbai,Dubai,2026-07-12,2026-12-04,Economy,Desktop
S003840,U0487,Delhi,London,2026-07-16,2026-07-28,Economy,Tablet
S003841,U0246,Mumbai,Paris,2026-08-21,2026-09-23,Business,Mobile
S003842,U0283,Delhi,Bangkok,2026-05-28,2026-06-10,Business,Mobile
S003843,U0008,Delhi,London,2026-07-16,2026-09-09,Business,Mobile
S003844,U0457,Mumbai,New York,2026-06-13,2026-09-23,Economy,Desktop
S003845,U0284,Mumbai,London,2026-08-09,2026-10-14,First,Mobile
S003846,U0207,Mumbai,Paris,2026-08-28,2026-10-06,Business,Tablet
S003847,U0194,Delhi,Tokyo,2026-08-14,2026-10-06,Economy,Mobile
S003848,U0455,Delhi,Bangkok,2026-07-05,2026-12-30,Economy,Mobile
S003849,U0047,Mumbai,Paris,2026-02-17,2026-06-22,Economy,Tablet
S003850,U0466,Mumbai,Dubai,2026-07-29,2026-08-31,Economy,Tablet
S003851,U0342,Mumbai,Paris,2026-05-10,2026-06-07,Business,Desktop
S003852,U0242,Mumbai,Singapore,2026-07-27,2026-09-18,Business,Mobile
S003853,U0010,Delhi,London,2026-06-06,2026-09-13,Business,Desktop
S003854,U0370,Delhi,Singapore,2026-08-13,2027-01-24,Economy,Mobile
S003855,U0289,Bengaluru,Dubai,2026-05-24,2026-06-01,Business,Mobile
S003856,U0391,Delhi,Tokyo,2026-06-12,2026-11-08,Economy,Mobile
S003857,U0131,Delhi,Dubai,2026-04-21,2026-06-13,Economy,Mobile
S003858,U0270,Delhi,Paris,2026-03-03,2026-04-05,Business,Desktop
S003859,U0428,Mumbai,Paris,2026-04-17,2026-05-20,Economy,Mobile
S003860,U0302,Mumbai,Dubai,2026-04-16,2026-09-10,Business,Tablet
S003861,U0061,Mumbai,Singapore,2026-07-28,2026-12-26,Business,Mobile
S003862,U0164,Delhi,Paris,2026-05-12,2026-08-01,Business,Mobile
S003863,U0013,Delhi,Singapore,2026-04-23,2026-05-09,Economy,Desktop
S003864,U0272,Delhi,Dubai,2026-03-09,2026-07-14,Business,Desktop
S003865,U0208,Bengaluru,London,2026-06-28,2026-08-06,First,Tablet
S003866,U0246,Bengaluru,Dubai,2026-03-30,2026-09-17,Business,Desktop
S003867,U0133,Bengaluru,London,2026-06-10,2026-10-20,Business,Mobile
S003868,U0244,Mumbai,Paris,2026-03-19,2026-04-02,Business,Tablet
S003869,U0473,Mumbai,London,2026-06-01,2026-11-15,Economy,Desktop
S003870,U0294,Delhi,Dubai,2026-03-16,2026-08-04,Business,Mobile
S003871,U0486,Mumbai,New York,2026-01-25,2026-07-12,Business,Desktop
S003872,U0434,Mumbai,London,2026-06-05,2026-08-21,Business,Desktop
S003873,U0038,Delhi,Bangkok,2026-01-07,2026-05-28,Business,Mobile
S003874,U0359,Delhi,Dubai,2026-04-23,2026-06-09,Economy,Tablet
S003875,U0056,Delhi,Singapore,2026-02-05,2026-06-09,Economy,Mobile
S003876,U0319,Delhi,Singapore,2026-01-10,2026-03-12,Business,Desktop
S003877,U0376,Bengaluru,Dubai,2026-04-23,2026-05-06,Economy,Mobile
S003878,U0048,Delhi,Dubai,2026-02-05,2026-05-06,Economy,Mobile
S003879,U0105,Delhi,London,2026-08-11,2027-01-10,Economy,Desktop
S003880,U0474,Mumbai,Dubai,2026-07-30,2027-01-23,Economy,Mobile
S003881,U0059,Delhi,Bangkok,2026-01-18,2026-04-12,Business,Mobile
S003882,U0077,Delhi,Dubai,2026-05-14,2026-11-04,Business,Tablet
S003883,U0428,Mumbai,Dubai,2026-08-08,2026-10-06,Economy,Desktop
S003884,U0499,Delhi,Dubai,2026-05-15,2026-06-04,Economy,Desktop
S003885,U0218,Delhi,Paris,2026-04-12,2026-09-14,Economy,Mobile
S003886,U0383,Delhi,London,2026-05-20,2026-09-16,Economy,Mobile
S003887,U0055,Mumbai,London,2026-06-18,2026-08-20,Economy,Desktop
S003888,U0055,Mumbai,Dubai,2026-07-10,2026-10-15,First,Desktop
S003889,U0129,Delhi,New York,2026-08-14,2026-10-05,Economy,Mobile
S003890,U0392,Delhi,Paris,2026-01-25,2026-07-04,Business,Desktop
S003891,U0383,Mumbai,Singapore,2026-07-28,2026-11-02,Business,Mobile
S003892,U0388,Bengaluru,Dubai,2026-06-30,2026-12-05,First,Mobile
S003893,U0085,Bengaluru,Dubai,2026-02-02,2026-06-21,Economy,Mobile
S003894,U0214,Mumbai,London,2026-03-28,2026-09-20,Business,Mobile
S003895,U0115,Mumbai,Paris,2026-03-14,2026-06-30,Economy,Mobile
S003896,U0437,Delhi,Paris,2026-01-06,2026-04-28,Economy,Desktop
S003897,U0314,Delhi,Tokyo,2026-07-09,2027-01-02,Economy,Mobile
S003898,U0293,Delhi,Singapore,2026-07-13,2026-11-24,Business,Desktop
S003899,U0049,Mumbai,Singapore,2026-08-18,2026-09-25,Economy,Desktop
S003900,U0067,Delhi,Singapore,2026-05-17,2026-05-29,Economy,Desktop
S003901,U0275,Delhi,Bangkok,2026-03-08,2026-05-27,Business,Mobile
S003902,U0129,Mumbai,Dubai,2026-05-24,2026-10-12,First,Mobile
S003903,U0029,Mumbai,Dubai,2026-08-05,2026-09-09,Business,Desktop
S003904,U0343,Mumbai,London,2026-08-04,2026-09-13,Economy,Mobile
S003905,U0033,Mumbai,Dubai,2026-08-27,2026-09-09,Economy,Desktop
S003906,U0119,Delhi,New York,2026-04-03,2026-06-29,Economy,Mobile
S003907,U0180,Delhi,Dubai,2026-04-18,2026-07-10,Business,Mobile
S003908,U0425,Mumbai,London,2026-07-02,2026-09-04,Business,Desktop
S003909,U0151,Bengaluru,Dubai,2026-06-17,2026-09-16,Business,Tablet
S003910,U0133,Delhi,Singapore,2026-01-26,2026-07-10,Economy,Mobile
S003911,U0327,Delhi,Paris,2026-02-07,2026-04-27,Business,Mobile
S003912,U0185,Delhi,Dubai,2026-06-12,2026-08-02,Business,Desktop
S003913,U0134,Mumbai,Dubai,2026-08-03,2026-09-25,First,Mobile
S003914,U0177,Mumbai,Paris,2026-07-15,2026-10-06,Business,Mobile
S003915,U0022,Delhi,Paris,2026-07-06,2026-09-23,Economy,Mobile
S003916,U0241,Mumbai,London,2026-08-22,2027-02-12,Economy,Mobile
S003917,U0077,Bengaluru,Dubai,2026-05-22,2026-09-21,Economy,Desktop
S003918,U0204,Bengaluru,Dubai,2026-06-24,2026-07-30,Business,Mobile
S003919,U0004,Hyderabad,Dubai,2026-04-13,2026-06-29,Business,Desktop
S003920,U0328,Delhi,Singapore,2026-07-18,2026-12-16,Economy,Desktop
S003921,U0448,Delhi,Dubai,2026-07-19,2026-11-05,Economy,Tablet
S003922,U0165,Mumbai,New York,2026-02-11,2026-06-30,Economy,Mobile
S003923,U0415,Bengaluru,London,2026-06-28,2026-10-16,Business,Mobile
S003924,U0421,Delhi,Dubai,2026-05-27,2026-10-02,Economy,Tablet
S003925,U0128,Mumbai,Paris,2026-03-07,2026-07-20,Economy,Mobile
S003926,U0045,Delhi,London,2026-06-24,2026-07-31,Economy,Desktop
S003927,U0218,Mumbai,Singapore,2026-07-12,2026-12-28,Economy,Mobile
S003928,U0235,Mumbai,London,2026-02-11,2026-06-06,Business,Desktop
S003929,U0136,Delhi,Paris,2026-02-07,2026-04-26,Business,Tablet
S003930,U0168,Mumbai,London,2026-05-21,2026-11-01,Economy,Mobile
S003931,U0481,Delhi,Bangkok,2026-04-16,2026-08-27,Business,Mobile
S003932,U0237,Delhi,New York,2026-06-21,2026-09-20,Economy,Mobile
S003933,U0093,Mumbai,Paris,2026-06-01,2026-06-22,First,Mobile
S003934,U0005,Hyderabad,Dubai,2026-04-06,2026-06-07,Economy,Mobile
S003935,U0156,Bengaluru,London,2026-06-07,2026-07-10,Economy,Desktop
S003936,U0245,Hyderabad,Dubai,2026-03-11,2026-03-19,Economy,Mobile
S003937,U0360,Delhi,London,2026-02-07,2026-04-28,Economy,Mobile
S003938,U0081,Mumbai,London,2026-04-07,2026-06-16,Economy,Mobile
S003939,U0247,Delhi,Dubai,2026-04-18,2026-04-29,Business,Mobile
S003940,U0343,Mumbai,Dubai,2026-04-29,2026-08-04,Business,Mobile
S003941,U0493,Delhi,Bangkok,2026-05-31,2026-08-13,Economy,Desktop
S003942,U0137,Delhi,London,2026-03-15,2026-08-09,Business,Desktop
S003943,U0386,Mumbai,Singapore,2026-02-26,2026-05-24,Business,Mobile
S003944,U0063,Delhi,New York,2026-04-20,2026-07-20,Business,Mobile
S003945,U0480,Delhi,New York,2026-03-20,2026-04-18,Business,Desktop
S003946,U0307,Mumbai,Singapore,2026-05-31,2026-09-11,Business,Mobile
S003947,U0116,Mumbai,Paris,2026-02-05,2026-06-15,Economy,Mobile
S003948,U0113,Delhi,Dubai,2026-02-26,2026-04-10,Economy,Desktop
S003949,U0031,Mumbai,London,2026-05-09,2026-06-14,Economy,Mobile
S003950,U0007,Mumbai,New York,2026-07-19,2026-12-23,Economy,Mobile
S003951,U0414,Bengaluru,London,2026-01-03,2026-06-20,Business,Tablet
S003952,U0442,Delhi,Singapore,2026-01-14,2026-05-17,Economy,Mobile
S003953,U0003,Delhi,Tokyo,2026-07-28,2026-08-12,Economy,Desktop
S003954,U0307,Delhi,Singapore,2026-02-03,2026-06-21,Economy,Mobile
S003955,U0243,Delhi,Singapore,2026-08-27,2026-11-07,Economy,Desktop
S003956,U0056,Delhi,London,2026-03-11,2026-07-15,Business,Mobile
S003957,U0073,Delhi,New York,2026-03-10,2026-07-18,Economy,Mobile
S003958,U0010,Bengaluru,London,2026-08-26,2027-02-09,Business,Desktop
S003959,U0061,Delhi,Dubai,2026-06-28,2026-12-11,Economy,Desktop
S003960,U0494,Mumbai,Dubai,2026-08-21,2026-10-10,Business,Mobile
S003961,U0050,Mumbai,Paris,2026-04-14,2026-08-07,First,Desktop
S003962,U0122,Mumbai,London,2026-01-29,2026-03-13,Business,Mobile
S003963,U0175,Mumbai,Dubai,2026-08-15,2026-10-27,Business,Desktop
S003964,U0474,Bengaluru,London,2026-07-29,2026-10-03,Economy,Desktop
S003965,U0001,Delhi,Dubai,2026-08-20,2026-10-01,First,Mobile
S003966,U0478,Delhi,Tokyo,2026-02-17,2026-04-13,Business,Mobile
S003967,U0441,Delhi,Dubai,2026-04-04,2026-07-26,First,Mobile
S003968,U0038,Bengaluru,London,2026-03-20,2026-04-03,Business,Tablet
S003969,U0190,Mumbai,Singapore,2026-04-27,2026-06-13,Business,Mobile
S003970,U0079,Delhi,Bangkok,2026-07-26,2026-11-10,Business,Desktop
S003971,U0345,Delhi,Dubai,2026-05-24,2026-09-20,Economy,Mobile
S003972,U0454,Bengaluru,London,2026-07-04,2026-10-27,Economy,Desktop
S003973,U0338,Delhi,New York,2026-08-13,2027-02-01,Business,Desktop
S003974,U0449,Mumbai,Singapore,2026-05-18,2026-08-18,Economy,Desktop
S003975,U0190,Mumbai,Singapore,2026-05-27,2026-08-19,Business,Desktop
S003976,U0184,Delhi,Paris,2026-08-17,2026-10-17,Economy,Mobile
S003977,U0067,Bengaluru,Dubai,2026-03-08,2026-07-02,Economy,Mobile
S003978,U0017,Delhi,London,2026-06-13,2026-11-12,Business,Tablet
S003979,U0383,Delhi,London,2026-05-12,2026-07-22,Business,Mobile
S003980,U0368,Mumbai,Paris,2026-03-16,2026-05-25,Business,Desktop
S003981,U0392,Delhi,Dubai,2026-08-21,2027-01-14,Economy,Desktop
S003982,U0316,Hyderabad,Dubai,2026-06-10,2026-10-12,Economy,Desktop
S003983,U0497,Mumbai,New York,2026-01-28,2026-07-22,Economy,Mobile
S003984,U0296,Bengaluru,London,2026-08-12,2026-09-29,Economy,Mobile
S003985,U0209,Delhi,Dubai,2026-05-01,2026-09-01,Economy,Desktop
S003986,U0345,Mumbai,Dubai,2026-07-27,2026-09-21,Business,Mobile
S003987,U0446,Bengaluru,London,2026-01-09,2026-06-28,Economy,Desktop
S003988,U0041,Delhi,Tokyo,2026-07-22,2026-09-14,Business,Mobile
S003989,U0396,Hyderabad,Dubai,2026-05-14,2026-08-01,Economy,Mobile
S003990,U0477,Delhi,Dubai,2026-05-03,2026-09-22,Economy,Mobile
S003991,U0473,Delhi,Dubai,2026-02-18,2026-07-27,Economy,Tablet
S003992,U0115,Delhi,London,2026-04-01,2026-08-20,First,Mobile
S003993,U0100,Delhi,Bangkok,2026-05-05,2026-08-25,Economy,Desktop
S003994,U0373,Mumbai,Dubai,2026-03-17,2026-03-31,Economy,Tablet
S003995,U0438,Delhi,London,2026-05-30,2026-09-23,Business,Desktop
S003996,U0345,Mumbai,Dubai,2026-04-14,2026-05-21,Business,Tablet
S003997,U0349,Mumbai,London,2026-06-25,2026-07-13,Business,Mobile
S003998,U0139,Hyderabad,Dubai,2026-08-17,2026-12-28,Business,Desktop
S003999,U0316,Mumbai,Singapore,2026-05-29,2026-07-31,Economy,Mobile
S004000,U0324,Delhi,Dubai,2026-02-02,2026-06-28,Business,Desktop
S004001,U0334,Mumbai,London,2026-07-28,2026-08-30,Business,Desktop
S004002,U0302,Mumbai,London,2026-07-03,2026-08-24,Business,Mobile
S004003,U0294,Delhi,London,2026-06-06,2026-10-25,Business,Mobile
S004004,U0445,Delhi,Dubai,2026-02-22,2026-04-30,Economy,Desktop
S004005,U0017,Bengaluru,London,2026-02-09,2026-04-14,Economy,Mobile
S004006,U0322,Delhi,Dubai,2026-07-21,2026-08-09,Business,Desktop
S004007,U0456,Mumbai,Dubai,2026-01-18,2026-05-04,Business,Mobile
S004008,U0292,Mumbai,London,2026-06-24,2026-08-18,Economy,Desktop
S004009,U0074,Delhi,Paris,2026-01-13,2026-02-23,Economy,Mobile
S004010,U0263,Delhi,New York,2026-06-04,2026-09-12,Business,Desktop
S004011,U0484,Bengaluru,London,2026-07-09,2026-10-18,Economy,Mobile
S004012,U0016,Delhi,New York,2026-03-15,2026-08-13,Economy,Mobile
S004013,U0014,Bengaluru,London,2026-04-06,2026-06-23,Economy,Mobile
S004014,U0336,Delhi,London,2026-04-15,2026-08-22,Business,Mobile
S004015,U0281,Bengaluru,Dubai,2026-06-22,2026-07-08,Business,Mobile
S004016,U0361,Delhi,Dubai,2026-05-11,2026-10-26,Economy,Desktop
S004017,U0004,Delhi,Singapore,2026-05-30,2026-06-09,Business,Mobile
S004018,U0413,Mumbai,Paris,2026-06-04,2026-10-13,Economy,Desktop
S004019,U0127,Delhi,Singapore,2026-07-02,2026-08-06,Economy,Mobile
S004020,U0312,Bengaluru,Dubai,2026-03-08,2026-04-29,Business,Mobile
S004021,U0006,Delhi,Singapore,2026-02-02,2026-08-01,Economy,Mobile
S004022,U0129,Delhi,Tokyo,2026-01-02,2026-03-26,Economy,Desktop
S004023,U0423,Mumbai,Paris,2026-03-16,2026-05-20,Business,Mobile
S004024,U0385,Hyderabad,Dubai,2026-06-23,2026-09-03,Economy,Mobile
S004025,U0371,Bengaluru,Dubai,2026-03-15,2026-08-30,Economy,Mobile
S004026,U0232,Delhi,Tokyo,2026-08-19,2026-12-10,Business,Mobile
S004027,U0447,Delhi,Paris,2026-06-10,2026-09-10,Business,Mobile
S004028,U0313,Mumbai,London,2026-07-05,2026-11-21,Economy,Mobile
S004029,U0195,Delhi,Dubai,2026-05-15,2026-05-30,Economy,Mobile
S004030,U0065,Bengaluru,London,2026-05-23,2026-06-18,Business,Desktop
S004031,U0321,Hyderabad,Dubai,2026-01-26,2026-06-30,First,Mobile
S004032,U0103,Delhi,Paris,2026-05-19,2026-09-29,Economy,Mobile
S004033,U0277,Bengaluru,Dubai,2026-05-08,2026-05-31,First,Mobile
S004034,U0493,Mumbai,Paris,2026-06-15,2026-07-03,Business,Desktop
S004035,U0158,Delhi,Dubai,2026-01-27,2026-04-25,Business,Mobile
S004036,U0224,Mumbai,Dubai,2026-08-19,2026-10-31,Economy,Desktop
S004037,U0289,Mumbai,London,2026-05-15,2026-10-01,Economy,Desktop
S004038,U0432,Delhi,Dubai,2026-05-09,2026-07-07,Economy,Desktop
S004039,U0278,Delhi,New York,2026-07-21,2026-12-21,Economy,Mobile
S004040,U0478,Hyderabad,Dubai,2026-01-21,2026-06-21,First,Mobile
S004041,U0182,Delhi,Paris,2026-03-20,2026-05-19,Economy,Mobile
S004042,U0366,Delhi,Singapore,2026-06-07,2026-08-20,Business,Desktop
S004043,U0004,Delhi,London,2026-04-04,2026-05-15,Economy,Desktop
S004044,U0215,Mumbai,London,2026-01-08,2026-04-12,Business,Mobile
S004045,U0439,Mumbai,Singapore,2026-08-04,2027-01-26,Economy,Tablet
S004046,U0428,Mumbai,London,2026-03-24,2026-08-18,Economy,Mobile
S004047,U0217,Delhi,Dubai,2026-01-03,2026-06-19,Economy,Mobile
S004048,U0396,Delhi,Singapore,2026-02-24,2026-03-17,Business,Mobile
S004049,U0209,Mumbai,Dubai,2026-05-23,2026-06-13,Economy,Mobile
S004050,U0463,Delhi,Tokyo,2026-02-05,2026-03-14,Economy,Desktop
S004051,U0074,Delhi,Dubai,2026-01-06,2026-04-29,Economy,Desktop
S004052,U0227,Delhi,London,2026-05-01,2026-10-10,First,Desktop
S004053,U0375,Delhi,London,2026-02-11,2026-02-27,Business,Mobile
S004054,U0500,Mumbai,London,2026-02-19,2026-04-23,Business,Desktop
S004055,U0436,Bengaluru,London,2026-04-22,2026-10-06,Business,Desktop
S004056,U0093,Delhi,Paris,2026-05-26,2026-06-08,Economy,Mobile
S004057,U0460,Delhi,Singapore,2026-08-18,2027-01-04,Business,Mobile
S004058,U0065,Bengaluru,London,2026-07-30,2026-12-08,Economy,Desktop
S004059,U0321,Mumbai,London,2026-02-19,2026-06-24,Economy,Desktop
S004060,U0010,Bengaluru,London,2026-01-30,2026-04-26,Business,Desktop
S004061,U0402,Delhi,London,2026-07-24,2026-12-01,Business,Mobile
S004062,U0303,Delhi,Singapore,2026-02-08,2026-04-12,Economy,Mobile
S004063,U0322,Mumbai,Paris,2026-04-26,2026-07-13,Economy,Desktop
S004064,U0305,Mumbai,Paris,2026-05-20,2026-11-10,Business,Desktop
S004065,U0456,Delhi,Paris,2026-08-14,2026-09-17,Business,Mobile
S004066,U0278,Delhi,Dubai,2026-02-28,2026-04-11,Economy,Desktop
S004067,U0086,Mumbai,Dubai,2026-03-17,2026-05-18,Economy,Desktop
S004068,U0026,Hyderabad,Dubai,2026-06-21,2026-10-21,Business,Desktop
S004069,U0218,Delhi,Dubai,2026-08-04,2027-01-25,Business,Desktop
S004070,U0393,Delhi,Dubai,2026-05-12,2026-07-16,First,Mobile
S004071,U0405,Delhi,Dubai,2026-06-13,2026-12-07,Economy,Desktop
S004072,U0095,Mumbai,London,2026-02-17,2026-06-26,Economy,Mobile
S004073,U0244,Mumbai,Dubai,2026-05-22,2026-08-02,Economy,Desktop
S004074,U0447,Mumbai,Singapore,2026-03-22,2026-04-06,Business,Mobile
S004075,U0107,Mumbai,Singapore,2026-02-18,2026-07-08,Economy,Desktop
S004076,U0390,Delhi,Tokyo,2026-03-08,2026-07-11,Economy,Desktop
S004077,U0248,Delhi,London,2026-08-18,2026-12-24,Economy,Desktop
S004078,U0014,Mumbai,London,2026-08-03,2026-10-13,Business,Desktop
S004079,U0161,Delhi,New York,2026-03-18,2026-08-02,Economy,Mobile
S004080,U0071,Mumbai,New York,2026-05-17,2026-11-04,Business,Desktop
S004081,U0152,Mumbai,Singapore,2026-01-21,2026-06-03,Business,Mobile
S004082,U0457,Mumbai,Paris,2026-04-15,2026-07-17,Business,Mobile
S004083,U0075,Delhi,London,2026-03-13,2026-04-21,Economy,Tablet
S004084,U0376,Mumbai,Paris,2026-07-28,2026-12-18,First,Desktop
S004085,U0215,Mumbai,Singapore,2026-01-16,2026-03-16,Economy,Desktop
S004086,U0368,Delhi,Dubai,2026-05-24,2026-08-30,Economy,Mobile
S004087,U0051,Delhi,Tokyo,2026-01-28,2026-03-26,First,Desktop
S004088,U0386,Mumbai,New York,2026-06-28,2026-09-13,Economy,Desktop
S004089,U0143,Delhi,Dubai,2026-07-03,2026-12-10,Business,Desktop
S004090,U0419,Delhi,London,2026-03-21,2026-08-18,Economy,Tablet
S004091,U0036,Delhi,Dubai,2026-02-26,2026-04-13,Economy,Mobile
S004092,U0500,Mumbai,New York,2026-04-20,2026-06-04,Business,Desktop
S004093,U0374,Delhi,Dubai,2026-02-21,2026-08-10,Economy,Desktop
S004094,U0476,Mumbai,Dubai,2026-06-23,2026-10-28,Business,Mobile
S004095,U0167,Delhi,London,2026-07-25,2026-10-24,Business,Mobile
S004096,U0236,Delhi,Paris,2026-08-26,2027-02-21,Economy,Tablet
S004097,U0260,Mumbai,Paris,2026-08-24,2027-01-14,Economy,Mobile
S004098,U0192,Mumbai,Paris,2026-06-15,2026-07-28,Economy,Mobile
S004099,U0202,Delhi,Dubai,2026-03-25,2026-06-26,Business,Mobile
S004100,U0262,Delhi,Tokyo,2026-08-25,2027-01-07,Business,Mobile
S004101,U0185,Bengaluru,London,2026-02-17,2026-04-27,Business,Desktop
S004102,U0158,Delhi,Tokyo,2026-05-07,2026-06-25,Economy,Mobile
S004103,U0246,Delhi,Singapore,2026-06-18,2026-11-27,Economy,Mobile
S004104,U0110,Delhi,Singapore,2026-04-08,2026-07-23,Economy,Desktop
S004105,U0099,Mumbai,Paris,2026-04-28,2026-10-10,Economy,Mobile
S004106,U0241,Delhi,London,2026-07-06,2026-10-25,Business,Desktop
S004107,U0491,Mumbai,Singapore,2026-04-03,2026-04-17,First,Desktop
S004108,U0202,Delhi,Bangkok,2026-03-08,2026-08-23,Economy,Desktop
S004109,U0122,Delhi,Bangkok,2026-03-15,2026-05-09,First,Desktop
S004110,U0117,Bengaluru,Dubai,2026-03-25,2026-07-05,Economy,Mobile
S004111,U0096,Bengaluru,London,2026-07-13,2026-11-19,First,Mobile
S004112,U0234,Delhi,Dubai,2026-06-04,2026-07-27,Economy,Mobile
S004113,U0490,Delhi,London,2026-06-09,2026-07-10,Business,Mobile
S004114,U0067,Mumbai,Singapore,2026-07-03,2026-11-17,Economy,Mobile
S004115,U0376,Mumbai,Singapore,2026-01-10,2026-07-08,First,Mobile
S004116,U0218,Mumbai,Dubai,2026-06-17,2026-10-15,Economy,Desktop
S004117,U0015,Delhi,Dubai,2026-05-25,2026-09-07,Economy,Mobile
S004118,U0273,Delhi,New York,2026-07-05,2026-10-15,Economy,Mobile
S004119,U0219,Delhi,Paris,2026-04-28,2026-06-07,Economy,Mobile
S004120,U0274,Hyderabad,Dubai,2026-04-07,2026-07-31,Business,Mobile
S004121,U0371,Delhi,Paris,2026-01-06,2026-04-14,First,Desktop
S004122,U0147,Mumbai,Paris,2026-06-16,2026-06-30,Business,Desktop
S004123,U0332,Mumbai,New York,2026-08-27,2027-02-04,Business,Desktop
S004124,U0344,Hyderabad,Dubai,2026-01-18,2026-03-28,Economy,Desktop
S004125,U0453,Mumbai,New York,2026-07-20,2026-10-16,Business,Desktop
S004126,U0152,Delhi,Bangkok,2026-03-13,2026-04-13,Economy,Desktop
S004127,U0347,Bengaluru,Dubai,2026-03-30,2026-08-12,Business,Mobile
S004128,U0304,Bengaluru,Dubai,2026-08-11,2026-08-25,Economy,Mobile
S004129,U0414,Mumbai,London,2026-02-11,2026-06-21,Business,Desktop
S004130,U0015,Delhi,London,2026-01-04,2026-06-08,Economy,Mobile
S004131,U0431,Delhi,Dubai,2026-01-20,2026-05-04,Economy,Mobile
S004132,U0379,Delhi,London,2026-01-28,2026-05-15,Economy,Mobile
S004133,U0486,Delhi,Dubai,2026-06-17,2026-10-12,Economy,Mobile
S004134,U0383,Delhi,Dubai,2026-07-12,2026-12-22,Economy,Desktop
S004135,U0428,Mumbai,London,2026-04-14,2026-09-25,Economy,Mobile
S004136,U0354,Delhi,New York,2026-02-13,2026-02-22,Business,Mobile
S004137,U0411,Delhi,Paris,2026-01-23,2026-06-13,Economy,Mobile
S004138,U0084,Mumbai,Dubai,2026-07-04,2026-10-18,Business,Desktop
S004139,U0192,Bengaluru,London,2026-02-16,2026-03-05,Economy,Desktop
S004140,U0041,Bengaluru,London,2026-01-13,2026-06-28,Economy,Mobile
S004141,U0352,Delhi,New York,2026-05-24,2026-07-28,Business,Desktop
S004142,U0324,Delhi,Tokyo,2026-08-06,2026-12-30,Economy,Mobile
S004143,U0261,Delhi,Dubai,2026-07-02,2026-09-25,Economy,Desktop
S004144,U0309,Delhi,Dubai,2026-04-05,2026-05-19,Business,Desktop
S004145,U0378,Delhi,Singapore,2026-07-12,2026-11-17,Economy,Tablet
S004146,U0136,Delhi,Dubai,2026-07-28,2027-01-02,Business,Mobile
S004147,U0278,Delhi,New York,2026-01-16,2026-03-28,Economy,Mobile
S004148,U0106,Delhi,Singapore,2026-04-29,2026-09-28,Economy,Mobile
S004149,U0007,Mumbai,Dubai,2026-06-14,2026-08-05,Business,Mobile
S004150,U0406,Delhi,Dubai,2026-06-29,2026-11-07,Business,Mobile
S004151,U0302,Mumbai,London,2026-04-27,2026-06-28,Economy,Mobile
S004152,U0030,Mumbai,New York,2026-01-10,2026-01-23,Business,Mobile
S004153,U0126,Delhi,New York,2026-05-02,2026-08-21,First,Desktop
S004154,U0357,Delhi,Dubai,2026-02-07,2026-03-25,Business,Mobile
S004155,U0400,Delhi,Dubai,2026-02-13,2026-07-28,Economy,Tablet
S004156,U0079,Delhi,London,2026-04-05,2026-07-17,Business,Desktop
S004157,U0389,Delhi,London,2026-03-15,2026-05-12,Economy,Desktop
S004158,U0067,Delhi,Tokyo,2026-07-01,2026-08-07,Economy,Desktop
S004159,U0023,Delhi,London,2026-04-23,2026-10-08,Economy,Desktop
S004160,U0189,Delhi,Paris,2026-08-14,2026-08-27,Business,Desktop
S004161,U0074,Delhi,Tokyo,2026-02-20,2026-07-20,First,Mobile
S004162,U0005,Delhi,London,2026-02-21,2026-07-27,Business,Mobile
S004163,U0407,Delhi,Singapore,2026-07-17,2026-10-22,First,Tablet
S004164,U0463,Hyderabad,Dubai,2026-04-02,2026-04-25,Economy,Mobile
S004165,U0082,Delhi,Bangkok,2026-08-08,2026-12-17,Economy,Mobile
S004166,U0025,Mumbai,Singapore,2026-02-28,2026-03-10,Business,Desktop
S004167,U0264,Delhi,Paris,2026-01-13,2026-05-21,First,Desktop
S004168,U0479,Delhi,Bangkok,2026-06-18,2026-10-01,Economy,Desktop
S004169,U0405,Mumbai,London,2026-01-12,2026-06-30,Economy,Mobile
S004170,U0002,Delhi,Tokyo,2026-02-19,2026-08-16,Economy,Desktop
S004171,U0278,Mumbai,Singapore,2026-08-20,2027-01-16,Economy,Mobile
S004172,U0328,Mumbai,Singapore,2026-02-26,2026-05-04,Economy,Desktop
S004173,U0343,Hyderabad,Dubai,2026-06-27,2026-12-22,Economy,Mobile
S004174,U0224,Delhi,Bangkok,2026-04-29,2026-05-26,Business,Desktop
S004175,U0072,Mumbai,London,2026-02-26,2026-05-20,Economy,Mobile
S004176,U0068,Delhi,London,2026-07-01,2026-08-23,Business,Mobile
S004177,U0320,Mumbai,New York,2026-07-13,2026-10-02,Economy,Mobile
S004178,U0094,Bengaluru,London,2026-01-08,2026-03-04,Economy,Mobile
S004179,U0019,Bengaluru,London,2026-04-16,2026-05-19,Business,Desktop
S004180,U0128,Hyderabad,Dubai,2026-07-10,2026-08-16,Business,Mobile
S004181,U0343,Delhi,Bangkok,2026-05-17,2026-11-11,Business,Mobile
S004182,U0082,Delhi,Singapore,2026-07-07,2026-08-14,Business,Mobile
S004183,U0254,Delhi,London,2026-04-30,2026-10-11,Business,Desktop
S004184,U0437,Mumbai,Singapore,2026-03-04,2026-03-28,Economy,Mobile
S004185,U0221,Bengaluru,London,2026-03-13,2026-07-22,Economy,Mobile
S004186,U0343,Mumbai,New York,2026-05-11,2026-07-19,Business,Desktop
S004187,U0097,Mumbai,Singapore,2026-07-20,2026-12-01,Economy,Desktop
S004188,U0052,Delhi,Singapore,2026-01-13,2026-02-04,Economy,Desktop
S004189,U0175,Mumbai,Dubai,2026-05-17,2026-11-02,Economy,Desktop
S004190,U0338,Mumbai,Dubai,2026-08-11,2027-01-01,Economy,Mobile
S004191,U0182,Mumbai,Singapore,2026-08-05,2026-10-12,Business,Desktop
S004192,U0428,Delhi,Dubai,2026-02-21,2026-04-07,Economy,Desktop
S004193,U0353,Mumbai,London,2026-08-24,2026-12-23,Economy,Desktop
S004194,U0391,Mumbai,London,2026-03-03,2026-07-25,Business,Mobile
S004195,U0115,Delhi,New York,2026-04-29,2026-09-22,Business,Desktop
S004196,U0348,Delhi,London,2026-04-19,2026-07-06,Business,Mobile
S004197,U0001,Delhi,Bangkok,2026-01-08,2026-03-17,First,Desktop
S004198,U0063,Delhi,New York,2026-08-27,2027-01-11,Business,Mobile
S004199,U0248,Bengaluru,London,2026-04-05,2026-07-03,Business,Mobile
S004200,U0231,Bengaluru,London,2026-05-05,2026-09-11,Economy,Mobile
S004201,U0226,Mumbai,Dubai,2026-06-22,2026-11-14,Economy,Mobile
S004202,U0423,Mumbai,Singapore,2026-02-22,2026-07-14,Business,Desktop
S004203,U0019,Bengaluru,Dubai,2026-08-25,2026-12-18,Business,Desktop
S004204,U0031,Delhi,Paris,2026-03-04,2026-07-10,First,Desktop
S004205,U0333,Hyderabad,Dubai,2026-04-05,2026-09-09,Business,Mobile
S004206,U0121,Delhi,Paris,2026-03-22,2026-07-25,Business,Tablet
S004207,U0024,Delhi,Dubai,2026-08-27,2027-01-18,Economy,Desktop
S004208,U0325,Delhi,London,2026-02-26,2026-03-22,Economy,Mobile
S004209,U0471,Delhi,New York,2026-07-01,2026-09-21,Economy,Desktop
S004210,U0211,Mumbai,London,2026-05-27,2026-11-16,Economy,Mobile
S004211,U0449,Mumbai,Dubai,2026-03-08,2026-08-15,Economy,Mobile
S004212,U0161,Mumbai,Paris,2026-02-15,2026-03-04,Economy,Mobile
S004213,U0255,Mumbai,London,2026-04-04,2026-08-26,Business,Desktop
S004214,U0059,Mumbai,London,2026-05-18,2026-10-02,Business,Mobile
S004215,U0114,Delhi,Bangkok,2026-04-23,2026-06-30,Business,Mobile
S004216,U0417,Delhi,Bangkok,2026-04-03,2026-06-19,Economy,Tablet
S004217,U0160,Mumbai,London,2026-08-20,2026-10-26,Economy,Mobile
S004218,U0443,Delhi,Bangkok,2026-05-26,2026-10-11,First,Mobile
S004219,U0220,Delhi,Bangkok,2026-05-20,2026-07-26,Economy,Tablet
S004220,U0357,Delhi,Singapore,2026-02-18,2026-07-10,First,Mobile
S004221,U0169,Delhi,London,2026-01-23,2026-05-11,Economy,Desktop
S004222,U0012,Delhi,London,2026-03-03,2026-03-22,Economy,Mobile
S004223,U0457,Mumbai,Singapore,2026-01-11,2026-01-29,Economy,Desktop
S004224,U0242,Mumbai,London,2026-03-14,2026-04-24,Economy,Mobile
S004225,U0375,Hyderabad,Dubai,2026-04-28,2026-06-24,Economy,Tablet
S004226,U0139,Mumbai,Paris,2026-07-03,2026-08-21,Business,Mobile
S004227,U0097,Delhi,Paris,2026-03-29,2026-07-24,Economy,Desktop
S004228,U0147,Bengaluru,Dubai,2026-03-30,2026-06-10,Business,Tablet
S004229,U0182,Delhi,Tokyo,2026-02-24,2026-03-17,Economy,Tablet
S004230,U0057,Mumbai,London,2026-06-02,2026-11-17,Economy,Mobile
S004231,U0042,Delhi,Dubai,2026-08-27,2026-10-11,Business,Desktop
S004232,U0354,Delhi,Paris,2026-01-09,2026-02-10,Business,Mobile
S004233,U0199,Mumbai,London,2026-01-12,2026-05-10,Economy,Desktop
S004234,U0031,Mumbai,Singapore,2026-05-19,2026-07-15,Economy,Mobile
S004235,U0180,Mumbai,New York,2026-04-23,2026-08-18,Economy,Mobile
S004236,U0002,Delhi,Tokyo,2026-06-15,2026-10-31,First,Mobile
S004237,U0467,Delhi,Singapore,2026-06-05,2026-09-17,Economy,Desktop
S004238,U0422,Mumbai,Paris,2026-01-08,2026-06-18,Business,Mobile
S004239,U0288,Mumbai,Dubai,2026-07-21,2026-11-23,Economy,Mobile
S004240,U0138,Bengaluru,London,2026-08-05,2027-01-28,First,Mobile
S004241,U0105,Delhi,London,2026-06-24,2026-08-25,Economy,Tablet
S004242,U0392,Delhi,Tokyo,2026-02-05,2026-04-21,Economy,Desktop
S004243,U0218,Delhi,London,2026-05-05,2026-10-04,Business,Mobile
S004244,U0222,Delhi,Paris,2026-02-19,2026-03-01,First,Desktop
S004245,U0331,Delhi,London,2026-04-17,2026-08-30,First,Desktop
S004246,U0105,Mumbai,Dubai,2026-01-09,2026-03-06,Business,Mobile
S004247,U0404,Mumbai,Singapore,2026-08-21,2026-11-19,Business,Mobile
S004248,U0404,Delhi,Singapore,2026-07-07,2026-09-21,Business,Mobile
S004249,U0127,Delhi,Dubai,2026-07-19,2026-12-20,Business,Desktop
S004250,U0265,Mumbai,London,2026-03-08,2026-04-03,Business,Tablet
S004251,U0200,Delhi,Paris,2026-02-22,2026-08-21,Economy,Mobile
S004252,U0252,Bengaluru,London,2026-03-23,2026-04-25,Business,Mobile
S004253,U0015,Delhi,London,2026-04-20,2026-05-22,Business,Mobile
S004254,U0226,Delhi,Paris,2026-08-15,2027-01-28,Business,Mobile
S004255,U0472,Delhi,London,2026-05-25,2026-06-10,Business,Desktop
S004256,U0353,Delhi,New York,2026-08-16,2026-11-12,Economy,Desktop
S004257,U0105,Mumbai,Dubai,2026-02-22,2026-06-13,Economy,Mobile
S004258,U0233,Delhi,New York,2026-06-05,2026-10-29,Economy,Desktop
S004259,U0493,Mumbai,Dubai,2026-04-24,2026-07-27,Economy,Mobile
S004260,U0319,Hyderabad,Dubai,2026-03-04,2026-04-03,Economy,Tablet
S004261,U0488,Mumbai,Dubai,2026-05-23,2026-09-23,Business,Mobile
S004262,U0219,Mumbai,Dubai,2026-01-19,2026-07-10,Business,Desktop
S004263,U0277,Mumbai,Dubai,2026-05-04,2026-06-25,Business,Mobile
S004264,U0261,Delhi,Tokyo,2026-03-27,2026-08-16,Economy,Mobile
S004265,U0381,Mumbai,New York,2026-03-11,2026-05-11,Business,Desktop
S004266,U0419,Delhi,Paris,2026-02-16,2026-05-11,Business,Mobile
S004267,U0341,Bengaluru,Dubai,2026-07-18,2026-12-30,Economy,Desktop
S004268,U0452,Bengaluru,Dubai,2026-04-18,2026-07-21,Business,Desktop
S004269,U0369,Delhi,Paris,2026-06-25,2026-07-17,First,Desktop
S004270,U0432,Delhi,Dubai,2026-07-20,2026-12-21,Economy,Tablet
S004271,U0336,Delhi,Bangkok,2026-01-20,2026-03-05,Business,Mobile
S004272,U0479,Delhi,Dubai,2026-02-06,2026-06-03,Business,Desktop
S004273,U0474,Delhi,Paris,2026-07-22,2026-08-12,Economy,Desktop
S004274,U0190,Bengaluru,London,2026-05-10,2026-08-02,Business,Mobile
S004275,U0372,Delhi,Paris,2026-07-11,2026-10-01,Economy,Desktop
S004276,U0419,Mumbai,Singapore,2026-08-02,2027-01-17,Economy,Desktop
S004277,U0198,Mumbai,New York,2026-08-28,2026-11-14,Business,Desktop
S004278,U0353,Bengaluru,Dubai,2026-02-05,2026-03-02,Economy,Mobile
S004279,U0277,Delhi,Dubai,2026-05-13,2026-09-16,Business,Desktop
S004280,U0336,Mumbai,Dubai,2026-03-05,2026-05-13,Economy,Mobile
S004281,U0495,Mumbai,New York,2026-01-07,2026-04-28,Economy,Desktop
S004282,U0039,Hyderabad,Dubai,2026-07-17,2026-08-24,Economy,Mobile
S004283,U0162,Delhi,London,2026-04-30,2026-08-24,Economy,Mobile
S004284,U0490,Delhi,London,2026-01-22,2026-07-12,Economy,Tablet
S004285,U0121,Delhi,London,2026-07-21,2026-08-03,Business,Desktop
S004286,U0380,Delhi,London,2026-02-15,2026-07-10,First,Tablet
S004287,U0399,Delhi,Tokyo,2026-06-17,2026-09-18,Business,Mobile
S004288,U0262,Delhi,Paris,2026-07-08,2026-08-14,Business,Desktop
S004289,U0450,Bengaluru,London,2026-04-20,2026-10-15,Business,Desktop
S004290,U0216,Mumbai,Singapore,2026-02-15,2026-04-07,First,Desktop
S004291,U0312,Mumbai,Paris,2026-07-31,2026-10-01,Economy,Mobile
S004292,U0049,Delhi,Dubai,2026-01-28,2026-07-13,Economy,Mobile
S004293,U0092,Delhi,Singapore,2026-03-28,2026-08-30,Economy,Desktop
S004294,U0129,Mumbai,Singapore,2026-02-04,2026-03-13,Economy,Mobile
S004295,U0321,Delhi,Dubai,2026-05-09,2026-05-16,First,Tablet
S004296,U0028,Delhi,Singapore,2026-06-06,2026-10-29,Business,Mobile
S004297,U0356,Mumbai,London,2026-01-09,2026-04-18,Business,Tablet
S004298,U0148,Delhi,London,2026-01-09,2026-03-24,Economy,Desktop
S004299,U0432,Delhi,Dubai,2026-01-22,2026-03-05,Economy,Desktop
S004300,U0328,Delhi,Paris,2026-07-10,2026-10-03,Economy,Mobile
S004301,U0065,Delhi,London,2026-07-13,2026-09-24,First,Desktop
S004302,U0218,Bengaluru,Dubai,2026-07-27,2026-09-22,Economy,Mobile
S004303,U0051,Delhi,London,2026-08-20,2027-01-30,Business,Desktop
S004304,U0427,Mumbai,Paris,2026-07-05,2026-11-18,Economy,Mobile
S004305,U0305,Delhi,Tokyo,2026-03-11,2026-03-23,Business,Desktop
S004306,U0409,Bengaluru,Dubai,2026-07-02,2026-12-14,Business,Desktop
S004307,U0074,Delhi,Bangkok,2026-05-21,2026-07-20,Business,Mobile
S004308,U0460,Mumbai,Dubai,2026-08-13,2026-11-15,Economy,Desktop
S004309,U0425,Mumbai,London,2026-05-27,2026-11-17,Economy,Mobile
S004310,U0199,Delhi,Singapore,2026-07-26,2026-12-24,Economy,Desktop
S004311,U0192,Delhi,Dubai,2026-06-10,2026-06-21,First,Tablet
S004312,U0189,Delhi,London,2026-07-21,2026-07-29,Economy,Mobile
S004313,U0012,Delhi,Bangkok,2026-03-06,2026-05-09,Economy,Mobile
S004314,U0239,Delhi,New York,2026-07-07,2026-07-25,Business,Desktop
S004315,U0360,Mumbai,New York,2026-05-20,2026-05-31,Business,Mobile
S004316,U0081,Bengaluru,Dubai,2026-02-12,2026-06-04,Business,Mobile
S004317,U0453,Bengaluru,London,2026-08-09,2027-01-31,First,Mobile
S004318,U0383,Bengaluru,London,2026-01-17,2026-06-20,Business,Mobile
S004319,U0270,Mumbai,Paris,2026-03-09,2026-07-22,First,Mobile
S004320,U0290,Delhi,Dubai,2026-01-29,2026-04-01,Business,Mobile
S004321,U0048,Mumbai,London,2026-07-02,2026-09-16,Economy,Mobile
S004322,U0317,Hyderabad,Dubai,2026-05-15,2026-07-16,First,Desktop
S004323,U0209,Bengaluru,Dubai,2026-02-13,2026-04-14,Business,Desktop
S004324,U0035,Delhi,Tokyo,2026-07-24,2026-12-16,Economy,Mobile
S004325,U0119,Delhi,Singapore,2026-05-13,2026-05-22,Business,Desktop
S004326,U0065,Delhi,Bangkok,2026-07-07,2026-10-16,Economy,Desktop
S004327,U0315,Delhi,London,2026-05-14,2026-06-17,Economy,Mobile
S004328,U0242,Delhi,Dubai,2026-08-14,2026-12-09,Business,Desktop
S004329,U0498,Delhi,Singapore,2026-01-07,2026-04-30,Business,Desktop
S004330,U0036,Mumbai,Singapore,2026-06-23,2026-10-27,Business,Mobile
S004331,U0463,Mumbai,Dubai,2026-07-04,2026-11-20,Economy,Mobile
S004332,U0252,Mumbai,London,2026-02-23,2026-07-03,First,Mobile
S004333,U0403,Delhi,Dubai,2026-08-08,2026-11-12,Economy,Desktop
S004334,U0243,Mumbai,Singapore,2026-02-15,2026-03-09,Economy,Mobile
S004335,U0042,Mumbai,Paris,2026-05-18,2026-06-24,Economy,Tablet
S004336,U0069,Bengaluru,London,2026-01-04,2026-02-07,Economy,Desktop
S004337,U0403,Delhi,Dubai,2026-07-14,2026-12-02,Economy,Mobile
S004338,U0107,Mumbai,Singapore,2026-06-02,2026-10-23,Business,Mobile
S004339,U0039,Bengaluru,London,2026-08-03,2026-09-17,Business,Mobile
S004340,U0069,Mumbai,Singapore,2026-04-01,2026-09-25,First,Mobile
S004341,U0180,Delhi,Singapore,2026-07-25,2026-08-27,Business,Mobile
S004342,U0012,Mumbai,New York,2026-03-02,2026-05-23,Economy,Desktop
S004343,U0339,Hyderabad,Dubai,2026-06-15,2026-10-16,Business,Desktop
S004344,U0431,Delhi,London,2026-06-09,2026-09-12,Business,Mobile
S004345,U0204,Delhi,Singapore,2026-05-31,2026-09-21,Economy,Desktop
S004346,U0036,Delhi,Singapore,2026-04-21,2026-08-27,Business,Mobile
S004347,U0126,Delhi,New York,2026-08-20,2026-12-30,Economy,Mobile
S004348,U0063,Delhi,Dubai,2026-02-06,2026-05-21,Economy,Desktop
S004349,U0332,Delhi,Dubai,2026-01-03,2026-02-11,Business,Mobile
S004350,U0082,Mumbai,Dubai,2026-08-15,2026-11-20,Business,Desktop
S004351,U0497,Bengaluru,Dubai,2026-01-13,2026-05-19,Business,Tablet
S004352,U0307,Delhi,Paris,2026-06-11,2026-06-19,Economy,Desktop
S004353,U0496,Bengaluru,London,2026-03-29,2026-08-24,Business,Mobile
S004354,U0299,Mumbai,Paris,2026-07-12,2026-07-31,Business,Mobile
S004355,U0034,Delhi,Dubai,2026-03-17,2026-04-16,First,Mobile
S004356,U0240,Delhi,Bangkok,2026-01-08,2026-03-24,Economy,Desktop
S004357,U0097,Delhi,New York,2026-03-24,2026-05-03,Economy,Desktop
S004358,U0049,Mumbai,London,2026-01-09,2026-04-12,Business,Desktop
S004359,U0146,Mumbai,Paris,2026-06-05,2026-06-30,Economy,Desktop
S004360,U0125,Mumbai,Paris,2026-03-19,2026-04-24,Economy,Desktop
S004361,U0189,Delhi,Bangkok,2026-05-04,2026-06-28,Economy,Desktop
S004362,U0057,Delhi,Dubai,2026-08-07,2027-01-31,Business,Mobile
S004363,U0349,Hyderabad,Dubai,2026-05-26,2026-10-23,Business,Desktop
S004364,U0109,Bengaluru,Dubai,2026-02-11,2026-06-11,Economy,Desktop
S004365,U0005,Mumbai,London,2026-02-10,2026-06-12,Economy,Mobile
S004366,U0473,Delhi,London,2026-07-17,2026-12-09,Business,Tablet
S004367,U0024,Delhi,Dubai,2026-06-10,2026-09-02,Economy,Tablet
S004368,U0221,Hyderabad,Dubai,2026-08-17,2026-09-27,Business,Desktop
S004369,U0448,Delhi,New York,2026-08-22,2026-11-07,Economy,Desktop
S004370,U0315,Mumbai,London,2026-03-30,2026-09-09,Economy,Mobile
S004371,U0294,Mumbai,Dubai,2026-03-18,2026-07-10,Economy,Mobile
S004372,U0417,Mumbai,Dubai,2026-02-23,2026-04-24,Business,Mobile
S004373,U0010,Bengaluru,London,2026-08-03,2026-09-01,Business,Mobile
S004374,U0165,Delhi,Singapore,2026-06-13,2026-11-18,Economy,Mobile
S004375,U0481,Hyderabad,Dubai,2026-04-07,2026-04-23,Economy,Mobile
S004376,U0215,Bengaluru,London,2026-08-01,2026-10-07,Economy,Desktop
S004377,U0126,Mumbai,Paris,2026-04-08,2026-08-28,Business,Mobile
S004378,U0267,Mumbai,Dubai,2026-02-25,2026-04-20,Economy,Mobile
S004379,U0280,Delhi,London,2026-04-10,2026-08-06,Economy,Mobile
S004380,U0088,Mumbai,Singapore,2026-05-25,2026-10-04,Business,Mobile
S004381,U0455,Mumbai,London,2026-01-10,2026-06-22,Business,Mobile
S004382,U0114,Delhi,Dubai,2026-08-03,2026-11-04,Economy,Mobile
S004383,U0021,Bengaluru,Dubai,2026-02-13,2026-03-17,Economy,Mobile
S004384,U0148,Delhi,Singapore,2026-05-10,2026-10-28,First,Mobile
S004385,U0245,Delhi,Dubai,2026-08-15,2026-10-12,First,Mobile
S004386,U0266,Delhi,Dubai,2026-05-22,2026-11-10,Economy,Desktop
S004387,U0217,Mumbai,Dubai,2026-08-27,2026-09-08,Business,Mobile
S004388,U0431,Hyderabad,Dubai,2026-08-25,2026-09-08,Business,Desktop
S004389,U0484,Mumbai,Dubai,2026-06-18,2026-07-11,First,Mobile
S004390,U0240,Mumbai,London,2026-05-10,2026-07-31,Economy,Mobile
S004391,U0431,Bengaluru,London,2026-01-19,2026-02-28,Business,Mobile
S004392,U0399,Mumbai,Dubai,2026-03-21,2026-08-21,Business,Tablet
S004393,U0428,Mumbai,Dubai,2026-08-23,2026-11-07,Economy,Mobile
S004394,U0232,Delhi,Dubai,2026-08-24,2026-11-20,Business,Desktop
S004395,U0232,Mumbai,London,2026-03-30,2026-08-01,Economy,Desktop
S004396,U0242,Delhi,Dubai,2026-01-01,2026-06-21,Economy,Mobile
S004397,U0190,Delhi,London,2026-05-10,2026-06-23,Economy,Tablet
S004398,U0390,Mumbai,Paris,2026-08-28,2027-01-24,First,Mobile
S004399,U0229,Delhi,Dubai,2026-01-27,2026-05-15,Economy,Mobile
S004400,U0066,Mumbai,Paris,2026-01-02,2026-02-17,Business,Mobile
S004401,U0460,Mumbai,Paris,2026-08-10,2026-12-31,Business,Mobile
S004402,U0378,Mumbai,Singapore,2026-06-28,2026-08-26,Economy,Mobile
S004403,U0388,Mumbai,Dubai,2026-05-18,2026-09-19,Economy,Desktop
S004404,U0279,Delhi,Dubai,2026-01-19,2026-04-01,Business,Mobile
S004405,U0269,Delhi,Paris,2026-08-22,2026-11-16,First,Desktop
S004406,U0209,Mumbai,New York,2026-07-27,2026-09-23,Economy,Mobile
S004407,U0415,Bengaluru,London,2026-05-21,2026-10-03,Economy,Tablet
S004408,U0016,Delhi,London,2026-06-25,2026-12-06,Economy,Mobile
S004409,U0297,Bengaluru,Dubai,2026-04-24,2026-09-01,Economy,Desktop
S004410,U0474,Delhi,London,2026-02-25,2026-06-23,Economy,Desktop
S004411,U0220,Mumbai,London,2026-07-19,2026-07-26,Business,Mobile
S004412,U0257,Delhi,Singapore,2026-07-03,2026-12-23,Economy,Mobile
S004413,U0367,Delhi,London,2026-06-27,2026-07-19,Economy,Mobile
S004414,U0268,Mumbai,Singapore,2026-04-05,2026-09-03,Business,Mobile
S004415,U0229,Delhi,Paris,2026-06-22,2026-10-18,First,Mobile
S004416,U0119,Delhi,Bangkok,2026-08-05,2026-12-01,Economy,Desktop
S004417,U0440,Delhi,Tokyo,2026-07-06,2026-10-22,Business,Mobile
S004418,U0178,Mumbai,Singapore,2026-06-16,2026-09-12,Economy,Mobile
S004419,U0020,Mumbai,New York,2026-05-29,2026-11-01,First,Mobile
S004420,U0450,Delhi,London,2026-07-02,2026-10-15,Business,Desktop
S004421,U0036,Mumbai,Singapore,2026-02-26,2026-08-10,Business,Mobile
S004422,U0335,Delhi,Dubai,2026-04-12,2026-05-28,Economy,Mobile
S004423,U0422,Mumbai,London,2026-06-18,2026-11-26,Business,Mobile
S004424,U0406,Mumbai,London,2026-08-09,2026-09-20,Business,Mobile
S004425,U0108,Delhi,Singapore,2026-03-11,2026-07-20,Economy,Desktop
S004426,U0189,Delhi,New York,2026-03-23,2026-04-02,Economy,Desktop
S004427,U0178,Delhi,Tokyo,2026-02-18,2026-06-22,Business,Desktop
S004428,U0096,Delhi,Singapore,2026-06-21,2026-07-22,Business,Desktop
S004429,U0315,Hyderabad,Dubai,2026-06-12,2026-09-21,Economy,Tablet
S004430,U0020,Delhi,Paris,2026-04-01,2026-06-24,Business,Mobile
S004431,U0164,Mumbai,Singapore,2026-01-05,2026-06-18,Economy,Mobile
S004432,U0382,Mumbai,New York,2026-07-18,2026-08-05,Economy,Mobile
S004433,U0097,Delhi,Dubai,2026-07-21,2026-08-23,Business,Mobile
S004434,U0143,Delhi,Bangkok,2026-07-21,2027-01-16,Economy,Mobile
S004435,U0062,Delhi,New York,2026-06-28,2026-09-05,Economy,Mobile
S004436,U0242,Hyderabad,Dubai,2026-02-26,2026-04-28,Economy,Mobile
S004437,U0238,Mumbai,New York,2026-07-05,2026-12-16,Business,Mobile
S004438,U0131,Delhi,Bangkok,2026-04-02,2026-06-29,Economy,Desktop
S004439,U0093,Mumbai,Paris,2026-02-05,2026-02-25,First,Tablet
S004440,U0495,Mumbai,London,2026-05-18,2026-07-19,Economy,Mobile
S004441,U0091,Mumbai,Dubai,2026-06-27,2026-11-27,Business,Desktop
S004442,U0133,Delhi,Singapore,2026-08-15,2026-11-15,Economy,Desktop
S004443,U0123,Delhi,Singapore,2026-08-15,2026-09-16,Economy,Tablet
S004444,U0440,Mumbai,Dubai,2026-06-14,2026-09-20,Business,Mobile
S004445,U0415,Delhi,Tokyo,2026-04-22,2026-10-11,Economy,Desktop
S004446,U0342,Delhi,New York,2026-05-28,2026-07-09,Economy,Mobile
S004447,U0419,Hyderabad,Dubai,2026-01-13,2026-06-14,Economy,Desktop
S004448,U0118,Mumbai,Paris,2026-07-22,2026-10-14,Economy,Desktop
S004449,U0455,Delhi,New York,2026-05-02,2026-08-28,Economy,Desktop
S004450,U0198,Bengaluru,Dubai,2026-04-19,2026-05-18,Business,Mobile
S004451,U0282,Mumbai,Singapore,2026-05-27,2026-09-29,Business,Desktop
S004452,U0374,Delhi,Tokyo,2026-04-02,2026-08-02,Economy,Mobile
S004453,U0001,Mumbai,London,2026-04-12,2026-09-07,Economy,Mobile
S004454,U0211,Mumbai,London,2026-02-25,2026-03-25,Economy,Mobile
S004455,U0263,Delhi,Singapore,2026-02-14,2026-03-20,Economy,Desktop
S004456,U0420,Delhi,New York,2026-03-01,2026-04-19,Business,Tablet
S004457,U0332,Delhi,New York,2026-07-15,2026-10-05,Business,Desktop
S004458,U0212,Mumbai,Singapore,2026-07-04,2026-07-28,Economy,Mobile
S004459,U0087,Mumbai,Dubai,2026-02-23,2026-06-09,Economy,Mobile
S004460,U0153,Bengaluru,Dubai,2026-02-06,2026-06-16,Business,Mobile
S004461,U0350,Delhi,New York,2026-07-30,2026-11-22,Economy,Mobile
S004462,U0187,Delhi,Singapore,2026-02-06,2026-03-20,Economy,Mobile
S004463,U0061,Bengaluru,London,2026-01-14,2026-05-25,Business,Mobile
S004464,U0285,Delhi,Paris,2026-04-05,2026-04-18,Business,Mobile
S004465,U0095,Hyderabad,Dubai,2026-08-08,2026-09-06,Economy,Desktop
S004466,U0274,Mumbai,Singapore,2026-08-16,2027-01-31,Business,Desktop
S004467,U0041,Delhi,Dubai,2026-06-21,2026-10-22,Economy,Desktop
S004468,U0147,Delhi,Singapore,2026-04-12,2026-08-10,Business,Mobile
S004469,U0246,Mumbai,Singapore,2026-07-30,2026-11-09,Economy,Mobile
S004470,U0132,Delhi,Tokyo,2026-02-11,2026-03-10,Business,Mobile
S004471,U0449,Delhi,Singapore,2026-01-01,2026-03-18,Business,Mobile
S004472,U0297,Bengaluru,Dubai,2026-01-23,2026-03-23,Economy,Desktop
S004473,U0123,Mumbai,Singapore,2026-07-11,2026-10-09,Business,Mobile
S004474,U0143,Hyderabad,Dubai,2026-01-28,2026-05-20,Business,Desktop
S004475,U0182,Delhi,London,2026-08-28,2026-10-14,Economy,Desktop
S004476,U0192,Delhi,Tokyo,2026-05-12,2026-10-25,Business,Mobile
S004477,U0456,Bengaluru,Dubai,2026-06-18,2026-10-30,Business,Mobile
S004478,U0399,Hyderabad,Dubai,2026-07-07,2026-12-02,Business,Tablet
S004479,U0207,Delhi,London,2026-01-18,2026-04-22,Economy,Desktop
S004480,U0434,Delhi,Dubai,2026-07-10,2026-10-27,Economy,Desktop
S004481,U0231,Bengaluru,London,2026-07-08,2026-10-29,Economy,Desktop
S004482,U0022,Delhi,London,2026-02-18,2026-03-13,Economy,Mobile
S004483,U0402,Delhi,London,2026-02-16,2026-03-19,Economy,Mobile
S004484,U0080,Mumbai,Dubai,2026-04-25,2026-07-04,Economy,Mobile
S004485,U0130,Mumbai,Singapore,2026-02-08,2026-05-11,Economy,Mobile
S004486,U0292,Delhi,New York,2026-08-05,2026-12-08,Economy,Mobile
S004487,U0276,Delhi,London,2026-07-29,2026-09-08,Economy,Mobile
S004488,U0400,Delhi,Dubai,2026-01-06,2026-02-18,Business,Desktop
S004489,U0323,Mumbai,Singapore,2026-07-30,2026-09-29,Business,Desktop
S004490,U0376,Delhi,New York,2026-02-22,2026-07-23,Economy,Mobile
S004491,U0414,Delhi,Dubai,2026-07-23,2027-01-01,Economy,Mobile
S004492,U0055,Delhi,Singapore,2026-01-25,2026-06-09,Economy,Desktop
S004493,U0066,Delhi,Tokyo,2026-04-09,2026-06-07,Economy,Mobile
S004494,U0227,Hyderabad,Dubai,2026-03-06,2026-05-24,Economy,Desktop
S004495,U0026,Hyderabad,Dubai,2026-05-13,2026-09-09,Business,Desktop
S004496,U0441,Delhi,Tokyo,2026-07-12,2026-07-31,Economy,Mobile
S004497,U0253,Delhi,Singapore,2026-01-08,2026-03-02,First,Mobile
S004498,U0197,Bengaluru,London,2026-02-08,2026-07-24,Economy,Desktop
S004499,U0130,Delhi,Singapore,2026-04-21,2026-05-25,Economy,Mobile
S004500,U0243,Mumbai,New York,2026-02-12,2026-04-12,Business,Mobile
S004501,U0312,Mumbai,Dubai,2026-03-23,2026-04-29,Business,Mobile
S004502,U0212,Mumbai,New York,2026-08-26,2026-09-09,Business,Desktop
S004503,U0190,Mumbai,Singapore,2026-05-03,2026-07-20,First,Mobile
S004504,U0290,Delhi,London,2026-07-20,2026-11-27,Economy,Desktop
S004505,U0226,Mumbai,Paris,2026-05-13,2026-08-25,Business,Mobile
S004506,U0246,Delhi,London,2026-01-04,2026-04-07,Economy,Mobile
S004507,U0056,Mumbai,Dubai,2026-04-18,2026-07-07,Business,Desktop
S004508,U0055,Delhi,London,2026-04-03,2026-07-19,Economy,Mobile
S004509,U0276,Mumbai,London,2026-05-09,2026-06-09,Economy,Mobile
S004510,U0306,Delhi,London,2026-04-04,2026-08-03,Business,Mobile
S004511,U0409,Bengaluru,Dubai,2026-02-25,2026-04-05,Economy,Mobile
S004512,U0340,Delhi,Singapore,2026-06-22,2026-11-10,Economy,Mobile
S004513,U0153,Delhi,Singapore,2026-07-12,2026-10-23,Economy,Desktop
S004514,U0053,Mumbai,London,2026-01-03,2026-05-01,Business,Desktop
S004515,U0398,Mumbai,New York,2026-01-22,2026-07-21,Business,Tablet
S004516,U0444,Mumbai,Paris,2026-07-19,2026-10-29,Business,Desktop
S004517,U0111,Mumbai,New York,2026-02-25,2026-03-08,Business,Desktop
S004518,U0492,Delhi,Paris,2026-01-18,2026-05-25,Business,Desktop
S004519,U0427,Delhi,Tokyo,2026-06-02,2026-09-26,Economy,Desktop
S004520,U0491,Delhi,Bangkok,2026-06-25,2026-07-18,Economy,Mobile
S004521,U0446,Bengaluru,London,2026-04-26,2026-07-17,Business,Mobile
S004522,U0487,Mumbai,Dubai,2026-03-25,2026-05-22,Economy,Desktop
S004523,U0204,Mumbai,New York,2026-06-08,2026-11-01,Economy,Mobile
S004524,U0112,Mumbai,Singapore,2026-01-30,2026-04-08,Economy,Desktop
S004525,U0325,Delhi,Paris,2026-03-21,2026-09-06,Business,Mobile
S004526,U0447,Delhi,Bangkok,2026-03-07,2026-04-03,Economy,Mobile
S004527,U0258,Delhi,Paris,2026-07-28,2026-10-27,Business,Desktop
S004528,U0438,Delhi,Bangkok,2026-01-10,2026-02-06,Business,Mobile
S004529,U0016,Delhi,London,2026-07-18,2026-12-14,Business,Tablet
S004530,U0439,Delhi,London,2026-02-28,2026-08-04,First,Tablet
S004531,U0350,Mumbai,Dubai,2026-08-22,2027-01-03,Economy,Desktop
S004532,U0495,Delhi,Tokyo,2026-02-20,2026-08-04,Business,Mobile
S004533,U0427,Delhi,Bangkok,2026-05-03,2026-07-02,Business,Mobile
S004534,U0445,Bengaluru,London,2026-05-17,2026-06-18,Business,Mobile
S004535,U0166,Bengaluru,London,2026-02-23,2026-04-23,Business,Desktop
S004536,U0301,Delhi,Paris,2026-07-09,2026-09-19,Economy,Mobile
S004537,U0382,Bengaluru,Dubai,2026-03-22,2026-09-11,Business,Mobile
S004538,U0435,Delhi,Bangkok,2026-05-17,2026-05-30,Economy,Mobile
S004539,U0426,Mumbai,New York,2026-01-09,2026-07-01,First,Mobile
S004540,U0280,Bengaluru,London,2026-04-11,2026-05-19,Business,Desktop
S004541,U0371,Mumbai,Dubai,2026-06-01,2026-11-08,Business,Mobile
S004542,U0158,Bengaluru,London,2026-02-08,2026-05-12,Business,Mobile
S004543,U0421,Delhi,Singapore,2026-07-22,2027-01-01,Economy,Desktop
S004544,U0249,Delhi,Dubai,2026-05-16,2026-10-22,Economy,Desktop
S004545,U0379,Mumbai,Paris,2026-06-02,2026-11-14,Business,Desktop
S004546,U0181,Mumbai,Singapore,2026-04-20,2026-04-28,Economy,Desktop
S004547,U0191,Hyderabad,Dubai,2026-03-07,2026-05-27,Economy,Mobile
S004548,U0487,Mumbai,Dubai,2026-01-10,2026-02-14,Business,Mobile
S004549,U0139,Mumbai,Singapore,2026-04-27,2026-09-07,Economy,Tablet
S004550,U0078,Delhi,Singapore,2026-06-01,2026-07-26,Business,Tablet
S004551,U0407,Delhi,Dubai,2026-08-28,2026-10-05,Economy,Desktop
S004552,U0373,Delhi,Singapore,2026-07-27,2027-01-07,Business,Desktop
S004553,U0336,Mumbai,Dubai,2026-03-24,2026-04-14,Business,Tablet
S004554,U0050,Delhi,Dubai,2026-07-06,2026-09-12,Economy,Mobile
S004555,U0085,Mumbai,Dubai,2026-06-08,2026-08-31,Economy,Mobile
S004556,U0183,Mumbai,Dubai,2026-05-19,2026-06-11,Economy,Desktop
S004557,U0183,Delhi,Paris,2026-05-14,2026-06-11,First,Tablet
S004558,U0004,Delhi,London,2026-03-11,2026-08-22,Economy,Desktop
S004559,U0481,Mumbai,New York,2026-06-09,2026-09-04,Economy,Desktop
S004560,U0438,Delhi,Paris,2026-02-08,2026-07-08,Business,Mobile
S004561,U0317,Mumbai,Singapore,2026-06-25,2026-07-09,Economy,Mobile
S004562,U0111,Bengaluru,Dubai,2026-01-13,2026-07-05,First,Mobile
S004563,U0334,Bengaluru,London,2026-02-28,2026-04-06,Business,Tablet
S004564,U0339,Delhi,Paris,2026-03-08,2026-03-26,Economy,Mobile
S004565,U0251,Delhi,Dubai,2026-07-03,2026-08-11,Business,Mobile
S004566,U0133,Mumbai,Paris,2026-02-10,2026-02-28,Economy,Tablet
S004567,U0100,Delhi,Bangkok,2026-07-03,2026-08-03,Business,Mobile
S004568,U0479,Mumbai,London,2026-02-04,2026-07-26,Business,Desktop
S004569,U0493,Mumbai,Dubai,2026-06-15,2026-08-08,Economy,Mobile
S004570,U0402,Mumbai,London,2026-03-22,2026-06-19,Economy,Mobile
S004571,U0172,Delhi,Paris,2026-07-14,2026-09-13,Business,Desktop
S004572,U0287,Delhi,Singapore,2026-02-03,2026-06-20,Economy,Tablet
S004573,U0119,Delhi,Paris,2026-03-17,2026-07-26,Business,Mobile
S004574,U0350,Delhi,Dubai,2026-08-04,2026-10-18,Economy,Desktop
S004575,U0405,Mumbai,Paris,2026-03-11,2026-08-27,Economy,Mobile
S004576,U0175,Mumbai,Dubai,2026-08-22,2026-10-18,Business,Mobile
S004577,U0030,Mumbai,Dubai,2026-01-11,2026-02-13,Economy,Mobile
S004578,U0055,Delhi,New York,2026-04-22,2026-10-10,Business,Desktop
S004579,U0361,Delhi,London,2026-01-27,2026-06-26,Economy,Mobile
S004580,U0196,Delhi,London,2026-02-17,2026-03-20,Economy,Mobile
S004581,U0453,Mumbai,Dubai,2026-01-24,2026-03-04,First,Desktop
S004582,U0041,Mumbai,Singapore,2026-01-18,2026-03-27,Business,Mobile
S004583,U0173,Delhi,Tokyo,2026-01-27,2026-06-27,Business,Mobile
S004584,U0330,Delhi,Bangkok,2026-02-23,2026-08-19,Business,Mobile
S004585,U0219,Mumbai,Singapore,2026-02-24,2026-04-01,First,Desktop
S004586,U0208,Delhi,London,2026-04-30,2026-06-16,Business,Mobile
S004587,U0158,Mumbai,Singapore,2026-08-21,2026-12-22,Economy,Desktop
S004588,U0333,Bengaluru,London,2026-01-21,2026-01-31,First,Mobile
S004589,U0228,Mumbai,London,2026-07-06,2026-09-16,Economy,Mobile
S004590,U0085,Delhi,Dubai,2026-04-25,2026-06-30,Economy,Desktop
S004591,U0173,Mumbai,Dubai,2026-06-11,2026-11-01,Economy,Mobile
S004592,U0245,Mumbai,Paris,2026-04-30,2026-06-06,Economy,Tablet
S004593,U0360,Mumbai,London,2026-08-13,2026-11-16,Business,Mobile
S004594,U0173,Mumbai,Paris,2026-02-27,2026-06-13,Economy,Mobile
S004595,U0335,Mumbai,London,2026-06-25,2026-10-28,Economy,Mobile
S004596,U0212,Delhi,Dubai,2026-02-23,2026-05-09,Economy,Mobile
S004597,U0084,Delhi,Singapore,2026-05-26,2026-10-31,Economy,Mobile
S004598,U0173,Delhi,Singapore,2026-01-03,2026-02-02,Business,Mobile
S004599,U0183,Delhi,London,2026-06-01,2026-11-27,Economy,Mobile
S004600,U0443,Delhi,Dubai,2026-05-09,2026-10-27,Economy,Mobile
S004601,U0133,Delhi,Dubai,2026-01-06,2026-02-04,Economy,Mobile
S004602,U0380,Delhi,Dubai,2026-01-19,2026-07-07,Economy,Mobile
S004603,U0288,Mumbai,London,2026-03-27,2026-06-04,Business,Mobile
S004604,U0262,Hyderabad,Dubai,2026-04-25,2026-08-27,Economy,Mobile
S004605,U0350,Mumbai,Singapore,2026-06-20,2026-10-18,Economy,Desktop
S004606,U0282,Mumbai,New York,2026-05-03,2026-05-15,Economy,Desktop
S004607,U0293,Mumbai,London,2026-05-16,2026-05-28,Economy,Desktop
S004608,U0269,Mumbai,London,2026-07-16,2026-08-21,First,Mobile
S004609,U0349,Delhi,London,2026-06-29,2026-07-06,Economy,Mobile
S004610,U0197,Mumbai,Singapore,2026-03-14,2026-05-22,Business,Mobile
S004611,U0025,Mumbai,Singapore,2026-02-16,2026-07-08,Business,Desktop
S004612,U0141,Delhi,Dubai,2026-03-26,2026-04-29,Economy,Mobile
S004613,U0472,Delhi,Paris,2026-01-28,2026-05-03,First,Mobile
S004614,U0223,Mumbai,Singapore,2026-02-15,2026-08-01,Business,Mobile
S004615,U0020,Mumbai,London,2026-05-12,2026-07-10,Business,Tablet
S004616,U0247,Delhi,Dubai,2026-04-30,2026-06-13,Economy,Desktop
S004617,U0328,Delhi,New York,2026-08-04,2026-10-01,Business,Mobile
S004618,U0444,Delhi,Paris,2026-05-16,2026-08-08,Economy,Mobile
S004619,U0201,Mumbai,Dubai,2026-04-26,2026-09-18,Economy,Desktop
S004620,U0405,Mumbai,Dubai,2026-03-02,2026-07-16,Business,Mobile
S004621,U0115,Mumbai,Singapore,2026-01-17,2026-03-17,Business,Mobile
S004622,U0383,Delhi,Dubai,2026-02-03,2026-05-14,Economy,Desktop
S004623,U0189,Bengaluru,London,2026-01-20,2026-04-30,Business,Mobile
S004624,U0468,Mumbai,New York,2026-07-27,2026-08-09,Business,Mobile
S004625,U0463,Delhi,London,2026-07-21,2026-10-02,Economy,Mobile
S004626,U0026,Delhi,London,2026-06-11,2026-11-01,Economy,Desktop
S004627,U0054,Mumbai,New York,2026-02-12,2026-06-14,Economy,Mobile
S004628,U0170,Mumbai,Dubai,2026-01-10,2026-06-04,Business,Desktop
S004629,U0395,Delhi,London,2026-04-04,2026-05-17,Business,Desktop
S004630,U0421,Delhi,Paris,2026-06-07,2026-11-02,Economy,Tablet
S004631,U0489,Mumbai,London,2026-04-25,2026-09-25,Business,Desktop
S004632,U0381,Delhi,Singapore,2026-06-02,2026-06-16,Business,Mobile
S004633,U0011,Mumbai,Dubai,2026-05-07,2026-09-25,Business,Mobile
S004634,U0027,Mumbai,New York,2026-07-04,2026-09-07,Economy,Desktop
S004635,U0350,Mumbai,Dubai,2026-04-20,2026-08-27,Business,Desktop
S004636,U0083,Hyderabad,Dubai,2026-07-10,2026-07-23,Business,Mobile
S004637,U0290,Bengaluru,London,2026-04-17,2026-08-21,Economy,Desktop
S004638,U0038,Delhi,Dubai,2026-04-15,2026-04-24,Economy,Mobile
S004639,U0445,Delhi,Singapore,2026-03-12,2026-05-24,Business,Mobile
S004640,U0087,Mumbai,London,2026-06-24,2026-07-18,Economy,Desktop
S004641,U0437,Mumbai,Singapore,2026-03-25,2026-05-15,Business,Mobile
S004642,U0321,Delhi,Bangkok,2026-07-28,2026-11-08,Economy,Mobile
S004643,U0387,Delhi,New York,2026-01-03,2026-04-11,Economy,Tablet
S004644,U0451,Delhi,London,2026-08-27,2027-02-13,Economy,Desktop
S004645,U0156,Bengaluru,London,2026-02-15,2026-07-15,Economy,Tablet
S004646,U0398,Delhi,London,2026-08-20,2026-11-13,Economy,Desktop
S004647,U0308,Mumbai,Paris,2026-06-13,2026-11-23,Business,Desktop
S004648,U0286,Bengaluru,London,2026-01-26,2026-04-01,Economy,Desktop
S004649,U0186,Mumbai,Dubai,2026-05-18,2026-10-17,First,Mobile
S004650,U0182,Mumbai,Dubai,2026-06-11,2026-12-08,Economy,Mobile
S004651,U0453,Mumbai,Paris,2026-07-25,2026-10-22,Economy,Mobile
S004652,U0369,Mumbai,Paris,2026-01-08,2026-06-20,Economy,Tablet
S004653,U0143,Mumbai,London,2026-02-24,2026-06-19,Business,Mobile
S004654,U0422,Mumbai,Dubai,2026-04-01,2026-06-01,Economy,Mobile
S004655,U0206,Delhi,New York,2026-05-18,2026-10-26,Economy,Desktop
S004656,U0142,Delhi,London,2026-07-04,2026-11-22,Business,Mobile
S004657,U0185,Delhi,London,2026-04-24,2026-07-30,Economy,Mobile
S004658,U0443,Delhi,Dubai,2026-03-20,2026-06-17,Economy,Mobile
S004659,U0241,Delhi,Dubai,2026-04-11,2026-08-21,Business,Desktop
S004660,U0008,Mumbai,Singapore,2026-03-27,2026-06-22,Business,Mobile
S004661,U0072,Hyderabad,Dubai,2026-02-14,2026-08-08,Economy,Mobile
S004662,U0403,Bengaluru,London,2026-02-19,2026-07-14,Business,Mobile
S004663,U0288,Delhi,London,2026-03-05,2026-03-16,Business,Mobile
S004664,U0095,Mumbai,Singapore,2026-04-05,2026-06-16,Business,Mobile
S004665,U0157,Mumbai,Singapore,2026-01-02,2026-04-29,Economy,Tablet
S004666,U0041,Delhi,Dubai,2026-06-22,2026-07-10,First,Mobile
S004667,U0331,Bengaluru,Dubai,2026-04-05,2026-09-28,Economy,Mobile
S004668,U0301,Delhi,Singapore,2026-03-03,2026-06-23,Business,Tablet
S004669,U0269,Hyderabad,Dubai,2026-05-22,2026-08-11,Economy,Desktop
S004670,U0155,Delhi,Singapore,2026-03-15,2026-08-06,Business,Mobile
S004671,U0275,Mumbai,New York,2026-08-10,2026-09-13,Economy,Mobile
S004672,U0154,Delhi,Dubai,2026-04-10,2026-04-23,Economy,Desktop
S004673,U0053,Delhi,Singapore,2026-04-21,2026-09-16,Business,Mobile
S004674,U0179,Mumbai,Dubai,2026-04-14,2026-07-06,Economy,Desktop
S004675,U0421,Delhi,Bangkok,2026-01-15,2026-03-23,Economy,Mobile
S004676,U0240,Mumbai,Paris,2026-01-14,2026-03-12,Business,Mobile
S004677,U0137,Delhi,Bangkok,2026-06-08,2026-12-01,Business,Desktop
S004678,U0255,Delhi,Paris,2026-06-06,2026-10-26,Economy,Mobile
S004679,U0476,Delhi,Bangkok,2026-01-27,2026-06-11,Economy,Mobile
S004680,U0224,Delhi,Dubai,2026-03-26,2026-04-12,First,Desktop
S004681,U0180,Delhi,Singapore,2026-01-09,2026-05-02,Business,Mobile
S004682,U0182,Bengaluru,London,2026-01-20,2026-03-15,Economy,Mobile
S004683,U0259,Mumbai,New York,2026-08-15,2027-01-06,Business,Desktop
S004684,U0243,Delhi,Paris,2026-07-05,2026-12-01,Business,Desktop
S004685,U0096,Mumbai,Dubai,2026-03-20,2026-07-07,Economy,Mobile
S004686,U0197,Delhi,London,2026-08-04,2026-09-26,Economy,Desktop
S004687,U0392,Bengaluru,Dubai,2026-06-26,2026-12-02,Economy,Mobile
S004688,U0014,Delhi,New York,2026-02-26,2026-06-24,Business,Desktop
S004689,U0120,Delhi,Dubai,2026-05-24,2026-06-05,Economy,Desktop
S004690,U0387,Mumbai,Paris,2026-04-10,2026-04-27,Economy,Desktop
S004691,U0408,Bengaluru,Dubai,2026-03-16,2026-04-08,Business,Desktop
S004692,U0269,Delhi,Dubai,2026-05-16,2026-10-12,Economy,Mobile
S004693,U0171,Mumbai,Paris,2026-03-08,2026-03-30,Business,Mobile
S004694,U0413,Bengaluru,Dubai,2026-01-19,2026-03-22,Economy,Mobile
S004695,U0072,Bengaluru,Dubai,2026-08-26,2026-11-06,Business,Mobile
S004696,U0179,Bengaluru,Dubai,2026-04-15,2026-10-02,Economy,Mobile
S004697,U0170,Delhi,New York,2026-07-14,2026-10-11,Economy,Tablet
S004698,U0159,Mumbai,London,2026-06-13,2026-12-02,Business,Desktop
S004699,U0447,Delhi,London,2026-08-05,2026-10-25,Business,Mobile
S004700,U0154,Delhi,London,2026-07-07,2026-11-17,Business,Desktop
S004701,U0402,Delhi,Singapore,2026-06-13,2026-10-28,Business,Desktop
S004702,U0082,Delhi,Singapore,2026-01-11,2026-02-04,Economy,Mobile
S004703,U0057,Delhi,Dubai,2026-02-20,2026-05-26,Economy,Mobile
S004704,U0007,Delhi,Singapore,2026-05-06,2026-08-14,Business,Mobile
S004705,U0112,Delhi,Dubai,2026-03-21,2026-04-13,Business,Mobile
S004706,U0486,Delhi,Bangkok,2026-07-02,2026-10-30,Business,Desktop
S004707,U0048,Mumbai,Dubai,2026-02-23,2026-06-16,Business,Tablet
S004708,U0080,Delhi,New York,2026-01-17,2026-05-02,Economy,Mobile
S004709,U0375,Mumbai,Singapore,2026-07-09,2026-07-28,Economy,Desktop
S004710,U0376,Delhi,London,2026-06-19,2026-08-27,Economy,Mobile
S004711,U0316,Bengaluru,Dubai,2026-01-24,2026-02-13,Business,Desktop
S004712,U0033,Mumbai,Singapore,2026-05-25,2026-11-11,Business,Desktop
S004713,U0115,Mumbai,London,2026-02-17,2026-03-13,Business,Mobile
S004714,U0384,Delhi,Dubai,2026-03-25,2026-08-11,Economy,Desktop
S004715,U0003,Mumbai,London,2026-08-02,2026-08-22,Economy,Mobile
S004716,U0486,Delhi,London,2026-07-17,2026-08-17,Business,Mobile
S004717,U0004,Mumbai,London,2026-01-07,2026-02-26,Business,Desktop
S004718,U0356,Mumbai,Singapore,2026-05-22,2026-09-26,Economy,Mobile
S004719,U0260,Delhi,Tokyo,2026-01-11,2026-02-25,Business,Mobile
S004720,U0042,Bengaluru,London,2026-01-12,2026-06-07,Economy,Desktop
S004721,U0009,Delhi,Dubai,2026-04-20,2026-08-08,Economy,Mobile
S004722,U0488,Delhi,Dubai,2026-05-13,2026-07-20,Business,Mobile
S004723,U0307,Delhi,Singapore,2026-05-13,2026-07-11,Business,Mobile
S004724,U0145,Delhi,Dubai,2026-05-08,2026-07-06,Business,Mobile
S004725,U0401,Delhi,London,2026-05-28,2026-11-06,Economy,Mobile
S004726,U0097,Mumbai,Paris,2026-02-23,2026-08-11,Economy,Mobile
S004727,U0276,Delhi,London,2026-02-24,2026-06-28,Economy,Desktop
S004728,U0142,Delhi,Bangkok,2026-07-05,2026-09-14,Economy,Desktop
S004729,U0278,Delhi,Dubai,2026-03-20,2026-08-04,Economy,Mobile
S004730,U0436,Hyderabad,Dubai,2026-03-31,2026-05-19,Economy,Mobile
S004731,U0027,Mumbai,New York,2026-04-07,2026-06-02,Economy,Desktop
S004732,U0043,Delhi,Paris,2026-05-07,2026-09-27,Economy,Tablet
S004733,U0131,Delhi,Dubai,2026-01-30,2026-03-13,Business,Mobile
S004734,U0216,Delhi,Bangkok,2026-01-24,2026-02-22,Business,Desktop
S004735,U0094,Delhi,Bangkok,2026-08-03,2026-10-22,Business,Mobile
S004736,U0008,Bengaluru,London,2026-07-20,2026-09-14,Economy,Tablet
S004737,U0086,Mumbai,Singapore,2026-05-11,2026-07-11,Economy,Mobile
S004738,U0345,Delhi,Paris,2026-05-02,2026-09-10,Economy,Tablet
S004739,U0138,Delhi,London,2026-04-10,2026-04-28,Economy,Mobile
S004740,U0369,Delhi,New York,2026-06-25,2026-09-22,Economy,Tablet
S004741,U0413,Delhi,Bangkok,2026-03-12,2026-04-19,Economy,Mobile
S004742,U0424,Mumbai,London,2026-05-30,2026-11-04,Business,Mobile
S004743,U0246,Delhi,Dubai,2026-01-14,2026-04-16,First,Desktop
S004744,U0449,Delhi,Singapore,2026-02-17,2026-07-28,Economy,Desktop
S004745,U0500,Delhi,Paris,2026-01-29,2026-02-23,Business,Desktop
S004746,U0021,Delhi,Dubai,2026-02-19,2026-04-17,Economy,Mobile
S004747,U0487,Delhi,Dubai,2026-07-27,2026-10-05,Business,Desktop
S004748,U0408,Delhi,Dubai,2026-08-28,2027-01-11,Business,Tablet
S004749,U0457,Mumbai,Paris,2026-08-14,2027-01-31,Business,Mobile
S004750,U0444,Delhi,London,2026-05-18,2026-09-29,Economy,Desktop
S004751,U0492,Bengaluru,London,2026-07-18,2026-12-10,Economy,Desktop
S004752,U0410,Mumbai,London,2026-08-05,2026-10-14,Economy,Desktop
S004753,U0265,Delhi,Paris,2026-01-27,2026-02-03,Economy,Desktop
S004754,U0148,Hyderabad,Dubai,2026-03-20,2026-06-23,Business,Desktop
S004755,U0184,Delhi,Dubai,2026-04-06,2026-05-08,Business,Desktop
S004756,U0227,Mumbai,London,2026-06-05,2026-10-28,Business,Desktop
S004757,U0292,Mumbai,Paris,2026-05-17,2026-08-18,Business,Tablet
S004758,U0490,Mumbai,Dubai,2026-03-12,2026-03-20,Business,Desktop
S004759,U0036,Mumbai,Dubai,2026-03-21,2026-06-28,Economy,Desktop
S004760,U0246,Delhi,Bangkok,2026-06-03,2026-11-24,Economy,Mobile
S004761,U0073,Hyderabad,Dubai,2026-08-15,2026-12-18,Business,Mobile
S004762,U0150,Delhi,New York,2026-03-22,2026-08-07,Economy,Desktop
S004763,U0001,Mumbai,Dubai,2026-03-28,2026-06-22,Economy,Desktop
S004764,U0069,Delhi,Singapore,2026-01-08,2026-05-05,Economy,Mobile
S004765,U0457,Delhi,Dubai,2026-01-02,2026-06-22,Business,Mobile
S004766,U0293,Delhi,Paris,2026-08-11,2026-12-21,Business,Mobile
S004767,U0230,Mumbai,Paris,2026-07-04,2026-07-15,Economy,Desktop
S004768,U0211,Delhi,Tokyo,2026-06-29,2026-11-25,Business,Desktop
S004769,U0072,Delhi,London,2026-07-05,2026-08-06,Business,Desktop
S004770,U0490,Delhi,New York,2026-05-03,2026-05-15,First,Mobile
S004771,U0363,Mumbai,Dubai,2026-05-01,2026-09-07,Business,Mobile
S004772,U0096,Mumbai,London,2026-04-06,2026-05-26,Business,Mobile
S004773,U0397,Mumbai,Paris,2026-04-03,2026-06-06,Business,Mobile
S004774,U0084,Delhi,Dubai,2026-01-03,2026-03-31,Economy,Desktop
S004775,U0228,Mumbai,New York,2026-05-16,2026-07-07,Economy,Mobile
S004776,U0299,Bengaluru,London,2026-07-06,2026-10-22,Economy,Mobile
S004777,U0236,Bengaluru,Dubai,2026-01-02,2026-06-27,Economy,Mobile
S004778,U0293,Mumbai,Paris,2026-08-11,2026-10-04,Economy,Mobile
S004779,U0222,Mumbai,Paris,2026-07-09,2026-11-06,Economy,Mobile
S004780,U0458,Mumbai,Singapore,2026-04-25,2026-10-03,Economy,Mobile
S004781,U0223,Delhi,Dubai,2026-02-18,2026-03-16,Economy,Mobile
S004782,U0281,Delhi,Singapore,2026-04-11,2026-08-10,Economy,Mobile
S004783,U0221,Delhi,New York,2026-05-28,2026-11-13,Business,Mobile
S004784,U0216,Bengaluru,London,2026-01-29,2026-04-21,Business,Desktop
S004785,U0231,Mumbai,New York,2026-05-25,2026-09-29,Business,Tablet
S004786,U0405,Delhi,Singapore,2026-03-15,2026-07-08,Economy,Mobile
S004787,U0169,Mumbai,Dubai,2026-04-15,2026-06-28,Economy,Desktop
S004788,U0329,Delhi,Dubai,2026-05-30,2026-10-15,Economy,Desktop
S004789,U0426,Bengaluru,London,2026-01-06,2026-06-28,Economy,Mobile
S004790,U0042,Mumbai,New York,2026-03-03,2026-08-05,Business,Mobile
S004791,U0258,Bengaluru,London,2026-08-23,2026-11-03,Economy,Mobile
S004792,U0196,Mumbai,London,2026-08-14,2027-01-11,Business,Mobile
S004793,U0392,Mumbai,Dubai,2026-01-31,2026-06-21,Business,Desktop
S004794,U0096,Delhi,Paris,2026-07-09,2026-10-06,Economy,Mobile
S004795,U0317,Mumbai,Paris,2026-04-29,2026-05-14,Economy,Desktop
S004796,U0014,Delhi,Singapore,2026-01-12,2026-02-04,Economy,Mobile
S004797,U0113,Mumbai,New York,2026-01-12,2026-05-11,Economy,Desktop
S004798,U0077,Mumbai,London,2026-07-10,2026-12-03,Business,Tablet
S004799,U0277,Bengaluru,London,2026-05-24,2026-11-19,First,Tablet
S004800,U0408,Delhi,Bangkok,2026-01-25,2026-05-31,Business,Desktop
S004801,U0434,Bengaluru,London,2026-05-30,2026-06-16,Business,Mobile
S004802,U0466,Mumbai,Singapore,2026-04-01,2026-08-26,Economy,Desktop
S004803,U0429,Delhi,Singapore,2026-03-29,2026-09-10,Economy,Mobile
S004804,U0448,Mumbai,New York,2026-03-17,2026-04-18,Economy,Desktop
S004805,U0320,Bengaluru,London,2026-01-18,2026-03-28,Economy,Mobile
S004806,U0488,Delhi,New York,2026-02-14,2026-07-29,Economy,Mobile
S004807,U0410,Mumbai,New York,2026-04-21,2026-05-19,Business,Desktop
S004808,U0160,Delhi,London,2026-03-21,2026-08-08,Economy,Mobile
S004809,U0492,Bengaluru,Dubai,2026-03-09,2026-08-10,Business,Mobile
S004810,U0313,Mumbai,Paris,2026-05-20,2026-06-05,First,Mobile
S004811,U0119,Mumbai,London,2026-06-26,2026-09-23,Economy,Desktop
S004812,U0437,Delhi,New York,2026-06-10,2026-11-26,Business,Desktop
S004813,U0161,Delhi,London,2026-08-02,2026-09-03,Economy,Desktop
S004814,U0308,Delhi,London,2026-07-10,2026-09-25,Economy,Desktop
S004815,U0351,Mumbai,Dubai,2026-01-18,2026-03-02,Business,Mobile
S004816,U0146,Bengaluru,London,2026-02-23,2026-07-15,Economy,Mobile
S004817,U0163,Delhi,Bangkok,2026-04-22,2026-09-08,Business,Desktop
S004818,U0396,Delhi,New York,2026-04-07,2026-10-02,Business,Desktop
S004819,U0179,Mumbai,Singapore,2026-01-27,2026-06-08,Business,Mobile
S004820,U0089,Delhi,Singapore,2026-08-22,2026-12-21,First,Mobile
S004821,U0493,Delhi,Dubai,2026-07-30,2026-11-05,Economy,Mobile
S004822,U0223,Delhi,Dubai,2026-08-28,2026-12-29,Economy,Mobile
S004823,U0266,Delhi,Paris,2026-03-19,2026-05-13,Economy,Mobile
S004824,U0239,Bengaluru,Dubai,2026-06-02,2026-07-14,Economy,Mobile
S004825,U0308,Delhi,Singapore,2026-06-11,2026-07-13,Economy,Mobile
S004826,U0034,Bengaluru,London,2026-03-29,2026-05-19,Business,Mobile
S004827,U0371,Bengaluru,Dubai,2026-08-18,2026-10-24,Economy,Desktop
S004828,U0451,Delhi,London,2026-07-07,2027-01-01,First,Desktop
S004829,U0494,Mumbai,Paris,2026-02-23,2026-07-11,Business,Mobile
S004830,U0167,Mumbai,New York,2026-03-28,2026-06-18,Economy,Mobile
S004831,U0392,Delhi,New York,2026-01-05,2026-03-10,Economy,Tablet
S004832,U0125,Mumbai,Dubai,2026-08-24,2026-12-13,Economy,Mobile
S004833,U0224,Bengaluru,London,2026-05-03,2026-06-04,Economy,Tablet
S004834,U0491,Mumbai,Paris,2026-06-13,2026-09-22,Business,Mobile
S004835,U0413,Delhi,Dubai,2026-02-23,2026-05-19,Economy,Desktop
S004836,U0150,Mumbai,Singapore,2026-08-04,2026-12-16,Business,Mobile
S004837,U0468,Delhi,Dubai,2026-06-13,2026-11-23,Economy,Mobile
S004838,U0454,Delhi,Tokyo,2026-07-16,2026-12-06,Business,Tablet
S004839,U0189,Mumbai,Singapore,2026-02-08,2026-05-03,Business,Tablet
S004840,U0043,Mumbai,Paris,2026-07-17,2026-08-28,Economy,Mobile
S004841,U0433,Mumbai,London,2026-04-19,2026-09-04,Economy,Tablet
S004842,U0029,Delhi,Dubai,2026-08-16,2026-10-20,Business,Mobile
S004843,U0362,Delhi,London,2026-08-25,2027-02-12,First,Desktop
S004844,U0120,Mumbai,Dubai,2026-05-12,2026-09-19,Economy,Mobile
S004845,U0337,Mumbai,Dubai,2026-03-15,2026-06-17,Economy,Mobile
S004846,U0031,Delhi,New York,2026-03-06,2026-06-01,Economy,Desktop
S004847,U0181,Delhi,London,2026-08-01,2026-12-26,Economy,Mobile
S004848,U0162,Mumbai,Singapore,2026-06-17,2026-11-18,Economy,Mobile
S004849,U0128,Delhi,Singapore,2026-08-19,2026-09-11,Economy,Mobile
S004850,U0255,Delhi,New York,2026-02-06,2026-04-04,Business,Mobile
S004851,U0294,Bengaluru,London,2026-03-08,2026-05-08,Economy,Desktop
S004852,U0441,Mumbai,New York,2026-04-21,2026-10-05,Economy,Mobile
S004853,U0357,Hyderabad,Dubai,2026-06-08,2026-11-10,Economy,Desktop
S004854,U0388,Delhi,Dubai,2026-08-07,2026-11-02,Business,Mobile
S004855,U0254,Delhi,Singapore,2026-07-28,2026-12-31,Economy,Mobile
S004856,U0130,Delhi,Singapore,2026-05-05,2026-10-11,First,Mobile
S004857,U0012,Delhi,Singapore,2026-03-28,2026-07-22,Economy,Desktop
S004858,U0035,Bengaluru,London,2026-07-24,2026-12-17,Economy,Mobile
S004859,U0198,Mumbai,Singapore,2026-02-16,2026-07-15,Economy,Mobile
S004860,U0248,Mumbai,Singapore,2026-06-04,2026-09-04,Business,Mobile
S004861,U0110,Delhi,Singapore,2026-06-28,2026-07-06,Business,Desktop
S004862,U0328,Hyderabad,Dubai,2026-05-28,2026-10-13,Business,Mobile
S004863,U0405,Bengaluru,Dubai,2026-08-26,2026-10-16,Business,Desktop
S004864,U0245,Mumbai,Dubai,2026-01-13,2026-02-01,Business,Mobile
S004865,U0250,Delhi,Dubai,2026-07-10,2026-09-09,Economy,Mobile
S004866,U0366,Delhi,Bangkok,2026-02-13,2026-07-29,Business,Mobile
S004867,U0317,Hyderabad,Dubai,2026-06-01,2026-06-29,Business,Mobile
S004868,U0163,Mumbai,Dubai,2026-05-05,2026-08-08,Economy,Mobile
S004869,U0048,Mumbai,London,2026-04-29,2026-06-29,Business,Tablet
S004870,U0399,Bengaluru,Dubai,2026-08-21,2027-01-19,Business,Mobile
S004871,U0071,Delhi,Paris,2026-05-11,2026-09-30,Economy,Mobile
S004872,U0399,Mumbai,Dubai,2026-05-06,2026-08-17,Economy,Mobile
S004873,U0493,Delhi,New York,2026-08-23,2027-01-14,Economy,Mobile
S004874,U0134,Bengaluru,Dubai,2026-05-18,2026-06-12,Economy,Mobile
S004875,U0239,Mumbai,Paris,2026-07-12,2026-11-23,Economy,Desktop
S004876,U0465,Delhi,Paris,2026-02-18,2026-07-16,Economy,Mobile
S004877,U0068,Delhi,Paris,2026-05-04,2026-07-16,Economy,Desktop
S004878,U0278,Delhi,Dubai,2026-07-05,2026-09-10,Economy,Mobile
S004879,U0032,Delhi,Bangkok,2026-07-24,2026-10-01,Business,Mobile
S004880,U0123,Mumbai,Dubai,2026-03-19,2026-07-08,Economy,Mobile
S004881,U0022,Bengaluru,Dubai,2026-08-13,2026-12-01,Economy,Mobile
S004882,U0155,Mumbai,London,2026-05-10,2026-10-02,Economy,Mobile
S004883,U0110,Delhi,Bangkok,2026-07-13,2026-11-30,Business,Mobile
S004884,U0271,Mumbai,Dubai,2026-04-13,2026-05-23,Economy,Mobile
S004885,U0380,Mumbai,Singapore,2026-04-15,2026-07-29,Economy,Desktop
S004886,U0300,Delhi,Dubai,2026-04-30,2026-07-09,Economy,Mobile
S004887,U0115,Bengaluru,London,2026-01-31,2026-05-04,First,Desktop
S004888,U0470,Delhi,Bangkok,2026-03-09,2026-06-04,Business,Mobile
S004889,U0220,Delhi,Paris,2026-08-14,2026-10-25,Economy,Desktop
S004890,U0490,Mumbai,Singapore,2026-07-30,2027-01-11,Economy,Mobile
S004891,U0230,Delhi,London,2026-02-06,2026-05-06,Economy,Mobile
S004892,U0252,Bengaluru,Dubai,2026-07-20,2026-10-26,Economy,Tablet
S004893,U0249,Bengaluru,London,2026-01-24,2026-06-15,Business,Mobile
S004894,U0009,Delhi,Paris,2026-07-24,2027-01-16,Economy,Desktop
S004895,U0034,Mumbai,Paris,2026-02-13,2026-08-07,Business,Desktop
S004896,U0228,Delhi,Paris,2026-08-10,2027-01-31,Economy,Mobile
S004897,U0073,Delhi,Singapore,2026-03-24,2026-08-27,Business,Tablet
S004898,U0399,Delhi,Paris,2026-02-10,2026-07-18,Economy,Desktop
S004899,U0446,Mumbai,New York,2026-07-21,2026-09-03,Economy,Desktop
S004900,U0301,Delhi,Bangkok,2026-06-28,2026-11-11,Business,Tablet
S004901,U0212,Mumbai,Paris,2026-02-11,2026-06-22,Economy,Mobile
S004902,U0072,Delhi,London,2026-04-18,2026-06-04,Business,Mobile
S004903,U0058,Mumbai,London,2026-07-25,2026-08-19,Business,Desktop
S004904,U0220,Delhi,London,2026-02-09,2026-05-31,Economy,Mobile
S004905,U0371,Delhi,Dubai,2026-02-17,2026-07-03,Business,Mobile
S004906,U0275,Mumbai,New York,2026-04-23,2026-07-30,Economy,Mobile
S004907,U0249,Delhi,Tokyo,2026-03-25,2026-07-05,Economy,Desktop
S004908,U0016,Delhi,Dubai,2026-01-04,2026-03-13,Business,Mobile
S004909,U0075,Delhi,Singapore,2026-08-18,2026-09-09,Business,Desktop
S004910,U0106,Bengaluru,Dubai,2026-04-18,2026-07-27,Economy,Mobile
S004911,U0136,Mumbai,Paris,2026-03-01,2026-08-04,Business,Mobile
S004912,U0417,Mumbai,Singapore,2026-04-24,2026-09-19,First,Desktop
S004913,U0074,Mumbai,Paris,2026-06-16,2026-10-16,Economy,Tablet
S004914,U0254,Mumbai,Singapore,2026-01-05,2026-03-08,Business,Mobile
S004915,U0018,Delhi,Dubai,2026-04-16,2026-06-26,Business,Mobile
S004916,U0419,Delhi,Dubai,2026-08-12,2027-02-07,First,Mobile
S004917,U0043,Delhi,Dubai,2026-01-06,2026-03-07,Economy,Desktop
S004918,U0050,Mumbai,London,2026-01-14,2026-04-16,Business,Mobile
S004919,U0003,Bengaluru,Dubai,2026-07-17,2027-01-13,Economy,Mobile
S004920,U0232,Mumbai,Paris,2026-05-06,2026-10-20,Business,Desktop
S004921,U0219,Delhi,Singapore,2026-07-25,2026-09-19,Business,Mobile
S004922,U0059,Mumbai,Singapore,2026-05-20,2026-09-08,Economy,Mobile
S004923,U0284,Mumbai,Dubai,2026-03-03,2026-03-31,Economy,Desktop
S004924,U0302,Bengaluru,London,2026-01-27,2026-03-14,Business,Desktop
S004925,U0064,Mumbai,Paris,2026-02-23,2026-04-09,Business,Tablet
S004926,U0070,Mumbai,Dubai,2026-03-31,2026-07-20,Economy,Mobile
S004927,U0303,Delhi,London,2026-01-12,2026-07-06,Economy,Desktop
S004928,U0142,Mumbai,New York,2026-05-16,2026-07-29,Business,Desktop
S004929,U0391,Delhi,New York,2026-03-15,2026-03-28,Economy,Mobile
S004930,U0202,Delhi,Singapore,2026-05-24,2026-08-23,Economy,Desktop
S004931,U0207,Mumbai,New York,2026-06-29,2026-11-14,Business,Mobile
S004932,U0415,Delhi,New York,2026-01-26,2026-04-18,Economy,Desktop
S004933,U0221,Mumbai,Dubai,2026-05-16,2026-08-21,Economy,Desktop
S004934,U0362,Delhi,Singapore,2026-08-21,2026-11-19,Economy,Desktop
S004935,U0246,Delhi,Singapore,2026-02-14,2026-07-24,Business,Mobile
S004936,U0081,Delhi,Tokyo,2026-08-09,2026-09-15,Economy,Desktop
S004937,U0251,Hyderabad,Dubai,2026-03-25,2026-07-08,Business,Mobile
S004938,U0051,Delhi,Tokyo,2026-07-28,2026-09-24,Business,Tablet
S004939,U0285,Delhi,Paris,2026-05-27,2026-09-22,Economy,Desktop
S004940,U0369,Delhi,New York,2026-05-25,2026-08-11,Business,Mobile
S004941,U0492,Bengaluru,London,2026-04-13,2026-05-10,Economy,Mobile
S004942,U0399,Bengaluru,Dubai,2026-05-04,2026-05-26,Business,Desktop
S004943,U0384,Mumbai,Dubai,2026-07-12,2026-08-03,Economy,Mobile
S004944,U0346,Mumbai,Singapore,2026-05-03,2026-10-02,Business,Desktop
S004945,U0204,Bengaluru,London,2026-04-26,2026-06-27,Economy,Mobile
S004946,U0025,Bengaluru,London,2026-06-06,2026-11-15,Economy,Desktop
S004947,U0445,Mumbai,Dubai,2026-01-14,2026-04-12,First,Mobile
S004948,U0041,Delhi,New York,2026-01-17,2026-04-11,Economy,Mobile
S004949,U0069,Mumbai,Paris,2026-01-13,2026-02-25,Business,Tablet
S004950,U0004,Mumbai,Singapore,2026-04-03,2026-08-31,Economy,Desktop
S004951,U0492,Mumbai,Paris,2026-08-14,2026-10-19,Economy,Mobile
S004952,U0240,Mumbai,London,2026-08-07,2026-08-24,Business,Tablet
S004953,U0361,Bengaluru,Dubai,2026-03-04,2026-07-14,Economy,Mobile
S004954,U0441,Mumbai,Singapore,2026-08-26,2026-11-06,Business,Desktop
S004955,U0031,Delhi,New York,2026-02-02,2026-06-14,Economy,Mobile
S004956,U0387,Delhi,London,2026-01-29,2026-03-08,Economy,Mobile
S004957,U0117,Delhi,Dubai,2026-02-06,2026-07-09,Business,Mobile
S004958,U0195,Mumbai,New York,2026-04-13,2026-06-14,Economy,Mobile
S004959,U0090,Delhi,Singapore,2026-07-30,2026-08-10,Economy,Desktop
S004960,U0178,Mumbai,Singapore,2026-06-23,2026-11-07,Business,Desktop
S004961,U0145,Delhi,London,2026-01-24,2026-07-05,Economy,Mobile
S004962,U0444,Delhi,Bangkok,2026-05-22,2026-08-26,Economy,Mobile
S004963,U0202,Mumbai,Paris,2026-08-27,2026-12-05,Business,Desktop
S004964,U0322,Delhi,Dubai,2026-08-17,2026-11-03,Business,Mobile
S004965,U0344,Mumbai,New York,2026-05-13,2026-08-27,Economy,Mobile
S004966,U0203,Mumbai,Paris,2026-05-05,2026-06-09,Business,Mobile
S004967,U0024,Mumbai,New York,2026-02-22,2026-04-28,Business,Mobile
S004968,U0355,Mumbai,London,2026-03-29,2026-04-29,Economy,Mobile
S004969,U0471,Bengaluru,London,2026-04-08,2026-09-11,Economy,Desktop
S004970,U0416,Mumbai,Dubai,2026-04-24,2026-08-05,First,Mobile
S004971,U0471,Mumbai,London,2026-04-05,2026-07-21,Economy,Desktop
S004972,U0482,Mumbai,Dubai,2026-06-07,2026-10-08,Business,Mobile
S004973,U0105,Delhi,New York,2026-07-07,2026-08-05,Business,Desktop
S004974,U0275,Delhi,Dubai,2026-04-30,2026-07-15,Business,Mobile
S004975,U0322,Bengaluru,Dubai,2026-03-14,2026-06-07,Business,Desktop
S004976,U0060,Mumbai,London,2026-08-07,2026-10-31,Economy,Mobile
S004977,U0371,Mumbai,Dubai,2026-06-05,2026-11-26,Economy,Mobile
S004978,U0450,Mumbai,Singapore,2026-04-16,2026-07-29,Business,Desktop
S004979,U0015,Mumbai,Dubai,2026-01-26,2026-02-15,Economy,Mobile
S004980,U0085,Mumbai,Singapore,2026-01-18,2026-02-22,Business,Desktop
S004981,U0419,Mumbai,London,2026-06-13,2026-11-10,Economy,Tablet
S004982,U0197,Delhi,Dubai,2026-05-16,2026-08-17,Business,Mobile
S004983,U0235,Mumbai,Dubai,2026-05-26,2026-06-11,Business,Mobile
S004984,U0411,Delhi,Singapore,2026-07-31,2026-09-22,Economy,Mobile
S004985,U0344,Delhi,London,2026-02-27,2026-03-09,Economy,Desktop
S004986,U0263,Mumbai,Paris,2026-06-09,2026-06-27,Business,Mobile
S004987,U0006,Mumbai,New York,2026-04-03,2026-05-21,Economy,Desktop
S004988,U0494,Mumbai,New York,2026-02-18,2026-02-28,Business,Desktop
S004989,U0381,Delhi,New York,2026-06-25,2026-09-23,Business,Mobile
S004990,U0289,Delhi,New York,2026-07-29,2026-11-04,Economy,Desktop
S004991,U0058,Bengaluru,Dubai,2026-03-12,2026-06-18,Business,Mobile
S004992,U0433,Delhi,London,2026-03-06,2026-03-18,Economy,Mobile
S004993,U0145,Delhi,London,2026-08-08,2027-01-03,Economy,Desktop
S004994,U0366,Delhi,Dubai,2026-02-02,2026-03-15,Economy,Mobile
S004995,U0042,Delhi,Dubai,2026-02-19,2026-05-01,Business,Mobile
S004996,U0350,Delhi,Dubai,2026-01-04,2026-06-06,First,Desktop
S004997,U0200,Bengaluru,London,2026-04-29,2026-07-01,Economy,Desktop
S004998,U0424,Delhi,Singapore,2026-03-25,2026-04-13,Economy,Mobile
S004999,U0174,Hyderabad,Dubai,2026-04-27,2026-09-16,Economy,Desktop
S005000,U0455,Mumbai,Dubai,2026-06-13,2026-07-07,Business,Mobile
S005001,U0454,Mumbai,London,2026-08-11,2027-01-27,Economy,Desktop
S005002,U0452,Hyderabad,Dubai,2026-04-12,2026-07-14,Business,Desktop
S005003,U0385,Delhi,Bangkok,2026-06-05,2026-10-03,Economy,Mobile
S005004,U0335,Delhi,Singapore,2026-05-11,2026-06-12,Business,Mobile
S005005,U0095,Delhi,New York,2026-01-06,2026-06-27,Business,Desktop
S005006,U0217,Delhi,Bangkok,2026-06-22,2026-09-02,First,Desktop
S005007,U0111,Mumbai,Singapore,2026-01-23,2026-02-24,Economy,Mobile
S005008,U0353,Delhi,Dubai,2026-05-15,2026-09-24,Economy,Mobile
S005009,U0180,Delhi,Bangkok,2026-04-30,2026-07-02,Business,Mobile
S005010,U0163,Mumbai,Singapore,2026-03-02,2026-04-02,Business,Mobile
S005011,U0119,Delhi,Dubai,2026-04-10,2026-05-16,Economy,Desktop
S005012,U0325,Mumbai,Singapore,2026-03-06,2026-07-25,First,Mobile
S005013,U0389,Delhi,Singapore,2026-05-14,2026-06-16,Economy,Desktop
S005014,U0228,Delhi,Tokyo,2026-01-24,2026-06-18,Economy,Desktop
S005015,U0145,Delhi,Dubai,2026-02-06,2026-05-24,Economy,Tablet
S005016,U0437,Delhi,Tokyo,2026-02-14,2026-07-06,Business,Mobile
S005017,U0308,Mumbai,Singapore,2026-06-28,2026-07-15,Business,Desktop
S005018,U0142,Delhi,Singapore,2026-04-10,2026-08-20,Economy,Desktop
S005019,U0122,Delhi,Dubai,2026-08-04,2026-09-09,Economy,Mobile
S005020,U0285,Bengaluru,London,2026-04-12,2026-07-21,Business,Mobile
S005021,U0392,Bengaluru,Dubai,2026-06-22,2026-10-22,Economy,Desktop
S005022,U0226,Mumbai,London,2026-03-04,2026-03-25,Business,Mobile
S005023,U0360,Mumbai,Dubai,2026-01-29,2026-03-11,Business,Tablet
S005024,U0257,Delhi,New York,2026-04-11,2026-05-26,Economy,Mobile
S005025,U0285,Mumbai,Paris,2026-04-19,2026-05-19,Economy,Mobile
S005026,U0420,Delhi,London,2026-04-06,2026-04-20,Business,Mobile
S005027,U0435,Mumbai,New York,2026-06-02,2026-07-21,Economy,Mobile
S005028,U0165,Delhi,New York,2026-01-10,2026-07-05,Economy,Mobile
S005029,U0221,Mumbai,London,2026-02-04,2026-05-05,Economy,Mobile
S005030,U0069,Delhi,Singapore,2026-02-24,2026-08-18,Economy,Mobile
S005031,U0309,Mumbai,Dubai,2026-06-02,2026-07-25,Business,Mobile
S005032,U0224,Mumbai,Paris,2026-08-07,2026-09-08,Business,Mobile
S005033,U0124,Mumbai,New York,2026-06-22,2026-11-25,First,Desktop
S005034,U0436,Mumbai,Singapore,2026-04-06,2026-08-23,Economy,Mobile
S005035,U0344,Delhi,Singapore,2026-05-03,2026-09-29,Economy,Desktop
S005036,U0339,Mumbai,Dubai,2026-01-12,2026-07-01,First,Desktop
S005037,U0012,Delhi,Bangkok,2026-01-04,2026-04-21,Business,Mobile
S005038,U0052,Delhi,Singapore,2026-04-16,2026-06-24,Business,Mobile
S005039,U0129,Mumbai,Singapore,2026-03-31,2026-07-08,Economy,Desktop
S005040,U0135,Mumbai,Singapore,2026-03-08,2026-05-08,Business,Desktop
S005041,U0145,Delhi,Singapore,2026-05-25,2026-08-11,Economy,Mobile
S005042,U0127,Mumbai,Dubai,2026-07-20,2026-09-24,Business,Desktop
S005043,U0226,Delhi,Dubai,2026-08-09,2026-09-13,Business,Mobile
S005044,U0427,Delhi,London,2026-03-06,2026-03-31,Business,Mobile
S005045,U0071,Delhi,Paris,2026-03-23,2026-06-10,Business,Mobile
S005046,U0273,Mumbai,Dubai,2026-04-15,2026-09-06,Business,Mobile
S005047,U0187,Delhi,London,2026-06-30,2026-10-15,Economy,Tablet
S005048,U0003,Mumbai,Paris,2026-03-25,2026-08-16,Economy,Desktop
S005049,U0285,Delhi,Dubai,2026-07-04,2026-09-05,Business,Desktop
S005050,U0022,Mumbai,New York,2026-04-15,2026-06-28,Economy,Mobile
S005051,U0166,Mumbai,London,2026-08-14,2026-11-15,Economy,Mobile
S005052,U0310,Delhi,Dubai,2026-04-25,2026-08-12,Economy,Mobile
S005053,U0363,Delhi,Singapore,2026-01-28,2026-04-16,Economy,Mobile
S005054,U0477,Delhi,London,2026-08-28,2027-01-10,First,Mobile
S005055,U0498,Delhi,Bangkok,2026-08-15,2026-12-17,Economy,Desktop
S005056,U0434,Mumbai,Singapore,2026-01-16,2026-06-11,Business,Mobile
S005057,U0246,Delhi,Dubai,2026-01-21,2026-07-09,Business,Tablet
S005058,U0234,Mumbai,Dubai,2026-03-18,2026-07-18,Economy,Tablet
S005059,U0325,Delhi,Singapore,2026-08-15,2026-11-11,Business,Desktop
S005060,U0158,Delhi,Dubai,2026-02-11,2026-07-28,Economy,Desktop
S005061,U0151,Mumbai,Dubai,2026-02-23,2026-06-18,Business,Mobile
S005062,U0213,Mumbai,Singapore,2026-02-01,2026-07-10,Economy,Mobile
S005063,U0376,Delhi,Bangkok,2026-04-24,2026-05-16,Economy,Desktop
S005064,U0218,Delhi,Singapore,2026-02-07,2026-06-29,Economy,Desktop
S005065,U0246,Delhi,Paris,2026-07-17,2026-08-27,Economy,Mobile
S005066,U0303,Delhi,Tokyo,2026-04-24,2026-10-21,Business,Desktop
S005067,U0405,Mumbai,Dubai,2026-08-18,2027-01-10,Economy,Tablet
S005068,U0276,Mumbai,Paris,2026-06-15,2026-08-04,Business,Mobile
S005069,U0151,Delhi,Paris,2026-07-01,2026-11-23,Economy,Mobile
S005070,U0196,Mumbai,London,2026-07-07,2026-11-29,Business,Tablet
S005071,U0405,Hyderabad,Dubai,2026-07-24,2026-12-27,Business,Mobile
S005072,U0021,Mumbai,Dubai,2026-04-20,2026-07-20,Economy,Mobile
S005073,U0257,Mumbai,Dubai,2026-04-13,2026-07-10,Economy,Mobile
S005074,U0399,Mumbai,Paris,2026-03-18,2026-07-04,Business,Desktop
S005075,U0017,Delhi,Singapore,2026-06-24,2026-09-01,Economy,Desktop
S005076,U0051,Mumbai,London,2026-05-20,2026-11-15,Economy,Mobile
S005077,U0447,Delhi,Dubai,2026-02-22,2026-04-02,Business,Mobile
S005078,U0270,Delhi,Paris,2026-06-10,2026-08-15,First,Mobile
S005079,U0315,Mumbai,Paris,2026-06-05,2026-10-12,Business,Mobile
S005080,U0083,Delhi,New York,2026-05-01,2026-05-09,Business,Mobile
S005081,U0306,Bengaluru,Dubai,2026-01-03,2026-05-30,Business,Mobile
S005082,U0124,Mumbai,London,2026-07-29,2026-09-30,First,Mobile
S005083,U0290,Mumbai,Dubai,2026-06-03,2026-11-27,Business,Tablet
S005084,U0262,Bengaluru,London,2026-02-23,2026-04-15,Economy,Mobile
S005085,U0365,Delhi,Paris,2026-02-09,2026-03-18,Business,Mobile
S005086,U0049,Mumbai,Dubai,2026-07-13,2026-12-04,Economy,Mobile
S005087,U0006,Delhi,London,2026-03-09,2026-04-07,Economy,Desktop
S005088,U0117,Mumbai,Paris,2026-04-24,2026-05-29,Business,Mobile
S005089,U0118,Hyderabad,Dubai,2026-08-08,2026-09-14,Economy,Mobile
S005090,U0453,Mumbai,New York,2026-08-08,2026-09-01,Economy,Desktop
S005091,U0263,Mumbai,Dubai,2026-08-05,2026-08-22,Economy,Tablet
S005092,U0353,Hyderabad,Dubai,2026-08-06,2026-11-23,Business,Desktop
S005093,U0461,Delhi,Tokyo,2026-08-25,2026-10-17,First,Mobile
S005094,U0435,Mumbai,Singapore,2026-06-24,2026-07-03,Economy,Mobile
S005095,U0374,Delhi,Bangkok,2026-05-10,2026-09-23,Economy,Desktop
S005096,U0129,Mumbai,Paris,2026-02-11,2026-04-30,Economy,Mobile
S005097,U0397,Bengaluru,Dubai,2026-06-11,2026-11-23,Business,Mobile
S005098,U0171,Delhi,Bangkok,2026-04-04,2026-08-24,Business,Tablet
S005099,U0027,Mumbai,New York,2026-05-29,2026-11-22,Economy,Desktop
S005100,U0199,Mumbai,New York,2026-08-24,2027-01-07,Economy,Desktop
S005101,U0372,Delhi,Singapore,2026-04-11,2026-05-09,Business,Desktop
S005102,U0387,Mumbai,New York,2026-06-21,2026-10-29,Business,Desktop
S005103,U0314,Mumbai,Paris,2026-08-03,2026-12-20,Economy,Desktop
S005104,U0345,Hyderabad,Dubai,2026-08-13,2027-01-01,Economy,Mobile
S005105,U0097,Delhi,Singapore,2026-05-04,2026-05-30,Economy,Tablet
S005106,U0488,Delhi,New York,2026-01-02,2026-03-26,First,Mobile
S005107,U0017,Delhi,Singapore,2026-04-01,2026-08-15,Business,Desktop
S005108,U0173,Bengaluru,London,2026-08-28,2026-10-05,Business,Mobile
S005109,U0462,Mumbai,New York,2026-02-28,2026-06-04,Business,Mobile
S005110,U0101,Delhi,London,2026-08-02,2026-08-11,Business,Desktop
S005111,U0186,Delhi,New York,2026-04-08,2026-09-30,Business,Mobile
S005112,U0184,Delhi,London,2026-01-16,2026-03-05,Economy,Desktop
S005113,U0438,Delhi,London,2026-05-28,2026-08-19,Economy,Desktop
S005114,U0215,Mumbai,Paris,2026-06-03,2026-11-29,Business,Mobile
S005115,U0251,Mumbai,Dubai,2026-01-16,2026-05-03,Business,Mobile
S005116,U0216,Mumbai,London,2026-07-17,2026-12-15,Economy,Mobile
S005117,U0029,Delhi,London,2026-08-25,2027-01-06,Economy,Desktop
S005118,U0102,Delhi,Dubai,2026-04-18,2026-06-10,Economy,Mobile
S005119,U0123,Delhi,Paris,2026-01-23,2026-06-30,Economy,Mobile
S005120,U0054,Mumbai,Singapore,2026-02-11,2026-06-20,Economy,Mobile
S005121,U0283,Delhi,Tokyo,2026-02-06,2026-03-18,Economy,Desktop
S005122,U0102,Delhi,Singapore,2026-03-13,2026-04-30,Business,Desktop
S005123,U0117,Mumbai,Dubai,2026-05-14,2026-06-22,Business,Mobile
S005124,U0104,Mumbai,London,2026-06-14,2026-10-21,Business,Desktop
S005125,U0045,Delhi,Paris,2026-04-26,2026-05-29,Business,Desktop
S005126,U0114,Delhi,New York,2026-05-30,2026-08-03,Economy,Desktop
S005127,U0343,Delhi,Tokyo,2026-01-06,2026-06-08,Economy,Mobile
S005128,U0031,Mumbai,New York,2026-02-01,2026-06-02,Economy,Desktop
S005129,U0164,Mumbai,Singapore,2026-05-25,2026-10-09,First,Mobile
S005130,U0465,Mumbai,Paris,2026-02-07,2026-06-21,Economy,Desktop
S005131,U0189,Bengaluru,Dubai,2026-05-25,2026-09-28,Business,Desktop
S005132,U0293,Mumbai,London,2026-02-06,2026-07-15,Economy,Desktop
S005133,U0195,Mumbai,Dubai,2026-05-31,2026-09-27,First,Mobile
S005134,U0292,Mumbai,New York,2026-06-26,2026-07-17,Economy,Desktop
S005135,U0375,Mumbai,Singapore,2026-07-08,2026-10-05,Business,Mobile
S005136,U0261,Hyderabad,Dubai,2026-06-26,2026-09-23,Economy,Mobile
S005137,U0430,Delhi,Singapore,2026-03-02,2026-03-31,Economy,Mobile
S005138,U0207,Delhi,London,2026-03-18,2026-04-04,Business,Desktop
S005139,U0052,Hyderabad,Dubai,2026-06-09,2026-10-09,First,Mobile
S005140,U0049,Delhi,Bangkok,2026-05-07,2026-10-22,Economy,Mobile
S005141,U0006,Delhi,Dubai,2026-03-27,2026-07-14,First,Mobile
S005142,U0379,Delhi,Tokyo,2026-07-10,2026-07-23,Business,Desktop
S005143,U0394,Mumbai,London,2026-01-07,2026-04-29,Business,Desktop
S005144,U0374,Mumbai,London,2026-05-30,2026-11-24,Economy,Desktop
S005145,U0224,Delhi,Tokyo,2026-03-26,2026-07-24,Economy,Mobile
S005146,U0023,Mumbai,Singapore,2026-01-06,2026-02-04,Economy,Tablet
S005147,U0496,Delhi,Dubai,2026-07-08,2026-10-24,First,Desktop
S005148,U0145,Mumbai,London,2026-05-22,2026-07-25,First,Desktop
S005149,U0110,Delhi,Paris,2026-05-24,2026-06-19,Business,Desktop
S005150,U0212,Delhi,Dubai,2026-01-03,2026-06-13,Economy,Tablet
S005151,U0300,Delhi,New York,2026-05-17,2026-09-17,Economy,Desktop
S005152,U0041,Bengaluru,London,2026-02-16,2026-07-08,First,Mobile
S005153,U0399,Mumbai,London,2026-03-26,2026-07-11,Economy,Mobile
S005154,U0172,Bengaluru,London,2026-04-04,2026-04-12,Business,Desktop
S005155,U0494,Delhi,Tokyo,2026-08-10,2026-09-07,Economy,Desktop
S005156,U0186,Mumbai,Singapore,2026-06-19,2026-09-03,Economy,Desktop
S005157,U0214,Mumbai,London,2026-06-19,2026-10-06,Business,Mobile
S005158,U0306,Mumbai,Dubai,2026-08-12,2026-11-30,Economy,Mobile
S005159,U0052,Mumbai,New York,2026-01-23,2026-03-06,Economy,Desktop
S005160,U0070,Delhi,Tokyo,2026-01-03,2026-04-27,First,Desktop
S005161,U0196,Mumbai,London,2026-05-09,2026-06-08,Business,Desktop
S005162,U0447,Delhi,Singapore,2026-03-08,2026-08-01,Business,Mobile
S005163,U0442,Delhi,Singapore,2026-08-17,2026-09-14,Business,Mobile
S005164,U0151,Delhi,New York,2026-03-12,2026-06-09,Economy,Mobile
S005165,U0428,Mumbai,Dubai,2026-05-11,2026-07-29,Economy,Mobile
S005166,U0109,Delhi,Bangkok,2026-08-16,2026-12-24,Economy,Mobile
S005167,U0467,Mumbai,Dubai,2026-06-26,2026-09-21,Economy,Desktop
S005168,U0118,Bengaluru,London,2026-03-08,2026-08-12,Economy,Desktop
S005169,U0365,Mumbai,Singapore,2026-02-24,2026-05-15,Business,Mobile
S005170,U0095,Delhi,New York,2026-05-12,2026-06-17,Economy,Desktop
S005171,U0256,Delhi,Dubai,2026-01-31,2026-07-03,Business,Desktop
S005172,U0044,Delhi,Paris,2026-03-07,2026-04-08,Economy,Tablet
S005173,U0436,Delhi,Dubai,2026-07-25,2026-12-06,Economy,Desktop
S005174,U0067,Delhi,Dubai,2026-04-11,2026-04-28,Economy,Mobile
S005175,U0156,Delhi,New York,2026-03-05,2026-03-31,Business,Mobile
S005176,U0323,Bengaluru,London,2026-01-31,2026-06-04,Economy,Mobile
S005177,U0206,Delhi,London,2026-04-27,2026-06-28,Business,Desktop
S005178,U0274,Delhi,London,2026-07-10,2027-01-05,Business,Desktop
S005179,U0155,Mumbai,Paris,2026-03-07,2026-04-29,Economy,Mobile
S005180,U0179,Mumbai,Paris,2026-06-08,2026-09-11,Economy,Desktop
S005181,U0060,Mumbai,Dubai,2026-02-16,2026-04-21,Business,Mobile
S005182,U0074,Mumbai,New York,2026-08-23,2026-09-08,Economy,Tablet
S005183,U0049,Delhi,Singapore,2026-01-22,2026-02-19,Economy,Mobile
S005184,U0271,Mumbai,New York,2026-07-21,2026-10-06,Business,Mobile
S005185,U0467,Delhi,Bangkok,2026-04-04,2026-05-04,Business,Mobile
S005186,U0073,Delhi,London,2026-08-13,2026-11-23,Economy,Mobile
S005187,U0196,Mumbai,Paris,2026-03-24,2026-04-06,Economy,Desktop
S005188,U0399,Mumbai,Singapore,2026-02-15,2026-05-04,Economy,Mobile
S005189,U0179,Delhi,New York,2026-03-30,2026-08-10,Economy,Desktop
S005190,U0048,Bengaluru,London,2026-07-05,2026-08-18,Economy,Mobile
S005191,U0072,Bengaluru,Dubai,2026-04-29,2026-10-01,Economy,Mobile
S005192,U0113,Delhi,London,2026-07-08,2026-11-27,Economy,Desktop
S005193,U0245,Delhi,London,2026-02-15,2026-06-22,Business,Tablet
S005194,U0385,Delhi,Dubai,2026-01-01,2026-04-06,Business,Mobile
S005195,U0391,Hyderabad,Dubai,2026-04-06,2026-05-10,Business,Tablet
S005196,U0309,Delhi,Paris,2026-06-02,2026-09-08,Business,Desktop
S005197,U0159,Mumbai,New York,2026-03-02,2026-05-01,Economy,Mobile
S005198,U0274,Delhi,London,2026-04-15,2026-09-27,Economy,Desktop
S005199,U0268,Delhi,Tokyo,2026-03-22,2026-07-22,Business,Mobile
S005200,U0304,Mumbai,Paris,2026-01-14,2026-05-16,Economy,Mobile
S005201,U0030,Bengaluru,London,2026-02-14,2026-06-20,Economy,Desktop
S005202,U0097,Mumbai,London,2026-03-18,2026-05-04,Economy,Mobile
S005203,U0251,Delhi,London,2026-08-18,2026-09-30,Economy,Mobile
S005204,U0495,Delhi,New York,2026-06-16,2026-10-25,Economy,Mobile
S005205,U0007,Delhi,Paris,2026-03-07,2026-08-26,Economy,Desktop
S005206,U0092,Delhi,London,2026-02-01,2026-04-24,Economy,Desktop
S005207,U0113,Mumbai,New York,2026-04-06,2026-05-19,Business,Mobile
S005208,U0259,Mumbai,Dubai,2026-02-27,2026-06-14,Economy,Desktop
S005209,U0107,Delhi,Paris,2026-04-14,2026-05-21,Business,Mobile
S005210,U0063,Mumbai,Singapore,2026-02-25,2026-07-27,Business,Desktop
S005211,U0390,Delhi,Dubai,2026-05-14,2026-08-18,Business,Desktop
S005212,U0479,Mumbai,Singapore,2026-08-05,2026-08-17,Economy,Desktop
S005213,U0358,Delhi,Singapore,2026-03-08,2026-07-29,Business,Mobile
S005214,U0271,Delhi,Dubai,2026-07-29,2026-12-21,Economy,Desktop
S005215,U0199,Delhi,Bangkok,2026-06-27,2026-10-06,Economy,Mobile
S005216,U0427,Delhi,London,2026-04-28,2026-08-31,Business,Desktop
S005217,U0478,Mumbai,London,2026-02-07,2026-06-03,Economy,Mobile
S005218,U0347,Delhi,London,2026-08-23,2026-12-27,Economy,Mobile
S005219,U0337,Delhi,London,2026-05-11,2026-09-24,Economy,Mobile
S005220,U0146,Mumbai,Dubai,2026-04-22,2026-08-29,Economy,Mobile
S005221,U0406,Delhi,London,2026-05-13,2026-06-17,Economy,Desktop
S005222,U0061,Delhi,New York,2026-06-01,2026-09-25,First,Desktop
S005223,U0120,Delhi,London,2026-02-23,2026-06-30,Economy,Mobile
S005224,U0061,Bengaluru,London,2026-02-03,2026-04-19,Economy,Mobile
S005225,U0309,Delhi,London,2026-08-27,2027-01-31,Business,Mobile
S005226,U0026,Delhi,London,2026-08-28,2026-09-10,Business,Desktop
S005227,U0115,Mumbai,Dubai,2026-02-08,2026-06-22,First,Mobile
S005228,U0475,Delhi,Tokyo,2026-04-22,2026-06-23,Business,Mobile
S005229,U0040,Mumbai,New York,2026-03-29,2026-08-09,Business,Mobile
S005230,U0344,Mumbai,Paris,2026-08-16,2026-11-07,First,Desktop
S005231,U0116,Delhi,Dubai,2026-08-08,2026-10-15,Economy,Mobile
S005232,U0136,Delhi,Bangkok,2026-02-17,2026-05-08,Business,Mobile
S005233,U0277,Delhi,London,2026-02-18,2026-03-11,Business,Desktop
S005234,U0477,Mumbai,Dubai,2026-02-03,2026-04-03,Business,Mobile
S005235,U0299,Mumbai,New York,2026-07-27,2027-01-20,First,Mobile
S005236,U0021,Mumbai,London,2026-04-10,2026-08-14,Economy,Mobile
S005237,U0387,Hyderabad,Dubai,2026-05-15,2026-06-25,Economy,Tablet
S005238,U0031,Delhi,London,2026-01-18,2026-02-07,First,Mobile
S005239,U0247,Hyderabad,Dubai,2026-03-11,2026-06-18,Economy,Mobile
S005240,U0411,Mumbai,New York,2026-04-24,2026-08-30,Business,Mobile
S005241,U0494,Delhi,New York,2026-08-08,2026-09-01,Economy,Desktop
S005242,U0027,Delhi,London,2026-08-19,2027-01-01,Business,Mobile
S005243,U0073,Mumbai,Dubai,2026-02-03,2026-06-14,First,Desktop
S005244,U0441,Bengaluru,Dubai,2026-02-20,2026-03-25,Economy,Desktop
S005245,U0097,Mumbai,London,2026-04-15,2026-06-24,Economy,Tablet
S005246,U0161,Bengaluru,London,2026-04-03,2026-06-08,Economy,Desktop
S005247,U0346,Hyderabad,Dubai,2026-07-15,2027-01-06,Business,Mobile
S005248,U0476,Mumbai,Dubai,2026-05-22,2026-10-24,Business,Mobile
S005249,U0300,Delhi,New York,2026-03-10,2026-03-30,Economy,Mobile
S005250,U0299,Bengaluru,London,2026-03-30,2026-07-30,Economy,Desktop
S005251,U0287,Delhi,Dubai,2026-04-13,2026-09-14,Business,Desktop
S005252,U0373,Delhi,Dubai,2026-05-16,2026-08-22,Business,Desktop
S005253,U0449,Delhi,Singapore,2026-05-23,2026-08-22,Economy,Mobile
S005254,U0212,Mumbai,London,2026-03-24,2026-06-25,Economy,Desktop
S005255,U0076,Delhi,Paris,2026-07-06,2026-11-28,Business,Desktop
S005256,U0401,Delhi,London,2026-01-11,2026-05-17,Business,Desktop
S005257,U0143,Hyderabad,Dubai,2026-05-28,2026-08-26,First,Desktop
S005258,U0034,Delhi,London,2026-07-02,2026-08-01,Economy,Desktop
S005259,U0498,Mumbai,New York,2026-02-05,2026-06-10,Business,Mobile
S005260,U0336,Delhi,New York,2026-03-23,2026-06-26,Economy,Mobile
S005261,U0004,Delhi,Dubai,2026-05-22,2026-07-04,First,Mobile
S005262,U0328,Delhi,Dubai,2026-07-05,2026-10-05,Economy,Mobile
S005263,U0098,Mumbai,Paris,2026-02-07,2026-06-20,Economy,Mobile
S005264,U0366,Delhi,Tokyo,2026-03-30,2026-09-04,Economy,Desktop
S005265,U0217,Mumbai,Dubai,2026-07-27,2026-08-17,Business,Desktop
S005266,U0463,Delhi,Singapore,2026-07-29,2026-08-16,Economy,Mobile
S005267,U0028,Mumbai,London,2026-01-01,2026-04-12,Economy,Mobile
S005268,U0201,Delhi,London,2026-04-14,2026-05-21,Business,Mobile
S005269,U0386,Bengaluru,London,2026-03-06,2026-06-14,Economy,Mobile
S005270,U0273,Delhi,Bangkok,2026-01-01,2026-04-01,Economy,Mobile
S005271,U0314,Mumbai,Dubai,2026-08-01,2026-10-18,Economy,Tablet
S005272,U0127,Hyderabad,Dubai,2026-05-05,2026-06-24,Business,Mobile
S005273,U0202,Delhi,London,2026-03-01,2026-04-06,Business,Mobile
S005274,U0009,Bengaluru,London,2026-01-25,2026-03-07,Business,Mobile
S005275,U0287,Delhi,Singapore,2026-04-01,2026-04-28,First,Desktop
S005276,U0450,Delhi,Singapore,2026-05-18,2026-09-12,Economy,Desktop
S005277,U0088,Delhi,Singapore,2026-02-19,2026-04-29,Business,Mobile
S005278,U0318,Mumbai,Dubai,2026-05-20,2026-08-26,Economy,Desktop
S005279,U0019,Delhi,Paris,2026-04-02,2026-08-31,Economy,Desktop
S005280,U0081,Delhi,Paris,2026-02-01,2026-02-19,Economy,Mobile
S005281,U0107,Mumbai,Dubai,2026-02-02,2026-07-04,Economy,Mobile
S005282,U0497,Delhi,Bangkok,2026-07-19,2026-10-25,Economy,Mobile
S005283,U0458,Mumbai,London,2026-08-22,2026-10-27,Economy,Mobile
S005284,U0498,Delhi,Paris,2026-01-26,2026-04-09,Business,Desktop
S005285,U0311,Delhi,Dubai,2026-02-11,2026-06-12,Economy,Mobile
S005286,U0412,Delhi,Dubai,2026-06-27,2026-07-18,Business,Mobile
S005287,U0230,Mumbai,London,2026-03-02,2026-03-24,Economy,Mobile
S005288,U0112,Delhi,New York,2026-02-10,2026-03-10,Economy,Mobile
S005289,U0220,Mumbai,New York,2026-07-04,2026-11-05,Economy,Desktop
S005290,U0123,Delhi,Singapore,2026-05-10,2026-09-06,Economy,Mobile
S005291,U0498,Delhi,London,2026-04-09,2026-07-19,Economy,Mobile
S005292,U0244,Mumbai,London,2026-04-08,2026-09-20,Business,Desktop
S005293,U0178,Bengaluru,London,2026-07-17,2026-07-24,Business,Mobile
S005294,U0065,Bengaluru,London,2026-01-31,2026-04-22,Economy,Mobile
S005295,U0380,Delhi,Dubai,2026-05-31,2026-06-12,Economy,Mobile
S005296,U0003,Delhi,London,2026-07-23,2026-10-24,Business,Mobile
S005297,U0207,Delhi,Paris,2026-07-01,2026-11-21,Economy,Mobile
S005298,U0436,Delhi,Dubai,2026-04-25,2026-07-02,Economy,Mobile
S005299,U0394,Delhi,London,2026-06-05,2026-08-08,Economy,Mobile
S005300,U0021,Delhi,London,2026-07-26,2026-11-17,Business,Desktop
S005301,U0293,Delhi,Singapore,2026-05-27,2026-06-21,Business,Mobile
S005302,U0015,Mumbai,Singapore,2026-07-23,2026-11-15,Business,Tablet
S005303,U0343,Mumbai,New York,2026-02-17,2026-07-14,Economy,Mobile
S005304,U0206,Mumbai,Dubai,2026-01-02,2026-05-11,Economy,Desktop
S005305,U0463,Delhi,Paris,2026-05-19,2026-11-01,Economy,Desktop
S005306,U0202,Delhi,Dubai,2026-06-21,2026-10-05,Business,Mobile
S005307,U0120,Delhi,Bangkok,2026-04-11,2026-04-26,Business,Desktop
S005308,U0137,Delhi,New York,2026-07-06,2026-08-30,Economy,Desktop
S005309,U0300,Delhi,New York,2026-05-08,2026-10-26,Economy,Mobile
S005310,U0295,Delhi,Dubai,2026-02-28,2026-04-06,Economy,Tablet
S005311,U0389,Delhi,London,2026-04-30,2026-10-12,Economy,Mobile
S005312,U0025,Delhi,Singapore,2026-02-07,2026-04-13,Economy,Mobile
S005313,U0312,Mumbai,New York,2026-06-02,2026-11-02,Business,Desktop
S005314,U0234,Delhi,London,2026-04-17,2026-08-31,First,Mobile
S005315,U0121,Bengaluru,Dubai,2026-01-21,2026-03-13,Economy,Desktop
S005316,U0090,Hyderabad,Dubai,2026-02-11,2026-05-24,Economy,Desktop
S005317,U0320,Delhi,New York,2026-06-13,2026-08-01,Economy,Tablet
S005318,U0200,Bengaluru,Dubai,2026-05-17,2026-08-29,Economy,Mobile
S005319,U0470,Delhi,Dubai,2026-05-20,2026-05-27,Economy,Tablet
S005320,U0180,Delhi,London,2026-01-10,2026-05-27,Business,Mobile
S005321,U0345,Delhi,London,2026-07-06,2026-10-11,Economy,Mobile
S005322,U0368,Delhi,New York,2026-08-26,2026-10-15,First,Mobile
S005323,U0076,Delhi,London,2026-05-13,2026-10-01,Business,Desktop
S005324,U0137,Bengaluru,Dubai,2026-02-02,2026-03-13,Business,Mobile
S005325,U0138,Delhi,Dubai,2026-03-10,2026-07-31,Economy,Desktop
S005326,U0496,Mumbai,Dubai,2026-03-21,2026-04-26,Business,Mobile
S005327,U0010,Delhi,Bangkok,2026-07-10,2026-12-09,Economy,Mobile
S005328,U0201,Mumbai,Dubai,2026-04-11,2026-06-12,Economy,Tablet
S005329,U0318,Mumbai,Dubai,2026-08-17,2026-12-06,Economy,Mobile
S005330,U0346,Mumbai,New York,2026-01-29,2026-03-07,First,Mobile
S005331,U0483,Mumbai,Dubai,2026-05-26,2026-08-29,Economy,Desktop
S005332,U0219,Mumbai,Dubai,2026-08-09,2026-08-16,Economy,Mobile
S005333,U0060,Mumbai,Dubai,2026-05-14,2026-09-07,Economy,Desktop
S005334,U0479,Mumbai,Singapore,2026-02-22,2026-05-21,Economy,Mobile
S005335,U0147,Hyderabad,Dubai,2026-07-29,2026-08-23,Economy,Mobile
S005336,U0107,Delhi,Bangkok,2026-06-09,2026-10-08,Economy,Mobile
S005337,U0038,Mumbai,Dubai,2026-05-04,2026-09-13,Business,Mobile
S005338,U0134,Mumbai,London,2026-02-11,2026-04-22,Economy,Desktop
S005339,U0399,Delhi,Singapore,2026-02-16,2026-04-16,Business,Mobile
S005340,U0221,Hyderabad,Dubai,2026-06-08,2026-06-20,Business,Desktop
S005341,U0303,Delhi,Dubai,2026-07-09,2026-08-01,Economy,Mobile
S005342,U0429,Mumbai,London,2026-07-03,2026-08-24,Business,Mobile
S005343,U0133,Delhi,Paris,2026-01-11,2026-05-15,Business,Desktop
S005344,U0334,Hyderabad,Dubai,2026-06-03,2026-08-21,Business,Desktop
S005345,U0053,Delhi,Dubai,2026-08-08,2026-11-23,Business,Desktop
S005346,U0450,Mumbai,Dubai,2026-06-04,2026-09-09,Business,Desktop
S005347,U0062,Mumbai,Dubai,2026-03-24,2026-04-05,Economy,Mobile
S005348,U0023,Delhi,London,2026-07-04,2026-10-27,Business,Desktop
S005349,U0044,Mumbai,New York,2026-04-19,2026-06-04,Economy,Mobile
S005350,U0308,Bengaluru,London,2026-01-27,2026-05-04,Business,Mobile
S005351,U0046,Mumbai,New York,2026-07-06,2026-09-16,Economy,Desktop
S005352,U0147,Delhi,London,2026-03-03,2026-07-24,Business,Mobile
S005353,U0216,Delhi,London,2026-05-28,2026-06-14,Economy,Desktop
S005354,U0340,Mumbai,Dubai,2026-05-11,2026-10-12,Business,Mobile
S005355,U0047,Mumbai,Dubai,2026-05-24,2026-09-23,Business,Mobile
S005356,U0347,Mumbai,Paris,2026-04-13,2026-06-01,Business,Mobile
S005357,U0308,Delhi,Dubai,2026-02-13,2026-04-18,Business,Desktop
S005358,U0024,Delhi,London,2026-04-03,2026-09-10,Economy,Mobile
S005359,U0145,Delhi,Singapore,2026-07-26,2026-09-08,Business,Mobile
S005360,U0089,Delhi,Singapore,2026-01-30,2026-05-10,Business,Desktop
S005361,U0174,Delhi,Singapore,2026-06-17,2026-07-29,Business,Mobile
S005362,U0064,Delhi,Bangkok,2026-04-29,2026-05-11,First,Mobile
S005363,U0119,Delhi,London,2026-07-12,2026-11-26,Economy,Desktop
S005364,U0223,Bengaluru,London,2026-01-29,2026-04-10,Economy,Desktop
S005365,U0156,Mumbai,London,2026-01-30,2026-06-09,Economy,Mobile
S005366,U0178,Mumbai,Dubai,2026-04-14,2026-08-15,Business,Desktop
S005367,U0320,Bengaluru,Dubai,2026-04-20,2026-05-14,Economy,Mobile
S005368,U0412,Mumbai,Dubai,2026-02-01,2026-07-08,Business,Mobile
S005369,U0342,Mumbai,New York,2026-05-18,2026-08-28,Economy,Desktop
S005370,U0056,Mumbai,Dubai,2026-08-07,2027-01-17,Business,Desktop
S005371,U0059,Mumbai,Singapore,2026-02-20,2026-07-27,Business,Mobile
S005372,U0389,Mumbai,Paris,2026-05-16,2026-09-27,Economy,Mobile
S005373,U0438,Delhi,Tokyo,2026-06-28,2026-08-09,Business,Mobile
S005374,U0428,Delhi,Bangkok,2026-02-05,2026-04-22,Business,Mobile
S005375,U0426,Delhi,New York,2026-08-22,2026-12-01,Economy,Desktop
S005376,U0456,Mumbai,Dubai,2026-02-24,2026-07-14,Economy,Mobile
S005377,U0381,Bengaluru,London,2026-06-12,2026-11-27,Economy,Mobile
S005378,U0486,Bengaluru,London,2026-02-05,2026-03-27,Business,Desktop
S005379,U0220,Delhi,London,2026-08-28,2026-10-17,Economy,Desktop
S005380,U0185,Delhi,Singapore,2026-02-25,2026-03-30,Economy,Mobile
S005381,U0047,Delhi,Bangkok,2026-02-05,2026-05-22,Economy,Desktop
S005382,U0460,Mumbai,Singapore,2026-03-30,2026-05-27,Economy,Desktop
S005383,U0377,Mumbai,London,2026-07-31,2027-01-23,Business,Mobile
S005384,U0409,Delhi,Tokyo,2026-07-08,2026-08-08,Business,Desktop
S005385,U0102,Delhi,Dubai,2026-03-03,2026-05-22,Economy,Desktop
S005386,U0044,Delhi,Dubai,2026-04-19,2026-06-03,Business,Mobile
S005387,U0015,Bengaluru,London,2026-07-28,2027-01-17,Business,Mobile
S005388,U0236,Mumbai,London,2026-03-28,2026-08-21,Economy,Desktop
S005389,U0361,Delhi,Paris,2026-06-02,2026-10-25,Economy,Mobile
S005390,U0051,Delhi,Dubai,2026-08-28,2026-12-25,Business,Mobile
S005391,U0309,Mumbai,Dubai,2026-03-05,2026-03-14,Business,Mobile
S005392,U0034,Delhi,Dubai,2026-07-07,2026-11-05,Business,Desktop
S005393,U0124,Bengaluru,Dubai,2026-02-26,2026-03-26,Economy,Mobile
S005394,U0493,Delhi,Singapore,2026-04-23,2026-05-03,Business,Mobile
S005395,U0077,Mumbai,London,2026-08-11,2026-12-31,Business,Mobile
S005396,U0392,Delhi,London,2026-03-11,2026-03-31,Business,Desktop
S005397,U0123,Delhi,Dubai,2026-08-15,2026-09-04,First,Mobile
S005398,U0205,Delhi,Singapore,2026-06-29,2026-07-21,First,Mobile
S005399,U0228,Delhi,London,2026-07-03,2026-12-16,Business,Mobile
S005400,U0070,Mumbai,Singapore,2026-07-10,2026-09-18,Economy,Mobile
S005401,U0230,Delhi,Singapore,2026-07-15,2026-08-06,Business,Mobile
S005402,U0480,Delhi,Paris,2026-08-20,2026-10-17,Economy,Desktop
S005403,U0021,Bengaluru,London,2026-01-20,2026-02-14,Business,Desktop
S005404,U0108,Delhi,Singapore,2026-08-21,2026-11-04,Economy,Desktop
S005405,U0364,Mumbai,Dubai,2026-02-23,2026-07-19,Business,Mobile
S005406,U0241,Delhi,Paris,2026-01-01,2026-04-10,Economy,Mobile
S005407,U0251,Bengaluru,London,2026-08-25,2026-09-05,Business,Tablet
S005408,U0135,Delhi,Dubai,2026-03-31,2026-05-18,Economy,Mobile
S005409,U0090,Bengaluru,Dubai,2026-08-14,2026-09-06,Economy,Desktop
S005410,U0079,Delhi,London,2026-05-18,2026-09-12,Business,Desktop
S005411,U0440,Delhi,London,2026-05-31,2026-08-17,Business,Desktop
S005412,U0177,Delhi,Dubai,2026-06-28,2026-10-16,Economy,Mobile
S005413,U0298,Delhi,Tokyo,2026-04-23,2026-08-01,Economy,Mobile
S005414,U0407,Mumbai,Singapore,2026-06-01,2026-06-17,Economy,Mobile
S005415,U0308,Mumbai,Paris,2026-01-13,2026-02-04,Business,Desktop
S005416,U0102,Mumbai,Dubai,2026-06-06,2026-11-03,First,Desktop
S005417,U0361,Mumbai,Singapore,2026-07-05,2026-08-22,Business,Desktop
S005418,U0335,Mumbai,London,2026-04-20,2026-04-29,Economy,Mobile
S005419,U0112,Delhi,Bangkok,2026-04-01,2026-09-05,Economy,Desktop
S005420,U0181,Delhi,London,2026-04-05,2026-08-10,First,Desktop
S005421,U0104,Mumbai,Dubai,2026-02-12,2026-07-24,Economy,Mobile
S005422,U0016,Delhi,Dubai,2026-05-18,2026-11-13,Business,Mobile
S005423,U0096,Delhi,Bangkok,2026-06-08,2026-07-08,Economy,Desktop
S005424,U0293,Delhi,Singapore,2026-08-19,2026-09-13,Business,Mobile
S005425,U0146,Delhi,Singapore,2026-03-15,2026-06-04,Business,Mobile
S005426,U0404,Delhi,Singapore,2026-08-04,2026-09-19,Economy,Mobile
S005427,U0302,Hyderabad,Dubai,2026-08-13,2026-10-04,Business,Desktop
S005428,U0002,Delhi,Bangkok,2026-01-14,2026-03-01,Business,Mobile
S005429,U0119,Bengaluru,London,2026-04-09,2026-06-16,Economy,Mobile
S005430,U0343,Mumbai,Dubai,2026-04-19,2026-05-13,Economy,Desktop
S005431,U0094,Delhi,Dubai,2026-06-11,2026-11-04,Business,Desktop
S005432,U0191,Bengaluru,Dubai,2026-05-25,2026-10-20,Economy,Desktop
S005433,U0003,Delhi,Singapore,2026-05-29,2026-08-25,Business,Mobile
S005434,U0430,Mumbai,Dubai,2026-04-06,2026-07-29,Economy,Desktop
S005435,U0487,Mumbai,Singapore,2026-07-14,2026-08-01,Economy,Desktop
S005436,U0111,Bengaluru,Dubai,2026-02-27,2026-06-17,Economy,Tablet
S005437,U0177,Mumbai,London,2026-07-26,2027-01-03,Economy,Mobile
S005438,U0257,Delhi,New York,2026-05-16,2026-10-03,Economy,Mobile
S005439,U0361,Mumbai,Paris,2026-04-06,2026-07-09,Economy,Mobile
S005440,U0022,Delhi,Singapore,2026-02-07,2026-06-08,Business,Desktop
S005441,U0477,Mumbai,Dubai,2026-06-03,2026-07-12,First,Mobile
S005442,U0398,Hyderabad,Dubai,2026-03-05,2026-07-07,Business,Mobile
S005443,U0496,Bengaluru,Dubai,2026-06-07,2026-09-01,Economy,Mobile
S005444,U0220,Delhi,Bangkok,2026-01-09,2026-01-27,First,Mobile
S005445,U0469,Bengaluru,London,2026-05-01,2026-08-10,Economy,Mobile
S005446,U0173,Mumbai,Dubai,2026-02-01,2026-04-01,Economy,Tablet
S005447,U0224,Bengaluru,Dubai,2026-01-11,2026-01-30,Economy,Desktop
S005448,U0390,Mumbai,Dubai,2026-08-02,2026-12-08,Economy,Mobile
S005449,U0065,Mumbai,Paris,2026-06-11,2026-09-27,Business,Mobile
S005450,U0277,Bengaluru,Dubai,2026-04-15,2026-08-30,Economy,Mobile
S005451,U0249,Mumbai,New York,2026-05-26,2026-07-29,Business,Desktop
S005452,U0260,Mumbai,Paris,2026-05-27,2026-06-06,Economy,Mobile
S005453,U0131,Mumbai,Paris,2026-07-01,2026-12-27,Business,Tablet
S005454,U0113,Delhi,Dubai,2026-03-23,2026-06-03,Business,Desktop
S005455,U0286,Bengaluru,London,2026-02-06,2026-06-07,Economy,Mobile
S005456,U0287,Delhi,London,2026-03-23,2026-05-04,Business,Desktop
S005457,U0418,Mumbai,Singapore,2026-01-12,2026-02-10,Business,Desktop
S005458,U0211,Delhi,Dubai,2026-01-04,2026-01-29,Business,Mobile
S005459,U0020,Delhi,Singapore,2026-08-27,2026-10-12,Business,Mobile
S005460,U0215,Delhi,Bangkok,2026-02-12,2026-05-01,Business,Desktop
S005461,U0310,Hyderabad,Dubai,2026-06-04,2026-11-01,Economy,Mobile
S005462,U0251,Mumbai,London,2026-02-20,2026-04-25,Business,Mobile
S005463,U0488,Mumbai,Singapore,2026-01-05,2026-04-28,Economy,Mobile
S005464,U0382,Mumbai,Singapore,2026-05-14,2026-06-07,Economy,Mobile
S005465,U0409,Bengaluru,Dubai,2026-07-24,2026-09-04,Business,Mobile
S005466,U0271,Mumbai,Singapore,2026-03-28,2026-09-02,Economy,Desktop
S005467,U0422,Bengaluru,London,2026-04-16,2026-08-29,Economy,Desktop
S005468,U0407,Bengaluru,Dubai,2026-02-25,2026-03-04,Economy,Desktop
S005469,U0180,Mumbai,London,2026-08-05,2026-10-14,Economy,Desktop
S005470,U0194,Delhi,Tokyo,2026-04-20,2026-06-27,Economy,Desktop
S005471,U0441,Bengaluru,Dubai,2026-03-09,2026-07-03,First,Tablet
S005472,U0313,Bengaluru,Dubai,2026-04-06,2026-09-23,Economy,Mobile
S005473,U0079,Mumbai,Dubai,2026-02-13,2026-05-05,Business,Desktop
S005474,U0180,Delhi,Singapore,2026-05-23,2026-10-22,Economy,Mobile
S005475,U0492,Delhi,Tokyo,2026-03-31,2026-04-22,Business,Desktop
S005476,U0163,Mumbai,London,2026-02-11,2026-03-06,First,Desktop
S005477,U0202,Mumbai,New York,2026-05-19,2026-06-18,Economy,Desktop
S005478,U0014,Delhi,Dubai,2026-03-14,2026-06-26,Business,Mobile
S005479,U0347,Delhi,London,2026-01-11,2026-05-27,First,Mobile
S005480,U0246,Delhi,Singapore,2026-07-13,2026-12-04,Business,Mobile
S005481,U0014,Delhi,New York,2026-08-25,2026-09-14,Economy,Mobile
S005482,U0099,Delhi,Singapore,2026-06-04,2026-09-30,Business,Mobile
S005483,U0033,Delhi,New York,2026-02-27,2026-05-10,Business,Mobile
S005484,U0436,Mumbai,Singapore,2026-08-06,2026-11-02,Economy,Desktop
S005485,U0257,Bengaluru,London,2026-07-19,2026-10-26,Economy,Mobile
S005486,U0034,Mumbai,New York,2026-05-08,2026-07-25,Economy,Desktop
S005487,U0019,Delhi,Singapore,2026-01-21,2026-05-08,Economy,Mobile
S005488,U0152,Delhi,Singapore,2026-01-21,2026-03-17,Business,Mobile
S005489,U0490,Delhi,Dubai,2026-03-13,2026-06-17,Economy,Desktop
S005490,U0260,Mumbai,Singapore,2026-05-09,2026-06-21,Economy,Desktop
S005491,U0164,Delhi,New York,2026-04-12,2026-09-26,Business,Mobile
S005492,U0077,Mumbai,Singapore,2026-07-05,2026-12-08,Economy,Desktop
S005493,U0314,Mumbai,London,2026-01-13,2026-03-30,Economy,Desktop
S005494,U0416,Delhi,Paris,2026-03-14,2026-04-22,Business,Desktop
S005495,U0137,Delhi,London,2026-08-08,2026-09-11,Economy,Desktop
S005496,U0359,Bengaluru,Dubai,2026-01-06,2026-04-10,Economy,Mobile
S005497,U0208,Delhi,London,2026-08-27,2026-09-06,Economy,Desktop
S005498,U0242,Hyderabad,Dubai,2026-08-03,2026-10-14,Business,Desktop
S005499,U0067,Delhi,Singapore,2026-04-22,2026-07-14,Business,Tablet
S005500,U0116,Delhi,Singapore,2026-08-16,2026-12-10,Business,Desktop
S005501,U0404,Mumbai,Dubai,2026-07-05,2026-08-29,Economy,Desktop
S005502,U0202,Delhi,London,2026-01-17,2026-05-31,Business,Mobile
S005503,U0376,Mumbai,Dubai,2026-03-14,2026-08-06,Business,Mobile
S005504,U0250,Delhi,Dubai,2026-01-12,2026-02-22,Economy,Desktop
S005505,U0446,Bengaluru,London,2026-03-27,2026-09-16,First,Desktop
S005506,U0442,Mumbai,London,2026-06-29,2026-11-20,Business,Mobile
S005507,U0278,Delhi,Paris,2026-05-02,2026-07-21,Economy,Mobile
S005508,U0112,Delhi,Dubai,2026-07-23,2026-10-06,Economy,Desktop
S005509,U0451,Delhi,Tokyo,2026-03-11,2026-08-15,Economy,Mobile
S005510,U0331,Mumbai,Singapore,2026-04-18,2026-05-28,Economy,Mobile
S005511,U0473,Delhi,Dubai,2026-07-20,2026-11-27,Business,Mobile
S005512,U0234,Delhi,Singapore,2026-02-21,2026-06-18,First,Desktop
S005513,U0176,Delhi,Dubai,2026-02-06,2026-03-16,Economy,Mobile
S005514,U0392,Delhi,Dubai,2026-04-27,2026-05-19,Business,Mobile
S005515,U0457,Mumbai,Singapore,2026-01-03,2026-03-18,Business,Desktop
S005516,U0143,Bengaluru,London,2026-08-14,2026-10-13,Economy,Desktop
S005517,U0032,Bengaluru,Dubai,2026-01-08,2026-05-18,Business,Mobile
S005518,U0181,Mumbai,Singapore,2026-05-18,2026-10-27,First,Mobile
S005519,U0067,Hyderabad,Dubai,2026-02-16,2026-06-14,Economy,Desktop
S005520,U0004,Bengaluru,Dubai,2026-06-18,2026-08-23,Economy,Desktop
S005521,U0286,Delhi,Bangkok,2026-03-05,2026-05-28,Economy,Mobile
S005522,U0269,Mumbai,Singapore,2026-02-11,2026-05-04,Economy,Mobile
S005523,U0236,Delhi,Dubai,2026-02-12,2026-04-19,Economy,Desktop
S005524,U0277,Mumbai,Dubai,2026-05-05,2026-08-04,Economy,Tablet
S005525,U0041,Mumbai,New York,2026-05-17,2026-09-12,Economy,Mobile
S005526,U0121,Delhi,Singapore,2026-01-14,2026-04-10,Business,Mobile
S005527,U0494,Delhi,Dubai,2026-08-17,2026-12-19,Economy,Mobile
S005528,U0275,Mumbai,Singapore,2026-04-01,2026-09-26,Economy,Mobile
S005529,U0231,Delhi,London,2026-08-21,2026-08-29,Business,Mobile
S005530,U0304,Delhi,Paris,2026-08-12,2026-09-10,Business,Mobile
S005531,U0086,Delhi,London,2026-05-12,2026-07-03,Economy,Desktop
S005532,U0063,Mumbai,New York,2026-01-02,2026-03-22,Economy,Mobile
S005533,U0404,Mumbai,Paris,2026-04-25,2026-06-24,Business,Desktop
S005534,U0192,Delhi,Dubai,2026-08-13,2026-10-29,Economy,Desktop
S005535,U0293,Mumbai,Singapore,2026-08-01,2026-12-10,Economy,Desktop
S005536,U0031,Mumbai,Paris,2026-01-01,2026-03-29,Economy,Tablet
S005537,U0330,Mumbai,Dubai,2026-08-24,2026-09-08,Economy,Desktop
S005538,U0146,Delhi,Dubai,2026-03-16,2026-05-31,Economy,Desktop
S005539,U0107,Mumbai,London,2026-03-06,2026-08-31,Economy,Mobile
S005540,U0359,Delhi,New York,2026-06-23,2026-09-21,Business,Mobile
S005541,U0110,Delhi,New York,2026-07-06,2026-09-24,Business,Mobile
S005542,U0276,Delhi,Dubai,2026-07-22,2026-10-09,First,Mobile
S005543,U0210,Delhi,Singapore,2026-05-05,2026-05-23,Economy,Mobile
S005544,U0139,Mumbai,Dubai,2026-05-15,2026-06-22,Economy,Desktop
S005545,U0086,Delhi,Bangkok,2026-03-07,2026-08-22,Business,Mobile
S005546,U0044,Mumbai,London,2026-05-23,2026-08-20,Business,Desktop
S005547,U0082,Delhi,Bangkok,2026-03-13,2026-04-21,Economy,Mobile
S005548,U0064,Delhi,Singapore,2026-04-26,2026-07-05,Economy,Desktop
S005549,U0378,Delhi,Paris,2026-05-01,2026-06-24,Economy,Mobile
S005550,U0418,Mumbai,Singapore,2026-02-16,2026-03-10,Economy,Tablet
S005551,U0343,Mumbai,New York,2026-03-31,2026-07-29,Economy,Mobile
S005552,U0321,Delhi,Singapore,2026-02-09,2026-07-16,First,Tablet
S005553,U0055,Delhi,Paris,2026-02-11,2026-03-15,Economy,Mobile
S005554,U0074,Delhi,Singapore,2026-06-28,2026-08-27,First,Desktop
S005555,U0373,Delhi,Singapore,2026-02-04,2026-08-01,Business,Mobile
S005556,U0129,Mumbai,Singapore,2026-08-26,2026-10-08,Economy,Desktop
S005557,U0256,Delhi,Bangkok,2026-08-21,2026-09-05,Business,Desktop
S005558,U0422,Bengaluru,London,2026-02-10,2026-03-01,Business,Desktop
S005559,U0231,Mumbai,London,2026-03-26,2026-05-31,Economy,Mobile
S005560,U0497,Bengaluru,London,2026-05-04,2026-08-24,Economy,Desktop
S005561,U0137,Mumbai,New York,2026-02-26,2026-07-08,Economy,Mobile
S005562,U0351,Bengaluru,Dubai,2026-02-07,2026-05-04,Business,Mobile
S005563,U0455,Delhi,Bangkok,2026-07-19,2026-11-30,Business,Mobile
S005564,U0401,Mumbai,New York,2026-08-23,2027-01-06,Economy,Mobile
S005565,U0355,Mumbai,London,2026-04-06,2026-06-11,Economy,Desktop
S005566,U0112,Mumbai,Paris,2026-05-16,2026-09-14,Economy,Mobile
S005567,U0485,Delhi,New York,2026-08-24,2026-10-12,Economy,Mobile
S005568,U0308,Hyderabad,Dubai,2026-07-21,2026-12-21,Business,Desktop
S005569,U0146,Mumbai,Dubai,2026-03-04,2026-07-12,Business,Tablet
S005570,U0447,Delhi,London,2026-03-28,2026-08-20,Business,Desktop
S005571,U0033,Delhi,London,2026-05-12,2026-07-04,Business,Desktop
S005572,U0260,Mumbai,New York,2026-06-25,2026-09-02,Business,Desktop
S005573,U0087,Bengaluru,Dubai,2026-02-21,2026-07-12,Business,Desktop
S005574,U0331,Delhi,London,2026-02-07,2026-05-18,Business,Tablet
S005575,U0436,Delhi,Paris,2026-08-10,2026-12-17,Economy,Mobile
S005576,U0265,Bengaluru,London,2026-08-21,2026-09-27,First,Mobile
S005577,U0320,Delhi,Paris,2026-03-28,2026-05-28,Economy,Desktop
S005578,U0030,Mumbai,London,2026-01-05,2026-06-13,Economy,Tablet
S005579,U0392,Delhi,Bangkok,2026-08-01,2026-09-06,Economy,Mobile
S005580,U0232,Delhi,London,2026-04-30,2026-06-11,Economy,Desktop
S005581,U0389,Delhi,Paris,2026-03-11,2026-05-06,Business,Desktop
S005582,U0076,Mumbai,Dubai,2026-04-23,2026-09-18,Economy,Mobile
S005583,U0447,Mumbai,Singapore,2026-07-28,2026-09-01,Business,Mobile
S005584,U0129,Delhi,Bangkok,2026-08-05,2027-01-13,Economy,Desktop
S005585,U0271,Mumbai,Dubai,2026-01-24,2026-05-27,Economy,Mobile
S005586,U0089,Delhi,Dubai,2026-03-27,2026-05-08,Economy,Mobile
S005587,U0466,Bengaluru,London,2026-07-24,2027-01-08,Business,Tablet
S005588,U0422,Mumbai,Singapore,2026-05-25,2026-06-21,Business,Desktop
S005589,U0170,Mumbai,Singapore,2026-07-25,2026-09-07,Economy,Desktop
S005590,U0128,Mumbai,Dubai,2026-08-14,2026-11-03,Economy,Desktop
S005591,U0174,Delhi,London,2026-08-06,2026-12-16,First,Desktop
S005592,U0437,Delhi,Singapore,2026-07-30,2026-09-11,Economy,Desktop
S005593,U0026,Delhi,Dubai,2026-01-26,2026-06-01,Economy,Mobile
S005594,U0061,Delhi,Tokyo,2026-01-03,2026-06-05,Economy,Desktop
S005595,U0488,Delhi,London,2026-01-02,2026-05-06,Economy,Desktop
S005596,U0379,Delhi,Singapore,2026-04-02,2026-04-09,Economy,Desktop
S005597,U0067,Delhi,London,2026-01-02,2026-06-25,Economy,Mobile
S005598,U0438,Delhi,London,2026-05-30,2026-07-30,Business,Mobile
S005599,U0406,Bengaluru,London,2026-03-12,2026-08-19,Business,Mobile
S005600,U0026,Mumbai,New York,2026-01-04,2026-06-30,Business,Desktop
S005601,U0083,Delhi,London,2026-02-07,2026-04-13,Business,Tablet
S005602,U0492,Delhi,London,2026-04-13,2026-06-09,Business,Tablet
S005603,U0364,Delhi,London,2026-07-31,2026-11-21,Business,Mobile
S005604,U0367,Delhi,Paris,2026-03-11,2026-08-07,Business,Mobile
S005605,U0060,Delhi,New York,2026-07-20,2026-08-03,Economy,Mobile
S005606,U0039,Delhi,London,2026-02-21,2026-06-01,Economy,Mobile
S005607,U0123,Mumbai,Singapore,2026-01-31,2026-06-28,Business,Desktop
S005608,U0292,Delhi,Paris,2026-06-03,2026-09-14,First,Desktop
S005609,U0277,Delhi,Bangkok,2026-02-05,2026-02-18,First,Mobile
S005610,U0425,Bengaluru,Dubai,2026-06-03,2026-06-27,Business,Mobile
S005611,U0374,Mumbai,London,2026-06-05,2026-06-23,Economy,Mobile
S005612,U0304,Delhi,Dubai,2026-05-13,2026-05-21,Economy,Mobile
S005613,U0282,Mumbai,Dubai,2026-04-25,2026-08-02,First,Desktop
S005614,U0191,Mumbai,Paris,2026-03-15,2026-08-17,Economy,Desktop
S005615,U0461,Hyderabad,Dubai,2026-01-18,2026-01-31,Economy,Desktop
S005616,U0292,Delhi,Singapore,2026-01-15,2026-02-02,First,Desktop
S005617,U0152,Mumbai,Dubai,2026-07-04,2026-10-02,Economy,Mobile
S005618,U0384,Delhi,Singapore,2026-04-07,2026-06-09,Business,Mobile
S005619,U0233,Mumbai,Dubai,2026-01-05,2026-03-30,Business,Mobile
S005620,U0474,Mumbai,Dubai,2026-02-06,2026-04-27,Economy,Desktop
S005621,U0405,Delhi,New York,2026-04-14,2026-05-13,Economy,Desktop
S005622,U0146,Delhi,London,2026-03-27,2026-05-02,Economy,Desktop
S005623,U0271,Mumbai,Dubai,2026-08-02,2026-11-27,Business,Mobile
S005624,U0335,Bengaluru,London,2026-05-30,2026-08-02,Economy,Desktop
S005625,U0134,Delhi,London,2026-06-29,2026-10-08,Economy,Mobile
S005626,U0171,Delhi,London,2026-01-15,2026-03-14,First,Mobile
S005627,U0415,Mumbai,Dubai,2026-01-17,2026-03-20,Economy,Mobile
S005628,U0028,Delhi,Tokyo,2026-02-20,2026-03-08,Economy,Mobile
S005629,U0136,Delhi,Paris,2026-02-14,2026-07-17,Economy,Desktop
S005630,U0413,Delhi,London,2026-07-10,2026-12-10,Economy,Desktop
S005631,U0405,Mumbai,Singapore,2026-05-02,2026-08-24,First,Mobile
S005632,U0465,Mumbai,Dubai,2026-06-05,2026-09-06,Economy,Mobile
S005633,U0376,Mumbai,New York,2026-07-06,2026-12-31,Economy,Mobile
S005634,U0241,Delhi,Paris,2026-08-02,2026-10-31,Business,Mobile
S005635,U0344,Delhi,Bangkok,2026-05-29,2026-06-08,Business,Mobile
S005636,U0442,Mumbai,Singapore,2026-06-19,2026-09-30,Economy,Desktop
S005637,U0444,Hyderabad,Dubai,2026-07-28,2026-11-23,Business,Mobile
S005638,U0434,Hyderabad,Dubai,2026-07-16,2026-12-10,Business,Desktop
S005639,U0228,Delhi,Tokyo,2026-03-23,2026-06-04,Economy,Mobile
S005640,U0287,Delhi,New York,2026-05-25,2026-10-18,Business,Mobile
S005641,U0303,Delhi,Singapore,2026-07-15,2026-10-22,First,Mobile
S005642,U0034,Mumbai,London,2026-05-15,2026-08-24,Economy,Desktop
S005643,U0002,Delhi,London,2026-03-30,2026-05-16,Business,Mobile
S005644,U0362,Mumbai,Dubai,2026-04-11,2026-09-28,First,Mobile
S005645,U0195,Delhi,Paris,2026-02-09,2026-02-17,Business,Desktop
S005646,U0094,Mumbai,New York,2026-06-17,2026-07-15,Economy,Mobile
S005647,U0328,Bengaluru,Dubai,2026-02-12,2026-07-18,Economy,Tablet
S005648,U0308,Delhi,London,2026-03-14,2026-04-30,Business,Mobile
S005649,U0135,Delhi,Dubai,2026-07-30,2026-11-08,Economy,Desktop
S005650,U0204,Mumbai,Paris,2026-06-28,2026-10-28,First,Mobile
S005651,U0250,Mumbai,London,2026-07-20,2026-11-23,Economy,Mobile
S005652,U0147,Delhi,Dubai,2026-01-23,2026-02-12,Economy,Mobile
S005653,U0346,Hyderabad,Dubai,2026-04-05,2026-07-13,Business,Mobile
S005654,U0348,Mumbai,Paris,2026-06-09,2026-07-20,Business,Desktop
S005655,U0254,Delhi,Singapore,2026-06-08,2026-06-23,Economy,Desktop
S005656,U0399,Delhi,Bangkok,2026-01-17,2026-05-21,Economy,Mobile
S005657,U0334,Bengaluru,London,2026-04-22,2026-08-02,Business,Mobile
S005658,U0176,Mumbai,Paris,2026-04-13,2026-06-17,Business,Mobile
S005659,U0125,Mumbai,Paris,2026-02-27,2026-04-30,Business,Desktop
S005660,U0251,Delhi,London,2026-03-27,2026-04-12,Economy,Mobile
S005661,U0398,Mumbai,New York,2026-02-04,2026-03-07,Economy,Mobile
S005662,U0131,Delhi,London,2026-01-30,2026-07-28,Business,Desktop
S005663,U0050,Delhi,London,2026-07-11,2026-07-28,First,Mobile
S005664,U0093,Delhi,Tokyo,2026-06-30,2026-10-15,Economy,Mobile
S005665,U0380,Mumbai,Singapore,2026-06-28,2026-07-13,Business,Mobile
S005666,U0310,Delhi,Paris,2026-04-14,2026-09-02,Economy,Desktop
S005667,U0390,Delhi,Bangkok,2026-06-14,2026-08-30,Economy,Mobile
S005668,U0433,Bengaluru,Dubai,2026-08-06,2027-01-21,Business,Desktop
S005669,U0407,Delhi,Bangkok,2026-05-02,2026-07-30,Economy,Mobile
S005670,U0220,Mumbai,Singapore,2026-05-14,2026-06-09,Business,Mobile
S005671,U0334,Mumbai,London,2026-02-03,2026-06-03,Economy,Desktop
S005672,U0334,Delhi,Dubai,2026-02-25,2026-05-31,Economy,Mobile
S005673,U0020,Delhi,Singapore,2026-08-12,2026-08-23,Business,Mobile
S005674,U0205,Mumbai,London,2026-01-25,2026-05-23,Economy,Mobile
S005675,U0091,Delhi,New York,2026-04-25,2026-06-25,Business,Mobile
S005676,U0444,Bengaluru,London,2026-01-13,2026-04-18,Economy,Desktop
S005677,U0355,Hyderabad,Dubai,2026-03-04,2026-03-25,Business,Mobile
S005678,U0173,Delhi,Paris,2026-08-18,2026-08-28,Economy,Desktop
S005679,U0189,Mumbai,New York,2026-04-12,2026-07-05,Business,Desktop
S005680,U0312,Mumbai,London,2026-07-13,2026-11-16,Business,Desktop
S005681,U0002,Delhi,London,2026-05-02,2026-08-29,First,Desktop
S005682,U0361,Mumbai,Dubai,2026-04-30,2026-05-27,Business,Desktop
S005683,U0429,Delhi,Paris,2026-05-13,2026-10-03,Economy,Mobile
S005684,U0168,Delhi,Dubai,2026-07-22,2026-10-02,Economy,Mobile
S005685,U0368,Delhi,Paris,2026-01-11,2026-05-04,Business,Mobile
S005686,U0024,Delhi,New York,2026-08-04,2027-01-20,Business,Desktop
S005687,U0413,Delhi,Dubai,2026-07-25,2026-11-20,Economy,Desktop
S005688,U0451,Mumbai,Dubai,2026-04-19,2026-08-20,Economy,Mobile
S005689,U0365,Mumbai,Singapore,2026-08-10,2026-12-22,Business,Desktop
S005690,U0068,Delhi,Singapore,2026-04-14,2026-07-31,Business,Desktop
S005691,U0370,Mumbai,Paris,2026-04-21,2026-07-14,Business,Mobile
S005692,U0194,Delhi,Paris,2026-06-21,2026-08-03,Economy,Mobile
S005693,U0084,Delhi,New York,2026-08-15,2026-08-27,Economy,Mobile
S005694,U0438,Delhi,Bangkok,2026-08-01,2026-10-28,Economy,Desktop
S005695,U0437,Delhi,New York,2026-03-10,2026-06-10,Economy,Mobile
S005696,U0207,Hyderabad,Dubai,2026-04-12,2026-07-09,Business,Mobile
S005697,U0049,Mumbai,Dubai,2026-01-02,2026-02-28,Business,Tablet
S005698,U0032,Delhi,Paris,2026-06-17,2026-08-28,Economy,Desktop
S005699,U0317,Mumbai,London,2026-02-06,2026-05-19,Economy,Mobile
S005700,U0170,Mumbai,Dubai,2026-04-28,2026-09-26,Economy,Mobile
S005701,U0129,Delhi,Dubai,2026-02-18,2026-04-30,First,Mobile
S005702,U0447,Delhi,New York,2026-08-14,2026-08-29,Economy,Tablet
S005703,U0102,Mumbai,Dubai,2026-03-16,2026-08-10,Economy,Desktop
S005704,U0035,Delhi,Dubai,2026-06-13,2026-09-28,Business,Desktop
S005705,U0307,Hyderabad,Dubai,2026-03-16,2026-08-27,Business,Mobile
S005706,U0199,Mumbai,Paris,2026-07-20,2026-08-26,Business,Mobile
S005707,U0301,Delhi,Paris,2026-07-17,2026-12-21,Economy,Mobile
S005708,U0077,Mumbai,Paris,2026-02-03,2026-04-13,Economy,Mobile
S005709,U0369,Hyderabad,Dubai,2026-02-27,2026-08-08,Economy,Mobile
S005710,U0321,Delhi,New York,2026-04-21,2026-06-25,First,Desktop
S005711,U0014,Mumbai,Dubai,2026-06-14,2026-06-30,Business,Mobile
S005712,U0349,Delhi,Bangkok,2026-04-06,2026-07-10,Business,Mobile
S005713,U0131,Delhi,Paris,2026-03-01,2026-07-09,Economy,Desktop
S005714,U0238,Delhi,Singapore,2026-05-20,2026-09-03,Business,Mobile
S005715,U0280,Mumbai,Singapore,2026-08-25,2026-11-29,Economy,Desktop
S005716,U0065,Delhi,Singapore,2026-02-01,2026-03-05,Economy,Mobile
S005717,U0432,Bengaluru,Dubai,2026-07-28,2026-10-19,Economy,Mobile
S005718,U0138,Mumbai,London,2026-05-12,2026-06-04,Business,Mobile
S005719,U0269,Hyderabad,Dubai,2026-04-16,2026-10-07,Economy,Tablet
S005720,U0228,Bengaluru,Dubai,2026-02-02,2026-04-17,Business,Desktop
S005721,U0201,Mumbai,New York,2026-02-12,2026-03-13,Business,Mobile
S005722,U0142,Delhi,New York,2026-04-22,2026-10-08,Economy,Mobile
S005723,U0100,Mumbai,London,2026-04-17,2026-05-02,Business,Desktop
S005724,U0138,Delhi,London,2026-01-09,2026-03-01,Economy,Mobile
S005725,U0168,Delhi,Dubai,2026-08-14,2027-02-01,Economy,Tablet
S005726,U0407,Delhi,Paris,2026-08-19,2027-01-19,Business,Tablet
S005727,U0099,Mumbai,Singapore,2026-06-28,2026-09-17,Business,Desktop
S005728,U0311,Delhi,Dubai,2026-08-10,2026-09-12,Economy,Tablet
S005729,U0319,Mumbai,Dubai,2026-04-24,2026-09-18,Business,Mobile
S005730,U0327,Bengaluru,Dubai,2026-05-05,2026-09-28,Business,Mobile
S005731,U0426,Mumbai,London,2026-01-20,2026-02-04,Economy,Mobile
S005732,U0355,Delhi,Tokyo,2026-06-16,2026-09-22,Economy,Mobile
S005733,U0066,Mumbai,Dubai,2026-05-31,2026-08-22,Business,Tablet
S005734,U0335,Delhi,New York,2026-02-10,2026-05-11,Economy,Mobile
S005735,U0329,Delhi,London,2026-02-13,2026-05-07,Business,Desktop
S005736,U0047,Mumbai,Singapore,2026-05-05,2026-10-13,Business,Desktop
S005737,U0337,Mumbai,New York,2026-02-04,2026-03-11,Economy,Mobile
S005738,U0382,Mumbai,Dubai,2026-05-31,2026-11-03,First,Mobile
S005739,U0231,Delhi,New York,2026-02-27,2026-05-17,Economy,Mobile
S005740,U0308,Mumbai,New York,2026-02-17,2026-05-22,Business,Mobile
S005741,U0146,Bengaluru,London,2026-08-19,2026-12-09,Economy,Mobile
S005742,U0207,Mumbai,Paris,2026-08-03,2027-01-03,Business,Mobile
S005743,U0146,Mumbai,London,2026-02-27,2026-04-12,Economy,Desktop
S005744,U0152,Delhi,New York,2026-04-11,2026-07-21,Business,Desktop
S005745,U0279,Hyderabad,Dubai,2026-02-26,2026-04-12,Economy,Mobile
S005746,U0140,Delhi,Tokyo,2026-08-03,2026-12-30,Economy,Mobile
S005747,U0151,Bengaluru,Dubai,2026-06-16,2026-08-15,Economy,Desktop
S005748,U0021,Mumbai,London,2026-06-05,2026-11-18,Business,Mobile
S005749,U0254,Mumbai,Paris,2026-03-05,2026-06-29,Economy,Mobile
S005750,U0064,Mumbai,New York,2026-03-03,2026-06-29,Business,Desktop
S005751,U0218,Delhi,London,2026-03-24,2026-09-20,Business,Tablet
S005752,U0072,Delhi,Bangkok,2026-04-23,2026-06-20,Business,Desktop
S005753,U0478,Bengaluru,London,2026-04-22,2026-10-07,Economy,Mobile
S005754,U0162,Delhi,Dubai,2026-03-03,2026-04-13,Business,Mobile
S005755,U0130,Delhi,London,2026-04-04,2026-05-17,Economy,Mobile
S005756,U0069,Delhi,Bangkok,2026-08-01,2026-10-24,Business,Tablet
S005757,U0415,Delhi,London,2026-08-04,2026-10-10,Business,Mobile
S005758,U0225,Delhi,London,2026-03-26,2026-07-21,Economy,Mobile
S005759,U0246,Delhi,Singapore,2026-01-26,2026-05-26,Economy,Desktop
S005760,U0068,Delhi,Dubai,2026-06-28,2026-07-13,Economy,Tablet
S005761,U0454,Bengaluru,Dubai,2026-05-01,2026-05-26,Economy,Desktop
S005762,U0471,Mumbai,Singapore,2026-02-19,2026-06-26,Business,Mobile
S005763,U0493,Delhi,New York,2026-04-25,2026-08-14,Economy,Mobile
S005764,U0403,Bengaluru,Dubai,2026-02-05,2026-07-17,First,Desktop
S005765,U0384,Mumbai,Singapore,2026-06-03,2026-08-28,Economy,Desktop
S005766,U0107,Mumbai,London,2026-02-02,2026-03-06,First,Mobile
S005767,U0109,Mumbai,Paris,2026-05-03,2026-10-22,Business,Mobile
S005768,U0328,Delhi,Singapore,2026-04-10,2026-05-26,Business,Desktop
S005769,U0103,Mumbai,London,2026-03-09,2026-04-09,Economy,Mobile
S005770,U0141,Delhi,Paris,2026-03-14,2026-06-27,Business,Desktop
S005771,U0065,Mumbai,Paris,2026-05-16,2026-09-17,Economy,Mobile
S005772,U0134,Mumbai,Paris,2026-07-13,2026-09-26,Economy,Mobile
S005773,U0199,Hyderabad,Dubai,2026-08-09,2026-10-25,Business,Tablet
S005774,U0368,Mumbai,Paris,2026-01-23,2026-06-29,Business,Mobile
S005775,U0155,Delhi,Paris,2026-03-11,2026-06-14,Economy,Desktop
S005776,U0079,Delhi,Bangkok,2026-02-24,2026-05-06,Business,Mobile
S005777,U0436,Delhi,London,2026-06-20,2026-11-23,Business,Mobile
S005778,U0382,Mumbai,London,2026-08-16,2026-10-25,Economy,Desktop
S005779,U0482,Delhi,Paris,2026-04-20,2026-06-23,Economy,Desktop
S005780,U0250,Delhi,New York,2026-05-29,2026-11-07,Business,Desktop
S005781,U0377,Delhi,Dubai,2026-05-30,2026-09-25,Economy,Mobile
S005782,U0087,Mumbai,Dubai,2026-01-09,2026-05-18,Business,Mobile
S005783,U0304,Mumbai,London,2026-06-11,2026-09-22,Business,Desktop
S005784,U0241,Delhi,New York,2026-07-06,2026-10-26,Business,Mobile
S005785,U0088,Delhi,Bangkok,2026-06-03,2026-06-13,Economy,Desktop
S005786,U0463,Bengaluru,Dubai,2026-05-09,2026-09-21,Business,Mobile
S005787,U0483,Delhi,Paris,2026-08-16,2026-09-17,Economy,Tablet
S005788,U0324,Delhi,Bangkok,2026-04-18,2026-05-27,Economy,Desktop
S005789,U0172,Mumbai,Singapore,2026-05-13,2026-06-15,Economy,Mobile
S005790,U0357,Mumbai,London,2026-06-18,2026-08-05,Business,Desktop
S005791,U0017,Delhi,Singapore,2026-07-10,2026-09-25,Business,Mobile
S005792,U0223,Mumbai,New York,2026-05-30,2026-08-08,Economy,Mobile
S005793,U0294,Delhi,Dubai,2026-03-09,2026-04-09,Economy,Mobile
S005794,U0394,Delhi,New York,2026-06-25,2026-09-11,Economy,Desktop
S005795,U0310,Bengaluru,London,2026-03-07,2026-06-26,Economy,Mobile
S005796,U0498,Delhi,Singapore,2026-05-24,2026-10-09,Business,Desktop
S005797,U0219,Bengaluru,Dubai,2026-07-27,2026-08-14,Business,Mobile
S005798,U0234,Mumbai,New York,2026-02-22,2026-04-27,First,Mobile
S005799,U0390,Mumbai,Dubai,2026-05-08,2026-08-17,First,Desktop
S005800,U0248,Mumbai,Singapore,2026-08-02,2026-12-25,Business,Mobile
S005801,U0390,Bengaluru,London,2026-08-23,2026-12-08,Economy,Desktop
S005802,U0052,Mumbai,London,2026-03-06,2026-06-28,Economy,Desktop
S005803,U0015,Delhi,London,2026-07-26,2026-09-29,Economy,Desktop
S005804,U0324,Delhi,New York,2026-03-05,2026-07-06,Economy,Mobile
S005805,U0441,Bengaluru,Dubai,2026-08-04,2027-01-21,Business,Mobile
S005806,U0112,Mumbai,Singapore,2026-03-09,2026-07-02,First,Desktop
S005807,U0184,Delhi,Tokyo,2026-07-10,2026-08-07,Business,Desktop
S005808,U0360,Delhi,Bangkok,2026-03-03,2026-05-13,Economy,Mobile
S005809,U0007,Delhi,Dubai,2026-07-29,2026-09-23,Economy,Desktop
S005810,U0051,Bengaluru,London,2026-03-22,2026-04-01,Business,Mobile
S005811,U0314,Delhi,Singapore,2026-03-12,2026-06-28,Business,Mobile
S005812,U0241,Mumbai,Dubai,2026-04-24,2026-06-12,Economy,Desktop
S005813,U0245,Bengaluru,London,2026-06-22,2026-10-11,Business,Mobile
S005814,U0448,Delhi,Paris,2026-02-21,2026-08-20,Business,Mobile
S005815,U0365,Delhi,Dubai,2026-04-26,2026-05-06,Economy,Mobile
S005816,U0367,Bengaluru,Dubai,2026-05-05,2026-09-29,Economy,Mobile
S005817,U0410,Delhi,Paris,2026-07-21,2027-01-09,Business,Desktop
S005818,U0186,Bengaluru,Dubai,2026-05-07,2026-11-02,Business,Mobile
S005819,U0287,Mumbai,London,2026-03-06,2026-08-12,Economy,Tablet
S005820,U0450,Bengaluru,Dubai,2026-05-10,2026-07-22,Business,Desktop
S005821,U0092,Mumbai,London,2026-06-26,2026-08-26,Business,Mobile
S005822,U0106,Delhi,London,2026-01-22,2026-05-04,Business,Mobile
S005823,U0013,Delhi,Paris,2026-08-12,2027-02-01,Economy,Mobile
S005824,U0146,Bengaluru,London,2026-06-06,2026-08-16,First,Desktop
S005825,U0478,Delhi,New York,2026-06-12,2026-09-01,Economy,Mobile
S005826,U0119,Mumbai,Singapore,2026-07-28,2026-12-11,Business,Mobile
S005827,U0203,Delhi,London,2026-03-17,2026-07-21,Business,Mobile
S005828,U0141,Mumbai,New York,2026-06-01,2026-09-01,Economy,Desktop
S005829,U0115,Delhi,Singapore,2026-04-04,2026-06-11,Economy,Desktop
S005830,U0152,Delhi,New York,2026-08-24,2027-02-20,Business,Desktop
S005831,U0057,Delhi,Singapore,2026-06-07,2026-10-03,Business,Desktop
S005832,U0382,Hyderabad,Dubai,2026-07-31,2027-01-12,Economy,Mobile
S005833,U0157,Mumbai,New York,2026-06-19,2026-12-05,Economy,Desktop
S005834,U0440,Delhi,Paris,2026-03-12,2026-07-22,Economy,Mobile
S005835,U0310,Bengaluru,Dubai,2026-04-16,2026-10-12,Economy,Mobile
S005836,U0133,Delhi,New York,2026-02-19,2026-05-13,First,Desktop
S005837,U0163,Delhi,London,2026-04-12,2026-08-18,Business,Mobile
S005838,U0275,Delhi,London,2026-07-18,2026-12-28,First,Mobile
S005839,U0183,Bengaluru,London,2026-07-07,2026-07-21,Economy,Desktop
S005840,U0077,Mumbai,Dubai,2026-04-23,2026-06-22,Business,Mobile
S005841,U0325,Delhi,New York,2026-01-30,2026-06-20,Economy,Mobile
S005842,U0044,Delhi,Dubai,2026-01-12,2026-04-11,Business,Tablet
S005843,U0206,Mumbai,Dubai,2026-06-26,2026-10-13,Economy,Mobile
S005844,U0038,Mumbai,Singapore,2026-08-11,2027-01-15,Economy,Desktop
S005845,U0318,Hyderabad,Dubai,2026-03-23,2026-07-07,Business,Desktop
S005846,U0022,Mumbai,New York,2026-02-15,2026-03-25,Economy,Mobile
S005847,U0073,Bengaluru,Dubai,2026-06-20,2026-08-27,Business,Mobile
S005848,U0241,Bengaluru,Dubai,2026-05-10,2026-11-05,Business,Desktop
S005849,U0424,Delhi,Dubai,2026-04-07,2026-05-13,Business,Desktop
S005850,U0154,Mumbai,London,2026-07-22,2026-11-11,First,Mobile
S005851,U0237,Delhi,Paris,2026-08-14,2026-09-28,Economy,Mobile
S005852,U0381,Delhi,Bangkok,2026-03-21,2026-08-07,Economy,Mobile
S005853,U0005,Mumbai,Singapore,2026-02-23,2026-03-23,Business,Desktop
S005854,U0221,Hyderabad,Dubai,2026-02-04,2026-07-16,Business,Mobile
S005855,U0310,Delhi,London,2026-02-21,2026-07-27,Economy,Desktop
S005856,U0086,Mumbai,Dubai,2026-06-10,2026-10-22,Business,Tablet
S005857,U0177,Mumbai,New York,2026-08-01,2026-09-05,Economy,Desktop
S005858,U0259,Delhi,Singapore,2026-03-25,2026-09-18,Economy,Desktop
S005859,U0220,Delhi,Dubai,2026-03-13,2026-04-30,Economy,Mobile
S005860,U0038,Mumbai,London,2026-06-28,2026-09-02,Economy,Mobile
S005861,U0142,Delhi,London,2026-01-26,2026-05-31,Economy,Desktop
S005862,U0431,Mumbai,New York,2026-08-13,2026-11-04,Economy,Mobile
S005863,U0398,Delhi,Tokyo,2026-07-09,2026-10-19,Economy,Mobile
S005864,U0235,Delhi,Tokyo,2026-03-02,2026-06-02,Economy,Desktop
S005865,U0203,Bengaluru,London,2026-06-03,2026-09-29,Economy,Mobile
S005866,U0329,Delhi,Singapore,2026-02-06,2026-05-07,Business,Desktop
S005867,U0294,Mumbai,Singapore,2026-06-07,2026-06-19,Economy,Mobile
S005868,U0448,Delhi,Dubai,2026-04-05,2026-06-23,Economy,Mobile
S005869,U0495,Mumbai,London,2026-08-13,2027-01-22,Economy,Mobile
S005870,U0172,Delhi,Dubai,2026-01-11,2026-04-04,Economy,Tablet
S005871,U0125,Delhi,Bangkok,2026-06-30,2026-08-06,Economy,Desktop
S005872,U0326,Bengaluru,Dubai,2026-02-10,2026-03-27,Economy,Mobile
S005873,U0065,Mumbai,Singapore,2026-05-13,2026-07-08,Business,Mobile
S005874,U0281,Delhi,Paris,2026-03-07,2026-05-30,Business,Desktop
S005875,U0272,Delhi,Dubai,2026-05-21,2026-09-30,First,Mobile
S005876,U0244,Mumbai,New York,2026-07-10,2026-12-28,Economy,Mobile
S005877,U0015,Bengaluru,London,2026-07-29,2026-11-21,Economy,Mobile
S005878,U0226,Delhi,Singapore,2026-08-06,2026-11-08,Economy,Desktop
S005879,U0465,Mumbai,Dubai,2026-06-02,2026-06-23,Business,Mobile
S005880,U0131,Delhi,Tokyo,2026-06-21,2026-08-17,Economy,Mobile
S005881,U0195,Delhi,Paris,2026-05-22,2026-06-20,Economy,Desktop
S005882,U0293,Delhi,Tokyo,2026-03-10,2026-08-16,Economy,Mobile
S005883,U0209,Mumbai,Paris,2026-02-28,2026-08-27,Business,Desktop
S005884,U0439,Hyderabad,Dubai,2026-07-03,2026-12-07,Business,Mobile
S005885,U0381,Delhi,Dubai,2026-08-22,2026-09-07,First,Mobile
S005886,U0113,Delhi,London,2026-06-29,2026-09-16,Economy,Mobile
S005887,U0244,Mumbai,London,2026-03-07,2026-07-04,Economy,Desktop
S005888,U0166,Delhi,Dubai,2026-03-09,2026-05-31,Business,Mobile
S005889,U0191,Mumbai,Singapore,2026-01-12,2026-02-19,Economy,Mobile
S005890,U0257,Mumbai,New York,2026-07-22,2026-11-18,Economy,Desktop
S005891,U0327,Delhi,New York,2026-03-09,2026-08-31,Business,Desktop
S005892,U0218,Mumbai,Dubai,2026-06-20,2026-08-30,Business,Mobile
S005893,U0495,Delhi,Tokyo,2026-03-14,2026-06-29,First,Mobile
S005894,U0359,Delhi,London,2026-07-21,2027-01-11,Business,Mobile
S005895,U0275,Mumbai,London,2026-08-07,2026-08-31,Economy,Desktop
S005896,U0052,Delhi,Paris,2026-01-06,2026-06-25,Business,Desktop
S005897,U0374,Delhi,Paris,2026-01-15,2026-02-21,Business,Desktop
S005898,U0158,Delhi,Singapore,2026-02-11,2026-04-12,Business,Desktop
S005899,U0363,Delhi,London,2026-01-31,2026-04-10,Business,Desktop
S005900,U0055,Mumbai,New York,2026-08-02,2026-08-09,First,Mobile
S005901,U0014,Delhi,London,2026-06-30,2026-07-15,Business,Mobile
S005902,U0269,Delhi,Dubai,2026-01-06,2026-05-12,Economy,Desktop
S005903,U0340,Bengaluru,London,2026-02-02,2026-05-11,Business,Mobile
S005904,U0090,Mumbai,London,2026-06-06,2026-09-10,Business,Mobile
S005905,U0027,Mumbai,London,2026-01-21,2026-05-23,Economy,Mobile
S005906,U0089,Mumbai,Singapore,2026-05-04,2026-07-05,Economy,Desktop
S005907,U0393,Hyderabad,Dubai,2026-07-01,2026-07-10,Business,Mobile
S005908,U0041,Hyderabad,Dubai,2026-07-03,2026-11-16,Economy,Mobile
S005909,U0304,Delhi,Singapore,2026-04-04,2026-06-03,Business,Desktop
S005910,U0268,Mumbai,Dubai,2026-05-29,2026-07-11,Economy,Mobile
S005911,U0138,Mumbai,Dubai,2026-04-10,2026-09-22,First,Tablet
S005912,U0006,Mumbai,Dubai,2026-02-24,2026-06-07,Economy,Mobile
S005913,U0242,Mumbai,Singapore,2026-07-05,2026-07-23,Economy,Desktop
S005914,U0162,Mumbai,New York,2026-03-05,2026-07-01,Economy,Mobile
S005915,U0180,Mumbai,Singapore,2026-03-27,2026-09-03,Business,Desktop
S005916,U0297,Delhi,Singapore,2026-06-23,2026-09-15,Economy,Desktop
S005917,U0467,Mumbai,Dubai,2026-07-31,2026-12-24,Economy,Desktop
S005918,U0006,Mumbai,Singapore,2026-01-22,2026-04-28,Business,Desktop
S005919,U0386,Mumbai,London,2026-03-01,2026-07-29,Economy,Mobile
S005920,U0271,Delhi,New York,2026-04-14,2026-07-01,Business,Desktop
S005921,U0401,Bengaluru,London,2026-05-19,2026-08-25,Business,Desktop
S005922,U0272,Mumbai,New York,2026-02-16,2026-03-01,Business,Desktop
S005923,U0156,Delhi,Singapore,2026-06-08,2026-06-29,Economy,Desktop
S005924,U0085,Delhi,New York,2026-08-20,2026-12-09,Business,Mobile
S005925,U0200,Mumbai,Dubai,2026-03-18,2026-09-04,Economy,Desktop
S005926,U0010,Delhi,London,2026-01-18,2026-04-06,Business,Mobile
S005927,U0138,Mumbai,New York,2026-01-22,2026-04-12,Business,Desktop
S005928,U0242,Mumbai,Dubai,2026-07-03,2026-11-29,Economy,Mobile
S005929,U0394,Bengaluru,London,2026-05-25,2026-08-01,Economy,Mobile
S005930,U0201,Delhi,Paris,2026-02-07,2026-07-09,Economy,Tablet
S005931,U0156,Bengaluru,Dubai,2026-01-25,2026-03-18,Economy,Desktop
S005932,U0408,Bengaluru,Dubai,2026-02-01,2026-05-23,Business,Desktop
S005933,U0275,Delhi,London,2026-05-23,2026-09-15,Business,Desktop
S005934,U0225,Hyderabad,Dubai,2026-01-13,2026-03-21,Economy,Desktop
S005935,U0068,Bengaluru,London,2026-07-05,2026-11-09,Business,Desktop
S005936,U0184,Mumbai,New York,2026-08-06,2026-09-24,First,Mobile
S005937,U0195,Delhi,London,2026-06-27,2026-12-22,Business,Desktop
S005938,U0042,Delhi,Bangkok,2026-01-11,2026-04-26,Economy,Desktop
S005939,U0396,Delhi,Dubai,2026-01-13,2026-03-15,Business,Desktop
S005940,U0402,Delhi,Bangkok,2026-04-07,2026-09-27,Business,Desktop
S005941,U0151,Delhi,London,2026-06-27,2026-11-13,Business,Desktop
S005942,U0084,Mumbai,New York,2026-04-11,2026-08-07,Economy,Mobile
S005943,U0134,Delhi,Singapore,2026-02-07,2026-07-06,Economy,Tablet
S005944,U0309,Delhi,Dubai,2026-01-01,2026-04-08,Business,Mobile
S005945,U0354,Delhi,Dubai,2026-02-08,2026-03-02,Business,Desktop
S005946,U0298,Delhi,Singapore,2026-01-27,2026-03-31,Business,Mobile
S005947,U0450,Delhi,Dubai,2026-02-05,2026-05-24,Economy,Desktop
S005948,U0030,Mumbai,Singapore,2026-06-09,2026-07-10,Business,Desktop
S005949,U0009,Mumbai,New York,2026-06-18,2026-07-16,Economy,Desktop
S005950,U0475,Delhi,Bangkok,2026-05-23,2026-11-04,Economy,Mobile
S005951,U0170,Bengaluru,London,2026-01-31,2026-06-09,Business,Mobile
S005952,U0290,Delhi,London,2026-05-07,2026-10-22,Economy,Desktop
S005953,U0168,Mumbai,Dubai,2026-01-06,2026-04-09,Economy,Desktop
S005954,U0344,Mumbai,Dubai,2026-03-30,2026-08-27,Business,Mobile
S005955,U0497,Bengaluru,Dubai,2026-06-29,2026-11-25,Business,Mobile
S005956,U0145,Delhi,Bangkok,2026-07-29,2026-10-25,Economy,Mobile
S005957,U0413,Mumbai,London,2026-05-30,2026-09-15,Business,Desktop
S005958,U0228,Delhi,London,2026-01-31,2026-06-27,Economy,Desktop
S005959,U0306,Delhi,Tokyo,2026-04-10,2026-05-10,Economy,Tablet
S005960,U0076,Delhi,Tokyo,2026-03-14,2026-08-08,Economy,Desktop
S005961,U0223,Delhi,Bangkok,2026-02-15,2026-03-29,Economy,Mobile
S005962,U0177,Delhi,Bangkok,2026-07-14,2026-09-07,First,Desktop
S005963,U0457,Mumbai,Singapore,2026-04-07,2026-07-04,Economy,Mobile
S005964,U0189,Delhi,Dubai,2026-08-07,2026-09-30,Business,Mobile
S005965,U0467,Mumbai,Singapore,2026-06-20,2026-10-01,Business,Mobile
S005966,U0302,Mumbai,Singapore,2026-01-01,2026-04-19,First,Mobile
S005967,U0046,Mumbai,Singapore,2026-06-21,2026-12-15,Economy,Mobile
S005968,U0382,Mumbai,Singapore,2026-02-26,2026-03-10,Business,Mobile
S005969,U0017,Mumbai,Dubai,2026-01-09,2026-03-24,First,Mobile
S005970,U0066,Mumbai,London,2026-01-05,2026-01-25,Economy,Mobile
S005971,U0360,Delhi,Singapore,2026-03-20,2026-04-25,Economy,Desktop
S005972,U0261,Delhi,Dubai,2026-04-24,2026-08-18,Economy,Mobile
S005973,U0123,Delhi,Singapore,2026-01-09,2026-01-23,Business,Mobile
S005974,U0231,Mumbai,Paris,2026-06-22,2026-09-02,Business,Mobile
S005975,U0438,Delhi,Bangkok,2026-08-08,2026-12-24,Economy,Desktop
S005976,U0125,Delhi,Singapore,2026-07-24,2026-10-22,Business,Desktop
S005977,U0112,Mumbai,Singapore,2026-01-24,2026-05-30,Economy,Desktop
S005978,U0272,Delhi,London,2026-08-25,2026-10-23,Business,Desktop
S005979,U0081,Bengaluru,London,2026-07-21,2026-11-03,Economy,Mobile
S005980,U0246,Delhi,Singapore,2026-06-19,2026-09-07,Business,Mobile
S005981,U0347,Delhi,Singapore,2026-05-30,2026-10-26,Economy,Mobile
S005982,U0391,Delhi,Tokyo,2026-04-13,2026-07-28,Economy,Tablet
S005983,U0500,Delhi,Singapore,2026-03-01,2026-07-14,Business,Desktop
S005984,U0392,Delhi,London,2026-03-27,2026-08-30,Economy,Mobile
S005985,U0328,Mumbai,Dubai,2026-06-14,2026-07-05,Economy,Mobile
S005986,U0215,Mumbai,Singapore,2026-04-26,2026-05-24,Business,Mobile
S005987,U0352,Delhi,Singapore,2026-06-16,2026-08-09,Economy,Mobile
S005988,U0235,Delhi,Bangkok,2026-03-25,2026-07-26,Business,Desktop
S005989,U0367,Delhi,New York,2026-07-21,2026-10-08,Economy,Desktop
S005990,U0082,Bengaluru,London,2026-07-21,2026-11-24,Economy,Desktop
S005991,U0294,Delhi,Singapore,2026-03-31,2026-04-23,Economy,Mobile
S005992,U0310,Delhi,Singapore,2026-03-30,2026-07-20,First,Mobile
S005993,U0076,Delhi,Singapore,2026-06-30,2026-09-27,Economy,Desktop
S005994,U0015,Delhi,Singapore,2026-04-30,2026-08-18,Business,Desktop
S005995,U0220,Mumbai,Singapore,2026-06-05,2026-09-10,First,Mobile
S005996,U0230,Mumbai,Dubai,2026-07-24,2027-01-11,Economy,Mobile
S005997,U0434,Delhi,Tokyo,2026-05-23,2026-07-17,Business,Desktop
S005998,U0440,Mumbai,London,2026-07-07,2026-09-10,Business,Mobile
S005999,U0479,Delhi,Dubai,2026-07-07,2026-11-28,Economy,Mobile
S006000,U0372,Delhi,London,2026-01-06,2026-02-11,Economy,Mobile
